<?xml version="1.0" encoding="utf-8" ?>
<kml xmlns="http://www.opengis.net/kml/2.2">
<Document id="root_doc">
<Folder><name>cordoba_limite_departamental</name>
  <Placemark id="cordoba_limite_departamental.1">
	<name>Córdoba</name>
	<Style><LineStyle><color>ff0000ff</color></LineStyle><PolyStyle><fill>0</fill></PolyStyle></Style>
      <Polygon><outerBoundaryIs><LinearRing><coordinates>-76.5152362,7.5877049 -76.5145954,7.5853681 -76.5115055,7.5825321 -76.5111164,7.5787886 -76.5107044,7.5770189 -76.5098804,7.5756576 -76.5074314,7.5730257 -76.5080951,7.5698039 -76.507912,7.5676258 -76.5082325,7.5649939 -76.5082782,7.5634057 -76.5074771,7.5618628 -76.5023044,7.5583233 -76.5018939,7.5575831 -76.5002001,7.5556495 -76.498114,7.5514178 -76.492783,7.546571 -76.4923529,7.5449555 -76.4929022,7.5422327 -76.4913916,7.5400771 -76.4884161,7.538693 -76.4855093,7.5383981 -76.4828772,7.5374904 -76.4819159,7.5369913 -76.4805655,7.5363786 -76.4778189,7.534223 -76.4765601,7.5318178 -76.4748205,7.5236491 -76.4732184,7.5212665 -76.4708609,7.5184301 -76.4635138,7.5179762 -76.4620947,7.5172274 -76.461637,7.5135741 -76.4618201,7.5111688 -76.4604468,7.5087407 -76.4558462,7.5052689 -76.4538779,7.5027727 -76.4522528,7.5005035 -76.4528479,7.4994369 -76.4536948,7.494195 -76.4524359,7.4889756 -76.4525961,7.4845505 -76.4488882,7.4826216 -76.4464163,7.4809422 -76.4441275,7.4785367 -76.4426169,7.4761766 -76.4391506,7.4700173 -76.4385428,7.4689373 -76.4386801,7.4605858 -76.4379019,7.4572951 -76.4328894,7.4542313 -76.4300513,7.4496924 -76.4253134,7.4439732 -76.4234137,7.4410909 -76.4236197,7.4387759 -76.4260916,7.4361432 -76.419866,7.4267017 -76.4174856,7.4245683 -76.4169592,7.4205964 -76.4150824,7.4176005 -76.4121985,7.4153535 -76.4097037,7.4139463 -76.4054007,7.4136966 -76.4041486,7.4137323 -76.4035215,7.413059 -76.4025536,7.4114799 -76.4018768,7.4100878 -76.4011424,7.4093721 -76.4004092,7.4087599 -76.3995637,7.4074246 -76.3979938,7.4062015 -76.3968311,7.4043524 -76.3958919,7.4038462 -76.3951563,7.403027 -76.3936888,7.4016991 -76.3924262,7.4001618 -76.3912685,7.3987267 -76.3898997,7.3969835 -76.3879065,7.3950409 -76.3861269,7.3936132 -76.3839338,7.3922938 -76.3809254,7.3917098 -76.3780125,7.3914672 -76.0549272,7.364624 -75.9664633,7.3572315 -75.9663022,7.357218 -75.8456092,7.3631296 -75.839573,7.362541 -75.8377107,7.3678554 -75.8349313,7.3713807 -75.8347298,7.3737484 -75.8356267,7.3772139 -75.8358031,7.3796191 -75.8360114,7.3824589 -75.8367891,7.3874329 -75.83326,7.397928 -75.833009,7.398434 -75.832885,7.399192 -75.832761,7.399698 -75.832638,7.400582 -75.83239,7.401973 -75.832012,7.402353 -75.831508,7.402986 -75.831133,7.403998 -75.830758,7.405136 -75.830257,7.406528 -75.829379,7.408299 -75.828621,7.408807 -75.827863,7.408936 -75.827357,7.409065 -75.826851,7.409067 -75.826853,7.409446 -75.82711,7.410455 -75.827492,7.411211 -75.827874,7.411715 -75.828508,7.412091 -75.829397,7.412972 -75.829653,7.413602 -75.829908,7.414106 -75.830164,7.414863 -75.830421,7.415873 -75.830677,7.416756 -75.831693,7.417762 -75.831947,7.417887 -75.831569,7.418268 -75.831316,7.418395 -75.830685,7.418776 -75.830308,7.419283 -75.82993,7.419663 -75.828923,7.421183 -75.828547,7.421942 -75.82855,7.422826 -75.828807,7.423709 -75.829191,7.424844 -75.828945,7.42674 -75.828823,7.427877 -75.82845,7.429394 -75.828201,7.430531 -75.827071,7.432809 -75.826567,7.433316 -75.826064,7.434076 -75.82556,7.434583 -75.825058,7.435595 -75.824554,7.436229 -75.824175,7.436357 -75.823669,7.436485 -75.823671,7.436864 -75.823926,7.437368 -75.824182,7.437998 -75.824566,7.439133 -75.824948,7.43989 -75.82546,7.441277 -75.825971,7.442538 -75.825718,7.442665 -75.825339,7.442793 -75.824834,7.442921 -75.824202,7.443176 -75.823444,7.443432 -75.822939,7.443686 -75.822432,7.443688 -75.822306,7.443815 -75.819143,7.443828 -75.817373,7.444087 -75.81636,7.444091 -75.814339,7.444983 -75.812447,7.446632 -75.811689,7.446888 -75.811436,7.446889 -75.810551,7.447145 -75.810045,7.447147 -75.809539,7.447023 -75.809159,7.446898 -75.806877,7.445896 -75.805864,7.445648 -75.803965,7.445655 -75.8025697,7.4463112 -75.8019625,7.4465968 -75.7980833,7.4499453 -75.7953068,7.4534373 -75.7935426,7.4551044 -75.7911886,7.4568809 -75.7888896,7.4590321 -75.788148,7.4614985 -75.7881879,7.4638263 -75.7882867,7.4695851 -75.7879658,7.4769392 -75.7822925,7.4866219 -75.7803442,7.4930037 -75.7786913,7.4966643 -75.7769197,7.5002118 -75.7772865,7.5018887 -75.7778511,7.5030243 -75.7790589,7.503942 -75.7829766,7.5081588 -75.7850338,7.5137372 -75.7836874,7.5164509 -75.779629,7.519683 -75.7748933,7.5232563 -75.7713404,7.52564 -75.7686441,7.5302211 -75.7686546,7.5329295 -75.7719137,7.5422275 -75.772603,7.54896 -75.769355,7.559834 -75.767478,7.565525 -75.766727,7.567675 -75.765599,7.570584 -75.764722,7.572987 -75.763341,7.575897 -75.762838,7.576783 -75.762338,7.578174 -75.761959,7.578428 -75.760314,7.578687 -75.758037,7.579075 -75.755506,7.579085 -75.752719,7.578716 -75.749806,7.578096 -75.748033,7.57785 -75.744995,7.577988 -75.74221,7.577999 -75.739048,7.578643 -75.736522,7.580168 -75.734881,7.581311 -75.733494,7.582705 -75.731348,7.584355 -75.729961,7.58575 -75.729075,7.585753 -75.727935,7.585631 -75.725906,7.584502 -75.723239,7.582365 -75.719687,7.580358 -75.715375,7.578227 -75.714742,7.578103 -75.71132,7.576853 -75.705998,7.57561 -75.701567,7.5755 -75.698783,7.575637 -75.69461,7.576789 -75.692969,7.577932 -75.691833,7.578946 -75.689686,7.580344 -75.688046,7.581613 -75.6866968,7.5832807 -75.6830592,7.584731 -75.6802686,7.5875016 -75.6786165,7.5920373 -75.6760929,7.5956436 -75.6737623,7.5972509 -75.6707576,7.5971287 -75.6673463,7.5953427 -75.6613305,7.5933496 -75.6535558,7.5895476 -75.6496232,7.5866476 -75.642835,7.5838975 -75.6329876,7.5801799 -75.6262735,7.5799206 -75.6235484,7.5797941 -75.616332,7.5801772 -75.6098816,7.5800468 -75.6056539,7.5807076 -75.6039615,7.5811947 -75.602438,7.582322 -75.6024165,7.5832153 -75.6023522,7.5835131 -75.6023092,7.5838534 -75.6021805,7.5846617 -75.6020947,7.5854912 -75.6023736,7.5861506 -75.6022019,7.5870439 -75.601923,7.5882244 -75.6016016,7.5933044 -75.6029828,7.6000714 -75.6018554,7.6022198 -75.5987861,7.6027886 -75.5956137,7.6025038 -75.592642,7.6039803 -75.5879107,7.6101398 -75.5832027,7.6117379 -75.5764747,7.6171449 -75.5713135,7.6250872 -75.569337,7.624679 -75.567993,7.624348 -75.566202,7.62402 -75.563284,7.621462 -75.5630154,7.6211515 -75.56261,7.620683 -75.560594,7.62002 -75.5606818,7.6212656 -75.560712,7.621694 -75.559491,7.624489 -75.5586,7.62572 -75.558236,7.625733 -75.558113,7.62603 -75.558067,7.626518 -75.558068,7.627035 -75.558175,7.627321 -75.55855,7.627741 -75.558675,7.627932 -75.558734,7.628113 -75.558764,7.628725 -75.558852,7.629146 -75.558862,7.629337 -75.558729,7.629644 -75.5586835,7.6299261 -75.5583435,7.6303146 -75.5580791,7.6305714 -75.558042,7.630689 -75.558053,7.630986 -75.558304,7.63152 -75.558315,7.631807 -75.5585581,7.6322843 -75.5584407,7.632501 -75.5585745,7.6327504 -75.5584417,7.6331178 -75.558454,7.633328 -75.558609,7.633634 -75.558677,7.63393 -75.558687,7.634246 -75.5586801,7.6349344 -75.5587883,7.6351058 -75.5590228,7.6351818 -75.5591719,7.6354938 -75.5591945,7.6357968 -75.5593052,7.6359938 -75.5594983,7.6360088 -75.5596695,7.6358895 -75.5601786,7.6361334 -75.5603829,7.6364733 -75.5606633,7.6367952 -75.560788,7.637194 -75.5610681,7.6376129 -75.5611366,7.6379753 -75.5613269,7.6381044 -75.561512,7.6385091 -75.5618184,7.6384956 -75.5619275,7.6384334 -75.56225,7.638682 -75.5622349,7.638782 -75.5618599,7.6389359 -75.5618484,7.639513 -75.562034,7.63973 -75.562017,7.640395 -75.562209,7.64071 -75.562556,7.640977 -75.562787,7.641263 -75.563057,7.641788 -75.563164,7.642199 -75.563165,7.6424 -75.563127,7.642496 -75.563128,7.642955 -75.563503,7.643164 -75.563704,7.643231 -75.5639108,7.6434591 -75.5640185,7.6436763 -75.5642054,7.6440464 -75.5640165,7.6440963 -75.5636344,7.6440173 -75.5636139,7.6447015 -75.5634841,7.6449989 -75.5634774,7.6452166 -75.5635664,7.6454752 -75.5637945,7.6459267 -75.5638331,7.6460502 -75.5635443,7.6464283 -75.5634988,7.6470406 -75.5633949,7.647642 -75.5632083,7.6479766 -75.5633072,7.6481114 -75.563439,7.648249 -75.56355,7.648421 -75.563574,7.648545 -75.563393,7.648876 -75.563394,7.649072 -75.563611,7.649583 -75.563612,7.649774 -75.5634438,7.6498181 -75.5630565,7.649643 -75.5624268,7.6488509 -75.5623081,7.6488609 -75.5622617,7.6489294 -75.5625522,7.649645 -75.5625617,7.650125 -75.5624535,7.650277 -75.5622784,7.6504249 -75.5620448,7.6504813 -75.5618626,7.6506544 -75.561832,7.65077 -75.5619029,7.6509995 -75.5620275,7.6511781 -75.56215,7.651291 -75.562337,7.651419 -75.562414,7.65151 -75.562415,7.651706 -75.562363,7.651802 -75.562305,7.651883 -75.562057,7.652037 -75.562004,7.652114 -75.562058,7.652315 -75.562255,7.652582 -75.562255,7.652678 -75.562179,7.652745 -75.561987,7.652817 -75.5615514,7.6528339 -75.5612734,7.6527967 -75.5608854,7.652911 -75.5607985,7.6530943 -75.560804,7.6534581 -75.5608316,7.6538611 -75.5611724,7.6542443 -75.5612958,7.6545178 -75.5612309,7.6549416 -75.5609681,7.6555372 -75.5608725,7.655881 -75.5606433,7.6559825 -75.5602134,7.6559782 -75.560022,7.6560954 -75.5598775,7.6565266 -75.5599735,7.6568817 -75.5599596,7.6573183 -75.5595237,7.6579735 -75.559629,7.658517 -75.559778,7.658646 -75.559822,7.658837 -75.559688,7.65901 -75.559679,7.659201 -75.559713,7.659297 -75.560026,7.65963 -75.560118,7.659807 -75.560128,7.659893 -75.560099,7.659999 -75.559527,7.66079 -75.559408,7.661058 -75.559375,7.661469 -75.559409,7.66156 -75.559486,7.661627 -75.559582,7.661631 -75.559673,7.661607 -75.559841,7.661492 -75.560037,7.661472 -75.560177,7.661648 -75.560245,7.661878 -75.560241,7.662165 -75.560352,7.662461 -75.560362,7.662662 -75.560348,7.662758 -75.560139,7.663112 -75.560063,7.663304 -75.560082,7.663476 -75.560055,7.663787 -75.560084,7.663954 -75.560349,7.664293 -75.560441,7.664503 -75.56049,7.664804 -75.560476,7.664905 -75.560361,7.665073 -75.560352,7.665288 -75.560381,7.665383 -75.560574,7.66556 -75.560948,7.665716 -75.561222,7.665907 -75.561381,7.666165 -75.561478,7.666509 -75.561489,7.666915 -75.561409,7.667217 -75.561162,7.667768 -75.561162,7.667968 -75.561126,7.668139 -75.561002,7.668421 -75.560985,7.66901 -75.561044,7.669349 -75.56114,7.669569 -75.561266,7.66975 -75.561352,7.669826 -75.561679,7.669978 -75.561967,7.670159 -75.562284,7.670301 -75.562399,7.670339 -75.563003,7.670356 -75.5631,7.670413 -75.563119,7.670547 -75.563101,7.670662 -75.562575,7.671104 -75.562451,7.671296 -75.562432,7.671411 -75.562451,7.671535 -75.562587,7.671841 -75.562587,7.67207 -75.562493,7.67252 -75.56235,7.672798 -75.562294,7.673277 -75.562296,7.673736 -75.560892,7.67371 -75.559772,7.673602 -75.55899,7.673939 -75.558991,7.674274 -75.558657,7.674722 -75.558434,7.674946 -75.558212,7.675282 -75.5581,7.675394 -75.557989,7.675617 -75.55799,7.675729 -75.55788,7.676287 -75.557096,7.67629 -75.55676,7.676068 -75.556535,7.675622 -75.556423,7.675623 -75.555526,7.675291 -75.555526,7.675179 -75.555302,7.67518 -75.554743,7.675293 -75.554519,7.675294 -75.554184,7.675295 -75.553736,7.675185 -75.552169,7.675191 -75.551052,7.675529 -75.550047,7.676203 -75.549712,7.676539 -75.549266,7.676875 -75.54826,7.677213 -75.547702,7.677662 -75.547255,7.677886 -75.54692,7.677999 -75.546474,7.678336 -75.546027,7.67856 -75.545469,7.679009 -75.544911,7.679569 -75.544465,7.679794 -75.544242,7.680018 -75.543907,7.680465 -75.543573,7.68069 -75.54335,7.680914 -75.543238,7.681137 -75.542904,7.681473 -75.542683,7.682255 -75.542459,7.682368 -75.542572,7.682702 -75.542574,7.683149 -75.542464,7.683596 -75.542129,7.68382 -75.542129,7.683932 -75.541458,7.684045 -75.541235,7.684158 -75.541011,7.684159 -75.540452,7.684272 -75.539114,7.685616 -75.539114,7.685839 -75.539228,7.686174 -75.538669,7.686399 -75.538558,7.686734 -75.538335,7.68707 -75.538114,7.687852 -75.537892,7.688188 -75.537669,7.688412 -75.537228,7.690422 -75.537116,7.690423 -75.537118,7.690981 -75.537007,7.691316 -75.536785,7.691763 -75.536674,7.692099 -75.536452,7.692434 -75.536119,7.693328 -75.535898,7.69411 -75.535902,7.69545 -75.536015,7.695784 -75.536128,7.696007 -75.53624,7.696118 -75.536465,7.696453 -75.536691,7.69701 -75.537252,7.697566 -75.537365,7.697901 -75.53759,7.698235 -75.53804,7.698791 -75.538042,7.699349 -75.538156,7.699907 -75.537934,7.700466 -75.537934,7.700689 -75.538048,7.701135 -75.538049,7.70147 -75.537938,7.701582 -75.537939,7.701917 -75.538051,7.70214 -75.538164,7.702251 -75.538389,7.702809 -75.538166,7.703033 -75.538167,7.703367 -75.53828,7.70359 -75.538281,7.703925 -75.538506,7.704148 -75.538733,7.70504 -75.538958,7.705486 -75.539072,7.706043 -75.539076,7.707383 -75.539189,7.707606 -75.539191,7.708052 -75.539304,7.708498 -75.539305,7.708721 -75.539418,7.709168 -75.539308,7.709614 -75.539312,7.710954 -75.53965,7.711511 -75.539763,7.711845 -75.539988,7.712179 -75.539991,7.713072 -75.53988,7.713408 -75.539658,7.713855 -75.539437,7.714525 -75.539437,7.714749 -75.539215,7.715307 -75.539216,7.715531 -75.539106,7.715978 -75.538548,7.716538 -75.538549,7.716761 -75.538215,7.717097 -75.538103,7.71732 -75.538104,7.717432 -75.537993,7.717656 -75.537658,7.717992 -75.537435,7.718327 -75.537324,7.718551 -75.537101,7.718775 -75.536766,7.718888 -75.536766,7.718999 -75.536655,7.719111 -75.536433,7.719559 -75.536209,7.719671 -75.535986,7.720007 -75.535763,7.720119 -75.535428,7.720232 -75.53487,7.720792 -75.534647,7.721127 -75.534201,7.721575 -75.533643,7.722024 -75.532862,7.722585 -75.531857,7.723146 -75.531632,7.722924 -75.53152,7.722924 -75.531185,7.723148 -75.530738,7.72315 -75.530627,7.723374 -75.529509,7.723935 -75.528838,7.724049 -75.528503,7.724274 -75.527832,7.724276 -75.527274,7.724613 -75.527163,7.724836 -75.527051,7.724948 -75.52694,7.725172 -75.526717,7.725396 -75.526493,7.725508 -75.52627,7.725732 -75.526047,7.725845 -75.525825,7.726292 -75.525379,7.726963 -75.525268,7.727187 -75.525382,7.727633 -75.525047,7.727969 -75.525047,7.728081 -75.524602,7.72864 -75.524491,7.728864 -75.524156,7.729088 -75.524156,7.7292 -75.523934,7.729647 -75.523711,7.729983 -75.5236,7.730318 -75.523153,7.730543 -75.522931,7.730878 -75.522372,7.731215 -75.521253,7.731219 -75.520805,7.731109 -75.520133,7.730888 -75.519574,7.73089 -75.519237,7.730779 -75.518454,7.730782 -75.518118,7.730671 -75.517671,7.730785 -75.517223,7.730674 -75.516551,7.730677 -75.515991,7.730344 -75.515207,7.730346 -75.514647,7.730125 -75.514088,7.730127 -75.513528,7.730017 -75.51252,7.729909 -75.511849,7.729911 -75.511177,7.729802 -75.510505,7.729804 -75.510057,7.729694 -75.50961,7.729807 -75.508939,7.729809 -75.50782,7.730036 -75.507149,7.730039 -75.506702,7.730152 -75.506142,7.730154 -75.504912,7.730381 -75.504129,7.730495 -75.503569,7.730497 -75.490484,7.732885 -75.49015,7.733332 -75.490151,7.733779 -75.489819,7.734785 -75.488922,7.734229 -75.488697,7.734007 -75.487801,7.733675 -75.487239,7.733007 -75.486782,7.7333531 -75.4866019,7.7336628 -75.4859014,7.7339663 -75.4858602,7.7343704 -75.4854754,7.7346604 -75.4851354,7.735421 -75.4839569,7.7391792 -75.4841851,7.7397767 -75.4835913,7.7400483 -75.4837199,7.7404385 -75.4834218,7.7405938 -75.4827224,7.7413282 -75.482904,7.741951 -75.482234,7.742288 -75.481899,7.742401 -75.481005,7.742851 -75.480074,7.742289 -75.479446,7.742377 -75.479081,7.742364 -75.478683,7.742154 -75.478202,7.74174 -75.477808,7.741521 -75.477208,7.741313 -75.476848,7.741285 -75.47658,7.741339 -75.476355,7.741483 -75.476259,7.741631 -75.476097,7.742058 -75.475906,7.74223 -75.475571,7.74237 -75.475165,7.74273 -75.474853,7.74288 -75.474614,7.74289 -75.474508,7.742857 -75.474412,7.742785 -75.474277,7.742595 -75.474358,7.742307 -75.474371,7.742125 -75.47427,7.741877 -75.473933,7.741452 -75.473822,7.741204 -75.473667,7.740984 -75.473451,7.740818 -75.473283,7.740751 -75.473029,7.740728 -75.472703,7.740887 -75.4720938,7.7410441 -75.4717254,7.7410022 -75.4716368,7.7411587 -75.471583,7.741427 -75.471545,7.741604 -75.471561,7.741962 -75.47148,7.742125 -75.471346,7.742245 -75.471001,7.742309 -75.470573,7.742152 -75.470338,7.742024 -75.4697495,7.7419397 -75.4691147,7.7436236 -75.4694921,7.7454161 -75.4699051,7.7464048 -75.4702324,7.7468778 -75.4710478,7.747218 -75.4702967,7.7486957 -75.4704469,7.7487834 -75.4707554,7.7487768 -75.47097,7.7488432 -75.4714032,7.7490917 -75.4718833,7.749699 -75.471911,7.751369 -75.472182,7.752697 -75.472052,7.753627 -75.471669,7.75881 -75.471805,7.759474 -75.471939,7.759872 -75.472207,7.760403 -75.47221,7.7612 -75.472345,7.761598 -75.472479,7.761864 -75.472347,7.762263 -75.472748,7.76266 -75.472749,7.762926 -75.472616,7.763059 -75.472216,7.762928 -75.472083,7.762928 -75.471817,7.763327 -75.471685,7.763594 -75.471019,7.763596 -75.470886,7.763729 -75.470887,7.763995 -75.471289,7.764525 -75.471422,7.764657 -75.471423,7.765056 -75.471292,7.765455 -75.471159,7.765588 -75.471161,7.766253 -75.471295,7.766518 -75.471561,7.766384 -75.471694,7.766251 -75.471826,7.765985 -75.472625,7.765982 -75.472626,7.766248 -75.472494,7.766514 -75.472494,7.766647 -75.472629,7.766912 -75.472629,7.767045 -75.472896,7.767177 -75.473295,7.767176 -75.473297,7.767707 -75.472898,7.767974 -75.472632,7.767842 -75.472498,7.767843 -75.472232,7.767711 -75.471832,7.767712 -75.471566,7.767979 -75.4713,7.76798 -75.471568,7.768377 -75.471568,7.76851 -75.471436,7.768776 -75.470237,7.76878 -75.470238,7.769046 -75.470105,7.769179 -75.470105,7.769312 -75.469707,7.769712 -75.469441,7.769846 -75.469309,7.770112 -75.469176,7.770245 -75.469176,7.770378 -75.469044,7.770644 -75.468912,7.771043 -75.468514,7.771443 -75.468515,7.771709 -75.468249,7.771843 -75.468116,7.771976 -75.468115,7.771843 -75.467849,7.771844 -75.467848,7.771578 -75.467714,7.771446 -75.467581,7.771446 -75.467448,7.771314 -75.467447,7.771181 -75.467047,7.771182 -75.466782,7.771449 -75.466516,7.771583 -75.466384,7.771849 -75.466118,7.771983 -75.465985,7.772116 -75.465986,7.772382 -75.465854,7.772781 -75.465323,7.773314 -75.465057,7.773448 -75.464923,7.773448 -75.464657,7.773316 -75.464389,7.773051 -75.464123,7.773052 -75.463857,7.773319 -75.463724,7.773319 -75.463457,7.773187 -75.463192,7.773454 -75.463194,7.774118 -75.463327,7.77425 -75.463727,7.774249 -75.463994,7.774514 -75.463597,7.77518 -75.463464,7.775313 -75.463598,7.775578 -75.463865,7.775577 -75.46413,7.775311 -75.464397,7.77531 -75.464401,7.776771 -75.464136,7.777038 -75.464004,7.777304 -75.464004,7.77757 -75.463872,7.777836 -75.464007,7.778234 -75.464141,7.7785 -75.464142,7.778765 -75.464276,7.779031 -75.464143,7.779164 -75.463743,7.779165 -75.463744,7.779431 -75.463612,7.779697 -75.463479,7.779698 -75.463213,7.779964 -75.46308,7.779965 -75.462947,7.780231 -75.462549,7.780631 -75.462283,7.780764 -75.462017,7.780765 -75.461884,7.780899 -75.461885,7.781164 -75.462019,7.78143 -75.46202,7.781695 -75.461886,7.781696 -75.46229,7.782757 -75.463092,7.783685 -75.463627,7.784347 -75.465375,7.789125 -75.465776,7.789788 -75.466445,7.79045 -75.466845,7.790715 -75.467778,7.790844 -75.468844,7.790841 -75.469112,7.791239 -75.468584,7.792702 -75.468189,7.794298 -75.467928,7.79576 -75.467133,7.797091 -75.466469,7.797891 -75.465008,7.799224 -75.464079,7.800157 -75.46408,7.800556 -75.46435,7.801485 -75.465021,7.80321 -75.465558,7.804271 -75.465693,7.804935 -75.465562,7.8056 -75.464901,7.807064 -75.464506,7.808527 -75.464112,7.810388 -75.463852,7.812249 -75.464126,7.81464 -75.464131,7.816101 -75.464005,7.818228 -75.463344,7.819691 -75.462417,7.821422 -75.462685,7.822085 -75.462821,7.822749 -75.462823,7.823413 -75.463226,7.824475 -75.46403,7.825801 -75.463632,7.826201 -75.46257,7.827533 -75.462306,7.828198 -75.462042,7.828996 -75.462178,7.829926 -75.462447,7.830589 -75.462583,7.831253 -75.462451,7.831785 -75.461919,7.83192 -75.461387,7.83232 -75.460858,7.833651 -75.46006,7.834052 -75.459796,7.834717 -75.460332,7.835778 -75.461136,7.836971 -75.461404,7.837635 -75.461672,7.8379 -75.46194,7.83843 -75.4608971,7.8391261 -75.460079,7.839765 -75.459149,7.840432 -75.458882,7.840433 -75.45848,7.83977 -75.457016,7.840174 -75.45635,7.840176 -75.456081,7.839645 -75.455544,7.838318 -75.451151,7.839396 -75.44982,7.839799 -75.448884,7.838739 -75.448082,7.838077 -75.447547,7.837414 -75.447144,7.836353 -75.447136,7.834094 -75.447001,7.83343 -75.446466,7.8329 -75.445798,7.832371 -75.445395,7.831309 -75.445125,7.830247 -75.445783,7.827721 -75.446048,7.827188 -75.445913,7.826657 -75.442963,7.821086 -75.442696,7.820689 -75.442161,7.820026 -75.441494,7.819895 -75.440961,7.82003 -75.440429,7.820032 -75.439897,7.820432 -75.439499,7.820965 -75.439233,7.821098 -75.438966,7.821099 -75.438699,7.820834 -75.438432,7.820702 -75.438165,7.820437 -75.437897,7.82004 -75.437631,7.820041 -75.437497,7.819908 -75.436432,7.820044 -75.435766,7.820312 -75.435234,7.820447 -75.4347,7.820316 -75.434434,7.820317 -75.434034,7.820185 -75.433234,7.820188 -75.432436,7.820456 -75.431905,7.821122 -75.431506,7.821256 -75.430972,7.821125 -75.430307,7.821393 -75.429376,7.821794 -75.428843,7.821796 -75.428045,7.822197 -75.428049,7.823526 -75.427384,7.82406 -75.426853,7.82446 -75.425921,7.824861 -75.425125,7.825927 -75.424862,7.826991 -75.424864,7.827522 -75.424733,7.828187 -75.424468,7.828586 -75.423806,7.829917 -75.42314,7.830052 -75.422207,7.82979 -75.421407,7.829792 -75.420343,7.830327 -75.420079,7.830992 -75.419812,7.830993 -75.419277,7.830463 -75.418879,7.83073 -75.418346,7.830998 -75.418081,7.831397 -75.417816,7.831664 -75.417684,7.832196 -75.417819,7.832727 -75.417821,7.833391 -75.41769,7.833923 -75.417426,7.834721 -75.417428,7.835385 -75.417697,7.836182 -75.417965,7.836712 -75.417966,7.837111 -75.418101,7.837642 -75.418236,7.83804 -75.418502,7.838039 -75.418503,7.838172 -75.418638,7.838703 -75.419038,7.838968 -75.419305,7.839233 -75.419307,7.839631 -75.419709,7.840294 -75.41971,7.840826 -75.419578,7.841092 -75.419312,7.841358 -75.418913,7.841625 -75.418514,7.84176 -75.41838,7.841627 -75.418246,7.841229 -75.417845,7.840965 -75.417579,7.840965 -75.417313,7.841232 -75.417048,7.841631 -75.416915,7.841765 -75.416917,7.842296 -75.417452,7.842826 -75.417719,7.843224 -75.417454,7.84349 -75.416921,7.843625 -75.416255,7.843627 -75.415989,7.843761 -75.415857,7.844027 -75.415591,7.844426 -75.415193,7.844826 -75.414661,7.845226 -75.414529,7.845626 -75.414531,7.846157 -75.414665,7.846422 -75.414533,7.846821 -75.414268,7.847221 -75.414937,7.848149 -75.415338,7.848546 -75.416406,7.84934 -75.417342,7.850134 -75.417878,7.851195 -75.416284,7.852662 -75.415616,7.852 -75.414549,7.85187 -75.413348,7.85121 -75.412953,7.852806 -75.41269,7.854002 -75.412556,7.853737 -75.411888,7.853075 -75.411488,7.852943 -75.411489,7.853342 -75.411223,7.853475 -75.411225,7.85414 -75.41096,7.854672 -75.410432,7.856002 -75.410034,7.856535 -75.409768,7.856935 -75.409636,7.857068 -75.409503,7.857334 -75.408841,7.858532 -75.408308,7.858667 -75.406041,7.858009 -75.405775,7.858143 -75.405378,7.859074 -75.404985,7.861202 -75.404587,7.861867 -75.404057,7.862799 -75.404058,7.862932 -75.402585,7.860811 -75.402318,7.860546 -75.40031,7.857496 -75.400176,7.857496 -75.399909,7.857099 -75.399643,7.857365 -75.399245,7.858031 -75.398715,7.85883 -75.398185,7.859761 -75.398186,7.860293 -75.398055,7.860825 -75.39779,7.86149 -75.397659,7.862155 -75.397128,7.862688 -75.396862,7.862822 -75.395795,7.862559 -75.39486,7.861898 -75.394061,7.8619 -75.394061,7.862033 -75.392991,7.860841 -75.392857,7.860575 -75.392725,7.860842 -75.392327,7.861507 -75.392062,7.861907 -75.392064,7.862438 -75.3918,7.863236 -75.391801,7.863635 -75.391668,7.863635 -75.391269,7.863902 -75.390871,7.864435 -75.39034,7.865234 -75.389941,7.865368 -75.389676,7.865767 -75.389278,7.866433 -75.389279,7.866699 -75.388749,7.867763 -75.388085,7.86843 -75.386886,7.868434 -75.386221,7.868967 -75.385422,7.869102 -75.385156,7.869236 -75.385156,7.869369 -75.38449,7.869504 -75.384224,7.869638 -75.384092,7.870037 -75.38343,7.871367 -75.382769,7.872831 -75.383438,7.873892 -75.379981,7.876294 -75.376922,7.878297 -75.375327,7.879365 -75.37506,7.879366 -75.371721,7.876984 -75.369584,7.875264 -75.369451,7.875264 -75.369052,7.875531 -75.368387,7.875932 -75.368121,7.876198 -75.367456,7.876732 -75.366659,7.877399 -75.366393,7.877798 -75.366127,7.877932 -75.365995,7.878065 -75.365728,7.877933 -75.365328,7.877934 -75.365194,7.877669 -75.364927,7.877537 -75.364659,7.877272 -75.363992,7.876742 -75.363458,7.876478 -75.362925,7.87648 -75.362258,7.876349 -75.361858,7.87635 -75.361324,7.876086 -75.360524,7.875823 -75.359857,7.875692 -75.359191,7.875694 -75.358792,7.875828 -75.358659,7.876094 -75.358527,7.876493 -75.358395,7.87676 -75.358129,7.877026 -75.35773,7.87716 -75.357331,7.877427 -75.357065,7.877694 -75.357066,7.877827 -75.356534,7.878227 -75.351985,7.872261 -75.348924,7.873732 -75.346396,7.875069 -75.338548,7.879477 -75.33935,7.880538 -75.340286,7.881598 -75.340689,7.882527 -75.341768,7.886776 -75.342712,7.89036 -75.343791,7.894742 -75.343926,7.895406 -75.344195,7.896202 -75.34393,7.896602 -75.343533,7.897533 -75.343402,7.898198 -75.343404,7.898995 -75.343538,7.89926 -75.343806,7.899658 -75.34394,7.899924 -75.343942,7.900588 -75.34381,7.900854 -75.343813,7.901917 -75.343681,7.902183 -75.343282,7.902583 -75.343282,7.902716 -75.34315,7.902982 -75.343017,7.902982 -75.342751,7.903382 -75.342619,7.903648 -75.342085,7.903517 -75.341819,7.903518 -75.341686,7.903651 -75.341287,7.903785 -75.340755,7.904318 -75.340489,7.904452 -75.34009,7.904586 -75.339824,7.904719 -75.339159,7.905386 -75.339027,7.905652 -75.338495,7.906052 -75.338363,7.906451 -75.337964,7.906851 -75.337698,7.906852 -75.337565,7.907118 -75.337433,7.907517 -75.337301,7.907783 -75.337305,7.909245 -75.337039,7.909511 -75.336908,7.910043 -75.336908,7.910176 -75.336644,7.910974 -75.335586,7.913635 -75.335455,7.9143 -75.33559,7.915096 -75.335459,7.915628 -75.335328,7.916293 -75.335329,7.916692 -75.335597,7.917222 -75.335999,7.917885 -75.336669,7.919345 -75.337072,7.920141 -75.337073,7.92054 -75.336806,7.920541 -75.336674,7.920807 -75.336541,7.920807 -75.336541,7.921073 -75.336676,7.921471 -75.336677,7.921737 -75.3362877,7.921865 -75.336144,7.922004 -75.336012,7.92227 -75.336014,7.923068 -75.33495,7.923602 -75.3343372,7.9240739 -75.334412,7.924295 -75.33455,7.924294 -75.334692,7.925123 -75.334971,7.925813 -75.335111,7.926366 -75.335393,7.928023 -75.335402,7.930787 -75.335542,7.931201 -75.335403,7.931202 -75.335265,7.93134 -75.335126,7.931341 -75.334988,7.931479 -75.334988,7.931618 -75.334713,7.932171 -75.334575,7.93231 -75.334298,7.932449 -75.334022,7.933003 -75.334023,7.933141 -75.333885,7.933418 -75.333747,7.933556 -75.333609,7.933833 -75.333471,7.933972 -75.333333,7.934248 -75.333334,7.934525 -75.333473,7.934663 -75.333613,7.935077 -75.333617,7.936321 -75.333479,7.936597 -75.333481,7.937288 -75.333344,7.937703 -75.333345,7.938256 -75.333069,7.938672 -75.332932,7.939087 -75.332517,7.939502 -75.332518,7.939779 -75.332242,7.940056 -75.331966,7.940471 -75.331689,7.940749 -75.331552,7.941164 -75.331556,7.942546 -75.331835,7.942959 -75.331837,7.94365 -75.332116,7.944341 -75.332256,7.944616 -75.332534,7.94503 -75.332951,7.945444 -75.332952,7.94572 -75.332676,7.945997 -75.332261,7.946551 -75.331847,7.947105 -75.331434,7.947936 -75.330743,7.948767 -75.330191,7.94946 -75.329777,7.950152 -75.329364,7.950982 -75.32909,7.952089 -75.327703,7.951816 -75.327009,7.951404 -75.326315,7.951268 -75.32576,7.951131 -75.325482,7.950856 -75.324233,7.950445 -75.323816,7.95017 -75.322984,7.949758 -75.3223083,7.9493319 -75.321873,7.949208 -75.321595,7.948933 -75.321455,7.948657 -75.320901,7.948797 -75.32007,7.948937 -75.319101,7.949355 -75.318131,7.949634 -75.317855,7.949773 -75.317716,7.949773 -75.317578,7.949912 -75.317578,7.95005 -75.31744,7.950327 -75.317303,7.950742 -75.316889,7.951296 -75.316612,7.951435 -75.316196,7.951436 -75.315919,7.951575 -75.315503,7.951577 -75.315087,7.95144 -75.314394,7.951442 -75.313561,7.950891 -75.313006,7.950755 -75.313006,7.950893 -75.313285,7.951445 -75.313292,7.953656 -75.313433,7.954623 -75.313437,7.955867 -75.3133,7.956558 -75.313304,7.95794 -75.313029,7.958632 -75.312893,7.9596 -75.312618,7.960292 -75.312205,7.961122 -75.31193,7.961952 -75.311517,7.962921 -75.311243,7.963889 -75.310967,7.964304 -75.311244,7.964304 -75.311383,7.964441 -75.31166,7.964441 -75.311799,7.964578 -75.311938,7.964578 -75.312216,7.964715 -75.312355,7.964991 -75.312771,7.96499 -75.313048,7.964851 -75.313325,7.96485 -75.313741,7.964711 -75.313743,7.965402 -75.313883,7.966092 -75.313886,7.96706 -75.311531,7.96762 -75.311672,7.968172 -75.311812,7.968862 -75.312092,7.969691 -75.312371,7.970381 -75.312651,7.971209 -75.313208,7.972037 -75.313488,7.972865 -75.314183,7.973692 -75.313355,7.974939 -75.312529,7.976599 -75.311701,7.978122 -75.310312,7.977159 -75.309201,7.976333 -75.308089,7.975645 -75.307536,7.975923 -75.306982,7.976063 -75.306567,7.976341 -75.306152,7.976757 -75.305598,7.976896 -75.305321,7.977035 -75.304215,7.978144 -75.303662,7.978561 -75.303109,7.979253 -75.302695,7.979807 -75.302004,7.9805 -75.301727,7.980639 -75.301589,7.980778 -75.301174,7.981056 -75.301174,7.981194 -75.301729,7.98133 -75.301315,7.981746 -75.301177,7.982023 -75.3009,7.9823 -75.300763,7.982577 -75.300487,7.982992 -75.30021,7.983131 -75.299795,7.983409 -75.299379,7.983548 -75.299103,7.983826 -75.298825,7.983826 -75.298134,7.984519 -75.297306,7.985766 -75.297031,7.986319 -75.296894,7.986873 -75.296756,7.987149 -75.296618,7.987564 -75.296343,7.988118 -75.295928,7.988672 -75.295652,7.988949 -75.295514,7.989226 -75.294686,7.990472 -75.294549,7.991025 -75.294411,7.991302 -75.294274,7.991717 -75.293581,7.991719 -75.293442,7.991581 -75.293164,7.991444 -75.29233,7.990617 -75.292051,7.990204 -75.291633,7.989514 -75.291216,7.9891 -75.290798,7.988549 -75.290241,7.987721 -75.289963,7.987169 -75.289823,7.986893 -75.289269,7.986895 -75.288853,7.987034 -75.288437,7.987036 -75.288022,7.987313 -75.287468,7.987591 -75.286776,7.98787 -75.285945,7.988148 -75.285253,7.988565 -75.284561,7.988844 -75.284006,7.988983 -75.283453,7.989261 -75.28276,7.98954 -75.282206,7.98968 -75.281099,7.990236 -75.280684,7.990513 -75.28013,7.990653 -75.279576,7.991069 -75.279299,7.991208 -75.278884,7.991348 -75.278193,7.992041 -75.278054,7.992041 -75.2775,7.992181 -75.277084,7.99232 -75.276391,7.992322 -75.275976,7.992462 -75.275698,7.992462 -75.27556,7.992601 -75.275284,7.993016 -75.27487,7.99357 -75.274316,7.993987 -75.273486,7.994542 -75.272794,7.994959 -75.27224,7.995237 -75.271823,7.994823 -75.271546,7.994962 -75.270854,7.995241 -75.2701938,7.9952613 -75.269607,7.995659 -75.268222,7.995939 -75.267667,7.995941 -75.266975,7.996081 -75.265449,7.996085 -75.263787,7.996366 -75.262677,7.99637 -75.262123,7.996509 -75.26143,7.996511 -75.261292,7.99665 -75.261293,7.997065 -75.261017,7.99748 -75.26088,7.998033 -75.260742,7.99831 -75.260743,7.998586 -75.260605,7.998863 -75.260606,7.99914 -75.260331,7.99997 -75.260332,8.000384 -75.260195,8.001076 -75.259781,8.001491 -75.259366,8.002045 -75.259229,8.002322 -75.258539,8.00343 -75.258262,8.003845 -75.258264,8.00426 -75.258126,8.004675 -75.25813,8.006057 -75.2580255,8.006225 -75.259243,8.007436 -75.258413,8.007991 -75.257721,8.008546 -75.25703,8.009239 -75.256477,8.009655 -75.255785,8.010209 -75.255093,8.010626 -75.25454,8.011042 -75.253848,8.011459 -75.253294,8.011875 -75.25274,8.012153 -75.252325,8.012431 -75.251218,8.013125 -75.25094,8.012849 -75.24969,8.012023 -75.248301,8.01106 -75.246772,8.009959 -75.245939,8.009546 -75.245801,8.009685 -75.245384,8.00941 -75.245246,8.009548 -75.244829,8.009273 -75.244551,8.008998 -75.244413,8.008998 -75.244413,8.009274 -75.243999,8.00969 -75.244004,8.011625 -75.243867,8.01204 -75.243315,8.012871 -75.243177,8.013286 -75.243039,8.013563 -75.2427026,8.0136765 -75.242903,8.014392 -75.243043,8.014806 -75.243044,8.015083 -75.243183,8.015359 -75.243323,8.015911 -75.2433949,8.0163532 -75.243187,8.016741 -75.24291,8.017018 -75.242774,8.017848 -75.242637,8.018401 -75.242223,8.019093 -75.242224,8.019508 -75.242087,8.019923 -75.242088,8.020337 -75.242228,8.02089 -75.242232,8.02241 -75.24182,8.023655 -75.241406,8.024209 -75.240852,8.024487 -75.239193,8.02615 -75.238917,8.026565 -75.238918,8.027118 -75.239058,8.027394 -75.239058,8.027532 -75.239613,8.027807 -75.24017,8.028496 -75.240727,8.029324 -75.241007,8.030429 -75.241009,8.030843 -75.240871,8.031258 -75.240876,8.033055 -75.240739,8.033608 -75.240601,8.033885 -75.240602,8.034161 -75.240465,8.034576 -75.240465,8.034853 -75.240328,8.035406 -75.24033,8.035959 -75.240192,8.036236 -75.240194,8.036927 -75.240056,8.037342 -75.239919,8.037618 -75.239782,8.03831 -75.239786,8.039692 -75.239512,8.040798 -75.239513,8.041213 -75.239376,8.041766 -75.2391,8.04232 -75.238824,8.042597 -75.23841,8.043289 -75.237303,8.044121 -75.236611,8.044538 -75.235919,8.045231 -75.235227,8.045647 -75.234813,8.046201 -75.234259,8.046618 -75.233705,8.046896 -75.23329,8.047173 -75.232459,8.04759 -75.232322,8.047867 -75.231906,8.048006 -75.231908,8.048697 -75.232325,8.049111 -75.232327,8.049802 -75.232467,8.050216 -75.232468,8.05063 -75.232608,8.051183 -75.232334,8.052289 -75.230673,8.0534 -75.230535,8.0534 -75.23054,8.055473 -75.23068,8.055887 -75.230682,8.05644 -75.230822,8.056854 -75.230825,8.05796 -75.230273,8.059067 -75.229443,8.059622 -75.228889,8.0599 -75.229305,8.060037 -75.228753,8.06073 -75.228614,8.060868 -75.228477,8.061145 -75.228062,8.061561 -75.227923,8.061561 -75.227923,8.061699 -75.227786,8.062114 -75.227787,8.062529 -75.227234,8.063083 -75.226958,8.063637 -75.22696,8.064328 -75.2271,8.064604 -75.227101,8.065019 -75.226964,8.065572 -75.226688,8.065987 -75.225996,8.06668 -75.225582,8.067234 -75.2248618,8.0678129 -75.22489,8.067927 -75.224475,8.068066 -75.224198,8.068344 -75.222812,8.068347 -75.222118,8.068211 -75.221562,8.067936 -75.219066,8.067943 -75.218372,8.067531 -75.218095,8.067531 -75.218094,8.067393 -75.217955,8.067394 -75.217679,8.067671 -75.217403,8.068086 -75.216989,8.068916 -75.216713,8.069332 -75.216298,8.069609 -75.216021,8.069748 -75.213386,8.069756 -75.213387,8.070032 -75.213527,8.070446 -75.213529,8.071414 -75.213114,8.071691 -75.212837,8.07183 -75.212422,8.072108 -75.212145,8.072247 -75.211729,8.072248 -75.211452,8.072525 -75.211175,8.072526 -75.210622,8.072942 -75.209235,8.072946 -75.208819,8.073085 -75.208542,8.073086 -75.208265,8.073363 -75.207017,8.073367 -75.206184,8.072816 -75.205906,8.072817 -75.205629,8.072679 -75.204519,8.072682 -75.204243,8.07296 -75.203967,8.073375 -75.20369,8.073652 -75.203552,8.073929 -75.203137,8.074345 -75.20286,8.074484 -75.202445,8.074623 -75.202029,8.074624 -75.201751,8.074487 -75.201335,8.074488 -75.201058,8.074765 -75.20106,8.075318 -75.200783,8.075595 -75.200368,8.075873 -75.199952,8.075874 -75.199674,8.075736 -75.199396,8.075461 -75.19898,8.075462 -75.19815,8.076017 -75.197458,8.076572 -75.197042,8.076711 -75.196765,8.07685 -75.196349,8.076851 -75.195656,8.076991 -75.195102,8.077131 -75.194547,8.077132 -75.19427,8.077271 -75.193577,8.077273 -75.193161,8.077413 -75.192607,8.077414 -75.19219,8.077277 -75.191913,8.077278 -75.191635,8.077002 -75.191079,8.076727 -75.19094,8.076589 -75.190108,8.076592 -75.189831,8.076454 -75.189553,8.076455 -75.18872,8.075904 -75.188581,8.075767 -75.188441,8.07549 -75.187887,8.075492 -75.188026,8.075768 -75.188166,8.076182 -75.188166,8.076459 -75.188445,8.076873 -75.188725,8.077701 -75.188865,8.078253 -75.189005,8.078668 -75.189283,8.07922 -75.189292,8.082398 -75.188877,8.082676 -75.188739,8.082953 -75.188601,8.083091 -75.188185,8.083369 -75.187908,8.083508 -75.187494,8.083924 -75.187217,8.084062 -75.187079,8.084339 -75.18694,8.084478 -75.186663,8.084479 -75.186109,8.084756 -75.184445,8.084761 -75.184029,8.0849 -75.183613,8.084901 -75.183059,8.085041 -75.182782,8.085042 -75.182366,8.085181 -75.1814121,8.0850636 -75.1785475,8.0856001 -75.177243,8.088097 -75.176967,8.088651 -75.176829,8.088789 -75.176829,8.088928 -75.177107,8.089065 -75.177385,8.089341 -75.177663,8.089755 -75.177942,8.09003 -75.178219,8.090168 -75.178498,8.090582 -75.178637,8.090858 -75.179054,8.091271 -75.179333,8.091685 -75.17975,8.092237 -75.180306,8.09265 -75.181558,8.09389 -75.181974,8.094166 -75.182392,8.094579 -75.182531,8.094855 -75.182947,8.094992 -75.183226,8.095544 -75.183228,8.096097 -75.182953,8.096927 -75.182955,8.097618 -75.182817,8.098171 -75.182679,8.09831 -75.182542,8.098725 -75.182543,8.099278 -75.182406,8.099693 -75.182129,8.100108 -75.181574,8.099971 -75.181296,8.099834 -75.18088,8.099697 -75.180464,8.099698 -75.180048,8.099561 -75.179353,8.099286 -75.178937,8.099287 -75.177133,8.098601 -75.176578,8.098603 -75.175884,8.098328 -75.174774,8.098331 -75.174359,8.09847 -75.173804,8.09861 -75.17325,8.098612 -75.172972,8.098474 -75.172833,8.098336 -75.172555,8.098199 -75.1724643,8.097895 -75.1721371,8.0976461 -75.1706744,8.0964503 -75.1705438,8.0966443 -75.1703775,8.0967027 -75.1685067,8.0969245 -75.1665741,8.0953166 -75.1663542,8.0947138 -75.1604533,8.0930143 -75.1617032,8.0914024 -75.1617998,8.0911767 -75.1618212,8.0909403 -75.1617864,8.0907146 -75.1588896,8.0849335 -75.1575378,8.0821903 -75.1568913,8.0810325 -75.156827,8.0811759 -75.1565775,8.0813326 -75.1564139,8.0813352 -75.1561296,8.0811918 -75.1556146,8.0806209 -75.1553544,8.080427 -75.1551721,8.0804801 -75.1550245,8.0806315 -75.1549977,8.0814415 -75.154928,8.0818717 -75.1548046,8.0822965 -75.154363,8.082891 -75.153238,8.083237 -75.152905,8.083163 -75.1523101,8.0827506 -75.1519963,8.0827055 -75.151484,8.0829179 -75.1513392,8.083141 -75.1510388,8.0832446 -75.1506874,8.0835579 -75.150446,8.0835951 -75.1499471,8.0834836 -75.1497862,8.0835367 -75.1496601,8.0837093 -75.1496682,8.0840014 -75.1496172,8.0841368 -75.1496038,8.0842856 -75.1498425,8.0845431 -75.1498559,8.0847237 -75.1495233,8.0851221 -75.1494375,8.0851406 -75.149188,8.085045 -75.1490459,8.085053 -75.1489198,8.0851167 -75.1487723,8.0854035 -75.1481165,8.0856691 -75.1480991,8.0861949 -75.1479945,8.0862693 -75.147731,8.086333 -75.147222,8.086411 -75.1468914,8.0865186 -75.1468434,8.0867395 -75.147157,8.087459 -75.1468611,8.0881665 -75.1455295,8.086641 -75.1413131,8.0905553 -75.1386201,8.0920955 -75.1380998,8.0923929 -75.136292,8.0930621 -75.1350689,8.0934445 -75.132156,8.0961557 -75.1317054,8.0965301 -75.1309973,8.0971037 -75.1294014,8.0972949 -75.1284197,8.0973347 -75.1276553,8.0973533 -75.1253217,8.0978897 -75.1242703,8.0962035 -75.1219422,8.090927 -75.1198635,8.0914289 -75.116744,8.0920689 -75.1157884,8.0920941 -75.1104838,8.0928868 -75.104363,8.0985324 -75.0973919,8.0967665 -75.0969601,8.0968382 -75.0963002,8.0970081 -75.0951523,8.0974277 -75.0924593,8.0983783 -75.088774,8.1003752 -75.0885433,8.1011506 -75.0809989,8.1012417 -75.070484,8.1013538 -75.0703914,8.1014055 -75.0703526,8.1014786 -75.0703378,8.1016286 -75.070319,8.1020933 -75.0702667,8.1028886 -75.0692824,8.1024226 -75.0685716,8.1019658 -75.0670266,8.1010338 -75.0667101,8.1008904 -75.0637329,8.1003726 -75.0576225,8.0997299 -75.0476933,8.0995096 -75.0454965,8.100269 -75.0427687,8.1037158 -75.041374,8.1051922 -75.0395232,8.1062331 -75.0405639,8.107274 -75.0399041,8.10823 -75.0437875,8.110453 -75.0432226,8.1128087 -75.0399336,8.112075 -75.0393811,8.111921 -75.0377423,8.1113846 -75.0369973,8.1110598 -75.0349018,8.1102109 -75.0299201,8.1084372 -75.0287783,8.1083468 -75.0282097,8.1082459 -75.0258923,8.1072528 -75.0254167,8.1072138 -75.024417,8.1080972 -75.0228426,8.1106251 -75.0133449,8.1083123 -75.0119892,8.1080369 -75.0112097,8.1094639 -75.0105935,8.1102448 -75.0101101,8.110811 -75.009504,8.1121334 -75.0087208,8.1140585 -75.0083265,8.1153915 -75.0078088,8.1152322 -75.0064033,8.1148512 -75.0061512,8.114806 -75.0058213,8.1146772 -75.0051722,8.1145153 -75.0028923,8.1138647 -75.0006668,8.1132599 -74.9973857,8.1123325 -74.9948591,8.1115837 -74.9903798,8.1103384 -74.9876332,8.1162014 -74.987011,8.1172954 -74.984817,8.116351 -74.9838701,8.1172768 -74.9824539,8.1168254 -74.9814534,8.1181079 -74.9808365,8.1186284 -74.9808472,8.1192179 -74.9807024,8.1196162 -74.9801821,8.1202747 -74.9788839,8.1211244 -74.9756223,8.123307 -74.971386,8.126193 -74.969723,8.127026 -74.967092,8.128691 -74.966537,8.128968 -74.965983,8.129108 -74.965567,8.129385 -74.965429,8.129524 -74.965152,8.129662 -74.96446,8.130355 -74.964183,8.130494 -74.963906,8.130771 -74.96363,8.131186 -74.963353,8.131463 -74.962522,8.132018 -74.961553,8.132987 -74.960307,8.133957 -74.959753,8.134373 -74.95906,8.134651 -74.958645,8.135067 -74.957259,8.135761 -74.957121,8.135899 -74.957261,8.136452 -74.95754,8.137142 -74.957818,8.137556 -74.957958,8.138109 -74.956293,8.138113 -74.9556,8.137976 -74.95449,8.137978 -74.953241,8.137843 -74.952964,8.137705 -74.952686,8.137429 -74.952268,8.136739 -74.951295,8.135774 -74.951156,8.135498 -74.950044,8.134394 -74.949766,8.13398 -74.949763,8.132875 -74.949622,8.131907 -74.949202,8.129835 -74.949198,8.128315 -74.949059,8.128177 -74.949059,8.127762 -74.948919,8.127486 -74.94878,8.127072 -74.9487627,8.1263181 -74.941459,8.1220285 -74.9405524,8.1213687 -74.9399744,8.1209412 -74.9390209,8.1202003 -74.9385528,8.1199096 -74.9368081,8.1185275 -74.9337262,8.1161961 -74.931736,8.1147011 -74.9315254,8.1146042 -74.9312049,8.1144568 -74.9310467,8.1143373 -74.9297297,8.113323 -74.9272674,8.1115545 -74.9235177,8.1081716 -74.9225401,8.1073846 -74.9214015,8.1066089 -74.9184495,8.0924781 -74.917618,8.0936619 -74.9171449,8.0943907 -74.9166259,8.0950789 -74.9161073,8.0959908 -74.9155886,8.0968575 -74.9151307,8.097506 -74.9146121,8.0981592 -74.9141768,8.0987737 -74.9133374,8.0997722 -74.9128876,8.1002489 -74.9122927,8.1009948 -74.9115754,8.1017636 -74.9108737,8.1024409 -74.9102786,8.1030953 -74.9096375,8.1037441 -74.9091718,8.1041926 -74.9086838,8.1045541 -74.9079363,8.1050077 -74.906853,8.10568 -74.9061049,8.1061291 -74.9054644,8.1064852 -74.9046172,8.106991 -74.9040071,8.1072567 -74.9034043,8.1075088 -74.9024203,8.1079278 -74.9017103,8.1084276 -74.9009703,8.1089851 -74.9001846,8.1096173 -74.8992463,8.1104894 -74.8987044,8.1111053 -74.8983458,8.1115738 -74.8978198,8.1122055 -74.8973464,8.1127907 -74.89695,8.1132956 -74.8965761,8.1137438 -74.8959658,8.1145124 -74.8956225,8.1149312 -74.8952639,8.1153557 -74.8949812,8.1157925 -74.8945387,8.1162059 -74.8939516,8.1166648 -74.893883,8.1175012 -74.8936689,8.1179085 -74.8934783,8.1184355 -74.8934099,8.118786 -74.8933255,8.1191466 -74.8932571,8.1195073 -74.8931502,8.119903 -74.8930967,8.1200998 -74.893013,8.1205113 -74.8929369,8.1209816 -74.8928528,8.1211818 -74.8927689,8.1214633 -74.892708,8.1216352 -74.8925551,8.1220198 -74.892067,8.122926 -74.8917773,8.1232193 -74.8912886,8.1241029 -74.890991,8.1244131 -74.8906173,8.1249823 -74.8896334,8.1263189 -74.8892595,8.1268011 -74.8885191,8.127692 -74.8878248,8.128437 -74.8874663,8.1289078 -74.8863524,8.1302051 -74.8856278,8.1311016 -74.8849032,8.1319461 -74.8843843,8.1324964 -74.8836899,8.1334787 -74.882675,8.13496 -74.8820417,8.1358428 -74.881653,8.1365318 -74.8812103,8.1372017 -74.8806994,8.1380469 -74.8804016,8.1385617 -74.8801118,8.1391375 -74.8798622,8.1394815 -74.880514,8.1476804 -74.8793209,8.1538599 -74.8779532,8.1588386 -74.8767552,8.1626159 -74.8752122,8.1660507 -74.8732298,8.1739563 -74.8736267,8.1747534 -74.8739702,8.1755212 -74.8744737,8.176665 -74.8746722,8.1774907 -74.8748704,8.1782068 -74.8750384,8.1791287 -74.8751984,8.1800415 -74.8753129,8.1808493 -74.8753434,8.1816629 -74.8753586,8.1824551 -74.8754045,8.1832913 -74.875595,8.1841035 -74.8757554,8.1846309 -74.8759002,8.1853347 -74.8760297,8.1865459 -74.8760682,8.187364 -74.8761443,8.1885403 -74.8762281,8.1896307 -74.8762589,8.1908783 -74.8762586,8.1918547 -74.876228,8.1927419 -74.8762512,8.1932346 -74.876297,8.1940663 -74.8762892,8.1949715 -74.8762896,8.1954303 -74.876236,8.1961469 -74.8761595,8.1967483 -74.8760679,8.1971734 -74.8758242,8.1975638 -74.8755419,8.1979192 -74.8752443,8.1982464 -74.8748094,8.1985863 -74.8746111,8.1987019 -74.8739393,8.1991101 -74.8729399,8.1996048 -74.8717878,8.1997608 -74.8653337,8.1997113 -74.8603439,8.1996102 -74.8516922,8.1996044 -74.842171,8.1995016 -74.8309557,8.1994052 -74.8249972,8.1991707 -74.8255705,8.1995908 -74.8263881,8.2000473 -74.8272611,8.2004553 -74.828148,8.2008421 -74.8290075,8.2012347 -74.8297982,8.2016601 -74.8304787,8.2021455 -74.830955,8.2027402 -74.8308589,8.2036071 -74.8305342,8.2046002 -74.8304941,8.2055058 -74.831058,8.2062552 -74.8313149,8.2070908 -74.8312855,8.2080001 -74.8312118,8.2089231 -74.8312493,8.2098217 -74.8315171,8.2106669 -74.8319392,8.2114773 -74.8323784,8.2122859 -74.8326944,8.2131273 -74.8327574,8.2140514 -74.8327982,8.2149698 -74.833137,8.2157514 -74.8337909,8.2163842 -74.8341002,8.2166442 -74.8338367,8.218671 -74.8335703,8.2208275 -74.8327606,8.2218173 -74.8304188,8.223259 -74.8288865,8.2236212 -74.8275351,8.2242526 -74.8273564,8.2251513 -74.8272688,8.226499 -74.8259187,8.2278491 -74.8245661,8.2278516 -74.8229439,8.2283936 -74.8210516,8.2291158 -74.8198793,8.229118 -74.818075,8.2286721 -74.8166308,8.2279561 -74.8154681,8.2279216 -74.8152152,8.2282589 -74.8147085,8.2285124 -74.813864,8.2288507 -74.8137911,8.2288426 -74.8133999,8.2296803 -74.8129065,8.2304197 -74.812173,8.2309551 -74.8112998,8.2313725 -74.8104979,8.2318161 -74.8100181,8.232448 -74.8101515,8.2334136 -74.8100825,8.2342951 -74.8094606,8.2349068 -74.8086645,8.2354378 -74.8079384,8.2360167 -74.8074742,8.2367589 -74.8071921,8.2376414 -74.8070594,8.2385652 -74.80708,8.2394538 -74.807342,8.2403438 -74.8073627,8.2403813 -74.8072083,8.2405667 -74.8071247,8.241072 -74.8072307,8.2412263 -74.8071951,8.2413159 -74.8063075,8.2421048 -74.8045573,8.2431053 -74.8015553,8.2438587 -74.7993032,8.2441121 -74.7970506,8.2441162 -74.7955503,8.2448669 -74.7930485,8.2460497 -74.7929527,8.246402 -74.7927978,8.2467898 -74.7927206,8.2471386 -74.7925268,8.2475265 -74.7923328,8.2477593 -74.7922557,8.2481469 -74.7922173,8.248457 -74.7919847,8.2488836 -74.791791,8.2493489 -74.7917528,8.2496977 -74.7917535,8.2501239 -74.7918709,8.2505112 -74.7918716,8.2508987 -74.7918335,8.251325 -74.7919121,8.2517898 -74.7920682,8.2520995 -74.7921077,8.2524482 -74.7923808,8.2528739 -74.7924981,8.2532612 -74.792849,8.2537255 -74.7932777,8.254151 -74.7934724,8.2542669 -74.7937841,8.2545763 -74.7939788,8.254731 -74.7940959,8.2549245 -74.7943297,8.2551953 -74.794408,8.2554664 -74.7944866,8.2558925 -74.7947206,8.2562408 -74.7949545,8.2565504 -74.7951493,8.2567438 -74.7953053,8.2569372 -74.7954224,8.2572083 -74.7955785,8.2574792 -74.7956955,8.2576727 -74.7959685,8.2580597 -74.7961248,8.2584469 -74.7964369,8.2589889 -74.796554,8.2592211 -74.796749,8.259492 -74.7969441,8.2598017 -74.7972168,8.2600336 -74.7973727,8.2602271 -74.7976454,8.2604591 -74.7977625,8.2606914 -74.7980742,8.2610008 -74.7983469,8.2611941 -74.7986583,8.2613485 -74.7989311,8.2616192 -74.7992427,8.2618899 -74.7993987,8.2621221 -74.7996715,8.2623929 -74.7997885,8.2625477 -74.8000999,8.2627021 -74.8002815,8.2627119 -74.8004623,8.2627274 -74.8006417,8.2627546 -74.8008184,8.262797 -74.8009904,8.262856 -74.8011554,8.2629324 -74.8013109,8.263026 -74.8014577,8.2631326 -74.801606,8.2632367 -74.801763,8.263328 -74.8019124,8.2634295 -74.80205,8.2635479 -74.8021924,8.26366 -74.8023426,8.2637617 -74.8024867,8.2638718 -74.8026152,8.2640009 -74.8027282,8.2641436 -74.8029277,8.2644434 -74.8030522,8.2645886 -74.803205,8.2646919 -74.8033797,8.2647061 -74.8035625,8.2646684 -74.8037336,8.2646849 -74.8038881,8.2647821 -74.8040347,8.2649069 -74.8041812,8.2650175 -74.8043304,8.2651154 -74.8044844,8.2652081 -74.8046447,8.2652954 -74.8048102,8.265378 -74.8049651,8.2654729 -74.805089,8.2656019 -74.8051895,8.2657562 -74.8053035,8.2658948 -74.805456,8.2659904 -74.8056103,8.2660875 -74.8057473,8.2662067 -74.8058881,8.2663188 -74.8060416,8.2664135 -74.8062012,8.2665047 -74.8063529,8.2666091 -74.8064618,8.2667492 -74.8065373,8.2669152 -74.8066377,8.2670648 -74.8067629,8.2671971 -74.806881,8.2673345 -74.8069788,8.2674863 -74.8070681,8.2676452 -74.8071571,8.2678048 -74.8072356,8.2679672 -74.80729,8.2681359 -74.807323,8.268311 -74.807346,8.2684907 -74.8073704,8.2686728 -74.8074076,8.2688555 -74.8074546,8.2690368 -74.8074871,8.2692146 -74.807479,8.2693869 -74.807422,8.2695541 -74.8073414,8.2697212 -74.8072664,8.2698936 -74.8072188,8.270071 -74.8072137,8.2702478 -74.8072562,8.2704201 -74.8073293,8.2705889 -74.8074125,8.2707557 -74.8074933,8.2709206 -74.8075781,8.2710799 -74.8076753,8.2712297 -74.8077904,8.2713677 -74.807916,8.2714992 -74.8080414,8.2716313 -74.8081567,8.2717706 -74.808259,8.2719191 -74.8083513,8.2720751 -74.8084366,8.2722365 -74.8085173,8.2724017 -74.8085876,8.2725704 -74.8086374,8.2727429 -74.8086577,8.2729197 -74.808652,8.2730997 -74.8086304,8.2732814 -74.8086031,8.2734633 -74.8085769,8.2736436 -74.8085433,8.2738209 -74.8084887,8.2739936 -74.8084195,8.2741634 -74.8083734,8.2743366 -74.808373,8.2745173 -74.808358,8.2746608 -74.8074948,8.2747881 -74.8065585,8.2748588 -74.8056314,8.2749151 -74.8048417,8.2745824 -74.8041221,8.2740421 -74.8034357,8.2734161 -74.802761,8.272786 -74.8021275,8.272123 -74.8015187,8.2714323 -74.8008212,8.2708884 -74.8000028,8.2705195 -74.7991219,8.2702505 -74.7982201,8.2700613 -74.7973221,8.2699318 -74.7964011,8.2698671 -74.795486,8.2699049 -74.7946089,8.2700807 -74.7937492,8.2703589 -74.7929027,8.2707093 -74.792079,8.2711169 -74.7912878,8.271567 -74.7905408,8.2720682 -74.7898332,8.2726326 -74.7891445,8.2732285 -74.7884542,8.2738235 -74.7877416,8.2743852 -74.7869952,8.274898 -74.7862267,8.2753801 -74.7854503,8.2758505 -74.7851374,8.276045 -74.7860973,8.2772971 -74.786601,8.2790415 -74.7888596,8.2822788 -74.7906104,8.2815277 -74.7923599,8.2800286 -74.7943632,8.2805236 -74.7958696,8.2830143 -74.7968726,8.2840098 -74.7968839,8.2902431 -74.7971688,8.2924393 -74.7972114,8.2931634 -74.7977468,8.293791 -74.7982554,8.2945973 -74.7987313,8.2954222 -74.7992112,8.296194 -74.799684,8.2969652 -74.8001466,8.297744 -74.8005984,8.2985299 -74.8010392,8.2993222 -74.8014685,8.3001204 -74.801886,8.3009239 -74.8022911,8.3017323 -74.8026875,8.3025469 -74.8030768,8.3033714 -74.8034492,8.3042051 -74.8037945,8.3050473 -74.8041026,8.3058973 -74.8043636,8.3067544 -74.8045693,8.3076542 -74.8046795,8.3086261 -74.804614,8.3095434 -74.8042783,8.3102694 -74.8035306,8.3107271 -74.8026126,8.3110971 -74.8017318,8.3113875 -74.8012403,8.3123144 -74.800915,8.3131431 -74.800878,8.3140868 -74.801225,8.3148948 -74.8017322,8.3156302 -74.8023056,8.3163434 -74.8028949,8.317054 -74.8034497,8.3177818 -74.8039274,8.3185535 -74.8043162,8.3194188 -74.804451,8.32029 -74.8042175,8.3211387 -74.8037393,8.3219557 -74.8031462,8.3226451 -74.8024017,8.3232079 -74.8016199,8.3237404 -74.8009546,8.3243419 -74.8005306,8.3250943 -74.8002105,8.3259159 -74.799942,8.3267723 -74.7997156,8.3276547 -74.7995218,8.3285543 -74.799351,8.3294625 -74.7991935,8.3303706 -74.7990399,8.3312697 -74.798922,8.3321606 -74.7989336,8.3330659 -74.7989888,8.3342881 -74.797904,8.3348956 -74.7971278,8.3354028 -74.7964138,8.3359749 -74.796137,8.3368232 -74.7965663,8.3375743 -74.7973719,8.3380894 -74.7979798,8.3387302 -74.7983187,8.3395578 -74.7985706,8.3404515 -74.7987274,8.3413678 -74.7987812,8.342263 -74.7985942,8.3431235 -74.7982226,8.3439759 -74.7979284,8.3448427 -74.7979046,8.3457743 -74.7985628,8.3462977 -74.7994204,8.3467045 -74.8002671,8.3471211 -74.801115,8.3475429 -74.8014575,8.3482885 -74.8015813,8.3491872 -74.8015961,8.350134 -74.8015629,8.3510518 -74.8014632,8.351949 -74.8013136,8.3528455 -74.80116,8.3537414 -74.8010484,8.3546372 -74.8010164,8.3555543 -74.8011312,8.3564778 -74.8015493,8.3572224 -74.8022634,8.3577958 -74.8030312,8.3583274 -74.8037793,8.3588459 -74.804546,8.3593432 -74.8052927,8.3598606 -74.8059809,8.3604394 -74.8065947,8.3610971 -74.807163,8.3618029 -74.8077067,8.3625344 -74.8082468,8.3632694 -74.8088042,8.3639854 -74.8093999,8.3646602 -74.8101262,8.3651914 -74.8109183,8.3656532 -74.8117372,8.3661529 -74.8123999,8.366745 -74.8125202,8.3675966 -74.8124252,8.3685567 -74.8123225,8.3695144 -74.8124148,8.3703608 -74.8130234,8.3708912 -74.8139735,8.3712308 -74.8146123,8.3718463 -74.8151034,8.3725885 -74.8155603,8.3733655 -74.8159918,8.3741672 -74.816407,8.3749837 -74.8168149,8.3758049 -74.8172244,8.3766207 -74.8176144,8.3774379 -74.8177912,8.3783295 -74.8178467,8.3792553 -74.8181514,8.3800739 -74.8186511,8.3808197 -74.8192305,8.3815311 -74.8198557,8.3822064 -74.820499,8.3828508 -74.8211923,8.3834909 -74.8219412,8.3840239 -74.822747,8.3842967 -74.823672,8.3840908 -74.8245796,8.3839508 -74.8253767,8.3842907 -74.8261265,8.3848446 -74.8267984,8.3854988 -74.827375,8.3861869 -74.8278907,8.3869298 -74.8283791,8.3876993 -74.8288732,8.3884651 -74.8294061,8.3891969 -74.8299922,8.3898926 -74.8306285,8.3905479 -74.8313262,8.3911223 -74.8320883,8.3915998 -74.8328926,8.3920195 -74.8337143,8.3924166 -74.8345281,8.3928267 -74.8353065,8.3932903 -74.8360334,8.3938374 -74.8367697,8.3943659 -74.8376291,8.3947201 -74.8385236,8.3950057 -74.8391069,8.3956083 -74.8393325,8.3960327 -74.8394707,8.3961009 -74.8401208,8.3963654 -74.8410688,8.397029 -74.8429632,8.3975799 -74.8443562,8.3980208 -74.8453591,8.3982961 -74.8468635,8.3987368 -74.8482567,8.3992886 -74.8499843,8.3999506 -74.8513766,8.4000588 -74.8529357,8.4000002 -74.8541595,8.3993324 -74.8553836,8.3988309 -74.8564406,8.3983298 -74.857553,8.3976621 -74.859056,8.3974374 -74.8609494,8.3974891 -74.8622868,8.39793 -74.8633458,8.398427 -74.8644049,8.3989794 -74.8659095,8.3995309 -74.8674699,8.4000823 -74.8685282,8.4002465 -74.8702559,8.4009639 -74.8707576,8.4011847 -74.871928,8.4016814 -74.8728211,8.4027332 -74.8732678,8.4033422 -74.8731022,8.4040634 -74.8729921,8.4046736 -74.8729998,8.4084443 -74.8729455,8.4091098 -74.8727792,8.4094983 -74.8723904,8.4099982 -74.8721684,8.4103868 -74.8717244,8.4111086 -74.8717251,8.4114413 -74.8716151,8.4121069 -74.871616,8.4125505 -74.8716724,8.4129386 -74.8720259,8.4132857 -74.8722013,8.4135848 -74.8725675,8.4139649 -74.8729265,8.4141823 -74.873453,8.4143723 -74.8739943,8.4146571 -74.8745058,8.415038 -74.8747499,8.4153506 -74.8749326,8.4156305 -74.8750851,8.4161252 -74.8751004,8.4166676 -74.8749937,8.4169526 -74.8748261,8.4174016 -74.8747192,8.4178357 -74.8745971,8.4183785 -74.8744981,8.4190432 -74.8745285,8.4197901 -74.874925,8.4208493 -74.8752685,8.42146 -74.875383,8.42167 -74.8758483,8.4222544 -74.8761989,8.422751 -74.8764129,8.4230342 -74.8766114,8.4232892 -74.8767559,8.4234777 -74.8771302,8.4239109 -74.8775114,8.4244005 -74.8779766,8.4248754 -74.8781063,8.4250277 -74.8784118,8.425391 -74.8788083,8.4258671 -74.8790295,8.4261356 -74.8794494,8.4266274 -74.8799528,8.4272514 -74.8801818,8.4276465 -74.8804411,8.428176 -74.8806701,8.4286241 -74.8810283,8.4289771 -74.8813263,8.4292489 -74.8818142,8.4297384 -74.8821271,8.4301174 -74.8823638,8.4304243 -74.8825163,8.4306286 -74.8826461,8.4311312 -74.8827144,8.4314972 -74.8828139,8.4324203 -74.882792,8.4325629 -74.8824731,8.4324729 -74.8820469,8.4323041 -74.8817077,8.4330682 -74.8817091,8.4337467 -74.8818805,8.4342553 -74.8820518,8.4346791 -74.8824784,8.4350175 -74.8831613,8.4356947 -74.8833325,8.4361184 -74.8834186,8.4365423 -74.8838448,8.4367111 -74.8841859,8.4368801 -74.8844417,8.4369644 -74.8850387,8.4373024 -74.8851481,8.4373204 -74.8851638,8.437345 -74.8852778,8.437581 -74.8852932,8.4379336 -74.8850722,8.4383555 -74.8849653,8.4388168 -74.8849191,8.4392509 -74.8850033,8.439618 -74.8851788,8.4402279 -74.8855905,8.4409164 -74.8858044,8.4411748 -74.8861326,8.4415131 -74.8864223,8.4416764 -74.8867733,8.4418124 -74.8871545,8.4420162 -74.8873758,8.4422452 -74.8877421,8.4426682 -74.8879484,8.4430893 -74.8880015,8.4435096 -74.8879711,8.4441888 -74.8879865,8.4444668 -74.8880018,8.4447312 -74.8881083,8.4452203 -74.888093,8.4455063 -74.888032,8.4458997 -74.8879786,8.4461416 -74.8879103,8.4465949 -74.8879178,8.4474843 -74.8879331,8.44776 -74.8879861,8.4483984 -74.8880548,8.448969 -74.8881692,8.4493591 -74.888466,8.4495686 -74.8889165,8.4503352 -74.8892392,8.4512645 -74.8895804,8.4521747 -74.8900864,8.4528836 -74.8908207,8.4533096 -74.8916338,8.4536322 -74.8925002,8.4538856 -74.8934033,8.4540932 -74.8943266,8.4542785 -74.8952534,8.4544648 -74.8961671,8.4546757 -74.8970513,8.4549344 -74.8978894,8.4552645 -74.8986667,8.4556876 -74.8993911,8.4561986 -74.9000749,8.4567791 -74.9007285,8.4574112 -74.9013624,8.458077 -74.901987,8.4587587 -74.9026128,8.4594385 -74.9032503,8.4600984 -74.9039059,8.460727 -74.9045567,8.4613602 -74.9052018,8.462001 -74.9058465,8.4626424 -74.9064962,8.4632772 -74.9071565,8.4638982 -74.9078327,8.4644983 -74.9085303,8.4650704 -74.909278,8.4655899 -74.9100951,8.4660429 -74.910943,8.4664612 -74.9117823,8.4668774 -74.9125736,8.4673239 -74.9132775,8.4678335 -74.9138502,8.4684583 -74.9142164,8.4693362 -74.9143434,8.4703212 -74.9142097,8.4712087 -74.9137801,8.4719217 -74.9131267,8.4725636 -74.9123941,8.4731897 -74.9117272,8.4738554 -74.911249,8.4746097 -74.9108772,8.4754309 -74.9105722,8.4762931 -74.9105173,8.476489 -74.9112902,8.4762445 -74.912301,8.4759243 -74.913739,8.4761862 -74.9149643,8.4766076 -74.9162424,8.4767639 -74.9172068,8.476832 -74.91726,8.4767873 -74.9175647,8.4767539 -74.9180154,8.476771 -74.918572,8.4769891 -74.9191517,8.4773427 -74.9196094,8.4777237 -74.9198997,8.4781084 -74.9201283,8.4786097 -74.920281,8.4788896 -74.920403,8.479112 -74.9205937,8.4794043 -74.9207537,8.4796469 -74.9212574,8.4800481 -74.9216772,8.4801987 -74.9219978,8.4801697 -74.922501,8.4800816 -74.9229511,8.4798139 -74.9233708,8.4794299 -74.9238441,8.4791633 -74.9242099,8.4790123 -74.9244922,8.4788794 -74.9247973,8.4785104 -74.9250801,8.478043 -74.925362,8.4777147 -74.9257892,8.4773747 -74.9260869,8.4772577 -74.9265755,8.4772239 -74.9267888,8.4772042 -74.9270941,8.4771753 -74.927384,8.4771069 -74.9275977,8.4767403 -74.9278341,8.4763713 -74.927941,8.4761688 -74.9282383,8.475637 -74.9284446,8.4752524 -74.9286582,8.4745501 -74.9289481,8.4737144 -74.9290238,8.4735209 -74.9294094,8.474155 -74.9298632,8.4749485 -74.930271,8.4757536 -74.930611,8.476575 -74.9308479,8.4774206 -74.9309122,8.4783073 -74.9308652,8.4792216 -74.9307868,8.4801455 -74.9307571,8.4810611 -74.9307754,8.4819715 -74.9307896,8.4828889 -74.9308541,8.4837948 -74.9310239,8.4846707 -74.9313298,8.4855062 -74.9317312,8.4863143 -74.9321818,8.4871091 -74.9326354,8.4879047 -74.9330465,8.4887147 -74.9334301,8.4895348 -74.9338067,8.4903589 -74.9339251,8.4906308 -74.9340125,8.4906254 -74.9355576,8.490651 -74.9367114,8.4911267 -74.9386337,8.4916006 -74.9404589,8.4915966 -74.9415171,8.4922637 -74.94268,8.492557 -74.9427025,8.4925729 -74.9432066,8.4926276 -74.9434309,8.4927943 -74.9436002,8.4934071 -74.9439367,8.4936293 -74.944553,8.4938509 -74.944833,8.4938503 -74.9450568,8.493794 -74.9452805,8.4936821 -74.9454483,8.4935702 -74.9458961,8.4935135 -74.9462881,8.4935683 -74.9467923,8.4936787 -74.9471281,8.4936222 -74.9475199,8.4935656 -74.9480234,8.4933973 -74.9485275,8.4934519 -74.949031,8.4932836 -74.9492555,8.493506 -74.9496479,8.4937281 -74.9502082,8.4938941 -74.9507118,8.4937815 -74.9512717,8.4937802 -74.9514401,8.4939471 -74.9521123,8.4941128 -74.9525041,8.4940562 -74.9529521,8.4940552 -74.9534558,8.4939984 -74.9540159,8.4940528 -74.9544648,8.4944978 -74.9550242,8.4942736 -74.9551915,8.4939945 -74.9554151,8.4938267 -74.9568149,8.4938236 -74.9573196,8.4942127 -74.9581596,8.4942665 -74.9584402,8.4945446 -74.9636286,8.4914905 -74.9689457,8.4901543 -74.9755909,8.4880583 -74.9797647,8.4854004 -74.9841294,8.4831204 -74.9905817,8.4798896 -74.9974194,8.4789278 -75.0042574,8.478155 -75.007105,8.4772024 -75.0099522,8.4760606 -75.011663,8.4764349 -75.0143239,8.4768068 -75.017931,8.4756632 -75.0226762,8.4737602 -75.0270757,8.4735631 -75.0316048,8.4733601 -75.0325297,8.4731639 -75.0388207,8.4718292 -75.0481222,8.4685905 -75.058369,8.4636469 -75.0726003,8.4568013 -75.0830326,8.4503434 -75.093721,8.4437125 -75.1044649,8.4370471 -75.1137567,8.4307806 -75.1215331,8.4262203 -75.1277891,8.4214748 -75.1350009,8.4189965 -75.1412654,8.4174664 -75.1469578,8.4151811 -75.1498792,8.4144184 -75.152083,8.4138431 -75.1581547,8.4113675 -75.1644131,8.4077564 -75.1723767,8.4026273 -75.1731539,8.4021949 -75.1739127,8.4017513 -75.1751146,8.4012118 -75.175842,8.4008629 -75.1766307,8.3999629 -75.17727,8.3990915 -75.1790887,8.3999418 -75.1813151,8.3998368 -75.1834743,8.3989709 -75.1847149,8.3983026 -75.1844175,8.3986 -75.1848305,8.3990403 -75.185275,8.399449 -75.1858555,8.3999415 -75.1873788,8.4012612 -75.188335,8.4035283 -75.1913806,8.4057895 -75.1938548,8.4074848 -75.1959486,8.408992 -75.198425,8.4114439 -75.2005216,8.4138968 -75.202617,8.4159715 -75.2081575,8.4269261 -75.2123559,8.4335342 -75.2192189,8.4418367 -75.2243613,8.4463612 -75.2275985,8.4489997 -75.2315985,8.4525818 -75.2386421,8.4574787 -75.2416867,8.4591719 -75.243211,8.4606806 -75.2449213,8.4608646 -75.247201,8.4608578 -75.2491036,8.4617978 -75.2504379,8.463307 -75.252154,8.4653824 -75.2534884,8.4668915 -75.2572919,8.4682041 -75.2590017,8.4681989 -75.2624253,8.4695126 -75.2662288,8.470825 -75.2686985,8.4708175 -75.2715539,8.4727002 -75.2740271,8.4738275 -75.2772591,8.4745741 -75.2802987,8.4745648 -75.2823896,8.4749366 -75.2837241,8.4764456 -75.286198,8.477762 -75.2909533,8.4796386 -75.2979867,8.4809407 -75.3033096,8.4820588 -75.3080675,8.4846918 -75.3116795,8.485437 -75.313019,8.488459 -75.3141692,8.4916707 -75.3149346,8.4933705 -75.3149419,8.4956402 -75.3159003,8.4982851 -75.3162869,8.5003644 -75.3164805,8.5014986 -75.3168648,8.5028214 -75.3174408,8.5047109 -75.3178287,8.5071685 -75.3174536,8.5086828 -75.3184084,8.5101929 -75.3197414,8.5111343 -75.3197451,8.5122691 -75.3189888,8.5134064 -75.3186161,8.5156773 -75.3186216,8.5173795 -75.3199552,8.5185101 -75.3220482,8.5194491 -75.3233824,8.5207688 -75.3245291,8.5228456 -75.3245408,8.5264392 -75.3251145,8.5275722 -75.3253124,8.5300303 -75.3253247,8.5338131 -75.3259027,8.53627 -75.327052,8.5391034 -75.32725,8.5415616 -75.3272968,8.5559359 -75.3271167,8.5589627 -75.3267403,8.5600988 -75.3263683,8.5625588 -75.3258044,8.564452 -75.3256181,8.5655874 -75.3252449,8.5676691 -75.3244891,8.5689955 -75.3235433,8.5703226 -75.3233564,8.5712688 -75.3232933,8.5732183 -75.3229871,8.5737711 -75.3220652,8.5744485 -75.3209582,8.5750039 -75.3200978,8.5756199 -75.3193597,8.5759901 -75.3186849,8.5768507 -75.3183181,8.5777103 -75.3185071,8.5789973 -75.3184945,8.5799887 -75.318458,8.5828603 -75.3184038,8.5851292 -75.3181661,8.5878278 -75.3182955,8.5897282 -75.3189185,8.5918722 -75.3200984,8.5947502 -75.3215847,8.5971367 -75.3228836,8.5987267 -75.3239996,8.6008691 -75.3248709,8.6035642 -75.3270975,8.6062548 -75.3275344,8.6079702 -75.330684,8.6102899 -75.3313716,8.6132921 -75.3314979,8.6142114 -75.332178,8.614945 -75.3329821,8.6159234 -75.3340947,8.6170234 -75.3350825,8.6176334 -75.3361932,8.6181816 -75.337243,8.6189139 -75.3378623,8.6198929 -75.3382979,8.6211791 -75.3388021,8.6246111 -75.3388709,8.6267568 -75.338876,8.6282897 -75.3394967,8.6296979 -75.3401183,8.6313513 -75.3396903,8.6323338 -75.3393851,8.6331932 -75.3394496,8.6340514 -75.3403793,8.6357038 -75.3413096,8.6375402 -75.3413147,8.6390731 -75.341381,8.6404831 -75.3413234,8.6417096 -75.3416346,8.6426282 -75.3418045,8.6432183 -75.3405707,8.6429594 -75.3391023,8.6425749 -75.3378379,8.6424742 -75.3365964,8.6424782 -75.3356045,8.6428521 -75.3351095,8.6433479 -75.3343646,8.6433504 -75.3333731,8.6438478 -75.3330043,8.6449609 -75.3325085,8.6452096 -75.3313916,8.6453368 -75.3311478,8.6466966 -75.3307798,8.6480568 -75.3304102,8.6489228 -75.3301656,8.6500356 -75.3294247,8.6512734 -75.3288072,8.6522638 -75.3286851,8.652882 -75.3288232,8.654721 -75.329592,8.6547185 -75.3302089,8.6544091 -75.3303608,8.65364 -75.331594,8.6528674 -75.3325183,8.6520958 -75.3343688,8.6511675 -75.3360695,8.6516231 -75.3368458,8.6528503 -75.3379296,8.6536153 -75.3399433,8.6552995 -75.3402558,8.6563745 -75.3416506,8.6577534 -75.3423495,8.6579896 -75.3426513,8.6582233 -75.3431,8.6586104 -75.3441275,8.659384 -75.3449011,8.659741 -75.3456775,8.6609681 -75.3464514,8.6614267 -75.3469179,8.6623475 -75.3464601,8.6640398 -75.3467732,8.6652685 -75.3469353,8.6675737 -75.3472499,8.6692635 -75.3468639,8.6712449 -75.3428657,8.6758365 -75.3406255,8.6792533 -75.3390683,8.681986 -75.3379974,8.6837429 -75.336926,8.6854025 -75.3355378,8.6863589 -75.3356932,8.6869758 -75.3359147,8.6880338 -75.3360593,8.6890062 -75.33609,8.6895066 -75.3360751,8.6901564 -75.3359908,8.6905973 -75.3358611,8.6908362 -75.3360597,8.6909835 -75.3363801,8.6912107 -75.3366926,8.6914334 -75.3373566,8.6918775 -75.337906,8.6923073 -75.3384016,8.6929859 -75.338791,8.6936355 -75.3391572,8.6944591 -75.3394315,8.6951667 -75.3396605,8.6959026 -75.3401183,8.6972886 -75.3404924,8.6982998 -75.3408126,8.6991371 -75.3409039,8.6996035 -75.3409577,8.7000722 -75.3409426,8.7011457 -75.3409273,8.7016655 -75.3408891,8.7026476 -75.3409728,8.7035716 -75.3410645,8.7039758 -75.3411484,8.7042795 -75.3416137,8.7050304 -75.3417359,8.7052402 -75.3420106,8.7057093 -75.3421021,8.7059181 -75.3422347,8.7062138 -75.3422543,8.7062577 -75.3423995,8.706734 -75.3425524,8.7074374 -75.342621,8.7077445 -75.342926,8.7094791 -75.3430099,8.7099263 -75.3431396,8.7106818 -75.3432619,8.7115876 -75.3433073,8.7124247 -75.3433073,8.7137828 -75.343239,8.7142305 -75.343094,8.7146638 -75.3429034,8.7152418 -75.3421935,8.7168735 -75.3419265,8.7173456 -75.3415528,8.7180022 -75.3413318,8.7183136 -75.341095,8.7186387 -75.3406832,8.7191011 -75.340485,8.7192565 -75.3402329,8.7194483 -75.3395156,8.7197388 -75.3384933,8.7199931 -75.3380587,8.7200996 -75.3371737,8.7203455 -75.3364184,8.7206655 -75.3359457,8.7210693 -75.3355942,8.7214309 -75.3352208,8.7219949 -75.3349004,8.7226163 -75.3344193,8.7237862 -75.3341679,8.7244921 -75.3340915,8.7247263 -75.3338324,8.725535 -75.3336644,8.7260825 -75.3335959,8.7263154 -75.3334354,8.7270233 -75.3333819,8.7276879 -75.3333974,8.7282505 -75.3334965,8.7288434 -75.3337636,8.7297533 -75.3340609,8.7308709 -75.3341373,8.7311396 -75.3345873,8.732555 -75.3349386,8.7336962 -75.3351215,8.73423 -75.3354036,8.7350325 -75.3357699,8.7360493 -75.3358466,8.7362423 -75.3360522,8.7367693 -75.3363196,8.737435 -75.3367466,8.7384347 -75.3371813,8.73937 -75.3374638,8.7399487 -75.3377005,8.7404394 -75.3372729,8.7409301 -75.3369452,8.7414261 -75.3368384,8.7416016 -75.3365939,8.7419979 -75.3364036,8.7423014 -75.3360675,8.7428573 -75.335709,8.743289 -75.3353885,8.7435793 -75.3345648,8.7443334 -75.334412,8.7444763 -75.3339546,8.7449128 -75.333718,8.7451396 -75.3333287,8.7453872 -75.3328175,8.7456793 -75.3316887,8.7460356 -75.3306052,8.7462143 -75.3291022,8.7464227 -75.327912,8.7466085 -75.3271033,8.7467366 -75.3265312,8.7468266 -75.3252495,8.7471823 -75.3244259,8.7474437 -75.3239298,8.7475064 -75.3217938,8.7476004 -75.3210383,8.7477091 -75.320771,8.7477642 -75.320283,8.7478641 -75.319848,8.7480238 -75.3193676,8.7482027 -75.3188795,8.7484721 -75.3174602,8.749253 -75.3163465,8.7499166 -75.3157742,8.7502245 -75.3157513,8.7502391 -75.3168464,8.7515924 -75.317794,8.7527158 -75.318109,8.7530598 -75.3184327,8.7533884 -75.3187539,8.7536851 -75.3190876,8.7539593 -75.3194125,8.7541911 -75.3197507,8.7543956 -75.3200824,8.7545605 -75.3204258,8.7546961 -75.3207901,8.7548035 -75.3211641,8.7548793 -75.3215821,8.7549274 -75.3220072,8.7549429 -75.3224657,8.7549277 -75.3229286,8.754885 -75.3233979,8.7548188 -75.3238694,8.754734 -75.3247656,8.7545351 -75.3265518,8.7540644 -75.3274442,8.7538536 -75.3278781,8.7537727 -75.3283129,8.753711 -75.3287361,8.7536727 -75.3291591,8.7536574 -75.3295925,8.7536668 -75.330024,8.7537014 -75.3304661,8.7537634 -75.3309042,8.7538506 -75.3313427,8.7539638 -75.3317756,8.7541003 -75.3321968,8.7542571 -75.3326112,8.7544342 -75.3330055,8.7546244 -75.3333924,8.7548317 -75.3337742,8.7550572 -75.3341481,8.7552981 -75.3345182,8.7555566 -75.3348802,8.7558286 -75.3352356,8.7561142 -75.3359215,8.7567171 -75.3365724,8.757352 -75.3371923,8.758014 -75.3377917,8.7587014 -75.3392641,8.7604557 -75.3401789,8.7614798 -75.3408191,8.762136 -75.3411495,8.7624499 -75.341485,8.7627491 -75.3418294,8.7630347 -75.3421784,8.7633008 -75.3425372,8.7635501 -75.3429029,8.7637789 -75.3432784,8.7639884 -75.3436682,8.7641801 -75.3440664,8.7643507 -75.3444795,8.7645028 -75.3448991,8.7646331 -75.3453273,8.7647417 -75.34576,8.7648266 -75.3461926,8.7648854 -75.3464711,8.7649048 -75.3466724,8.7654508 -75.3470449,8.7669534 -75.3473082,8.7679057 -75.3476168,8.768883 -75.3479708,8.7698399 -75.3481661,8.7703035 -75.3483735,8.7707523 -75.3485946,8.7711878 -75.3488365,8.7716197 -75.3490936,8.7720347 -75.3493729,8.7724407 -75.3496687,8.7728266 -75.3499802,8.7731899 -75.3503085,8.7735308 -75.3506452,8.7738408 -75.3509976,8.7741272 -75.3513499,8.7743788 -75.3517156,8.7746075 -75.3520937,8.7748135 -75.3524822,8.7749995 -75.3529051,8.7751794 -75.3546414,8.7758371 -75.3554668,8.7761929 -75.3558661,8.7763879 -75.3562637,8.7765982 -75.3570438,8.7770573 -75.3578055,8.7775611 -75.3581787,8.7778261 -75.3589044,8.7783722 -75.3596146,8.7789477 -75.3599686,8.7792545 -75.3603115,8.7795699 -75.3606372,8.7798927 -75.3609459,8.7802278 -75.3612222,8.7805623 -75.3614766,8.7809111 -75.3616938,8.7812547 -75.3618869,8.781612 -75.3620533,8.7819789 -75.3621962,8.7823572 -75.3623272,8.782778 -75.3624392,8.7832076 -75.3627461,8.7845886 -75.3628608,8.7850458 -75.3629855,8.7854689 -75.363132,8.7858875 -75.3633006,8.7862929 -75.3634941,8.7866912 -75.3637212,8.7870959 -75.3639739,8.7874919 -75.3642603,8.7878918 -75.3645701,8.7882828 -75.3649052,8.7886694 -75.3652596,8.7890474 -75.3656241,8.7894104 -75.3660022,8.7897646 -75.3667677,8.7904256 -75.3675429,8.7910336 -75.3682695,8.7915599 -75.3690768,8.7921113 -75.3689692,8.8097702 -75.3688288,8.8112315 -75.3687199,8.824028 -75.3695383,8.824605 -75.3703636,8.8247559 -75.3712909,8.8245477 -75.3714192,8.824462 -75.3730274,8.8396096 -75.3727001,8.8405978 -75.3727135,8.8444365 -75.3726105,8.8465208 -75.3727273,8.8483849 -75.3733958,8.8503569 -75.3738438,8.8523295 -75.3738558,8.8557295 -75.3739683,8.8574249 -75.373607,8.8574178 -75.3731911,8.8573903 -75.3727784,8.8573452 -75.3709891,8.8570624 -75.3705827,8.8570215 -75.3701759,8.8570047 -75.3697904,8.8570157 -75.3694061,8.857054 -75.3690019,8.8571237 -75.368601,8.8572213 -75.3681824,8.8573518 -75.3677683,8.8575072 -75.3673485,8.8576885 -75.3669329,8.8578887 -75.3665265,8.8581015 -75.3657381,8.8585535 -75.3649732,8.8590297 -75.3638266,8.85977 -75.3630557,8.860244 -75.3622756,8.8606749 -75.3614749,8.8610553 -75.3610623,8.8612284 -75.3602179,8.861544 -75.3593533,8.8618308 -75.357183,8.8625157 -75.3563179,8.8628121 -75.3554707,8.863139 -75.3546578,8.8635067 -75.3542675,8.8637082 -75.3538847,8.8639236 -75.3535087,8.8641537 -75.3531399,8.8643961 -75.352406,8.8649202 -75.3513133,8.8657414 -75.3505807,8.8662653 -75.349829,8.8667519 -75.3494423,8.86698 -75.3486426,8.8674043 -75.3482324,8.8675979 -75.3478163,8.8677781 -75.3473973,8.8679434 -75.3469731,8.8680949 -75.3465486,8.8682308 -75.3461197,8.868353 -75.3456873,8.8684611 -75.3448081,8.8686392 -75.3443624,8.8687106 -75.343459,8.8688233 -75.3420943,8.8689318 -75.3411847,8.8689723 -75.3402728,8.8689876 -75.3393612,8.8689723 -75.3389066,8.8689511 -75.3380056,8.8688777 -75.3375596,8.8688248 -75.3371148,8.8687609 -75.3362247,8.8686021 -75.3344304,8.8682219 -75.3335383,8.8680537 -75.332651,8.8679287 -75.3322032,8.8678847 -75.3313006,8.8678345 -75.3308464,8.8678277 -75.3299335,8.8678481 -75.3294775,8.8678737 -75.3285716,8.8679523 -75.3276666,8.8680674 -75.3272138,8.8681407 -75.3267599,8.8682272 -75.3263115,8.8683281 -75.3258762,8.8684444 -75.3254492,8.8685795 -75.3250458,8.8687307 -75.3246536,8.8689039 -75.3242873,8.8690937 -75.3239346,8.8693061 -75.323591,8.8695461 -75.3232633,8.8698085 -75.3229378,8.8701054 -75.3226291,8.8704224 -75.3223298,8.8707645 -75.3220456,8.8711217 -75.321781,8.8714822 -75.3212848,8.8722279 -75.3205666,8.8733945 -75.3203231,8.8737713 -75.3200682,8.8741359 -75.3198154,8.874461 -75.3195454,8.874768 -75.3192723,8.8750389 -75.3189823,8.8752899 -75.3186542,8.8755367 -75.3183117,8.8757642 -75.3179262,8.8759958 -75.3167458,8.8766682 -75.3163911,8.8768931 -75.3160476,8.8771355 -75.3157366,8.8773833 -75.3154394,8.8776496 -75.3151441,8.8779465 -75.3148624,8.8782599 -75.3143033,8.8789583 -75.3134826,8.8800577 -75.3132945,8.8802955 -75.313294,8.8802951 -75.3113846,8.8817934 -75.3102538,8.88286 -75.3078955,8.8832806 -75.3075079,8.884176 -75.3060815,8.8857917 -75.3038172,8.8889306 -75.302777,8.8893701 -75.3026105,8.8903424 -75.3019826,8.8906392 -75.3016381,8.8903191 -75.3008408,8.8907234 -75.3005281,8.8913249 -75.300077,8.8912611 -75.299421,8.8915178 -75.2985548,8.8918412 -75.2974917,8.8928302 -75.2969311,8.8943394 -75.2964972,8.8944006 -75.2960913,8.8950161 -75.2950362,8.8956406 -75.2941345,8.8968553 -75.2933708,8.8968206 -75.2926522,8.8974537 -75.2906933,8.8976379 -75.2896339,8.8973325 -75.2859737,8.8979696 -75.2858867,8.8967552 -75.284998,8.8965444 -75.284661,8.8962216 -75.283512,8.8971692 -75.2825038,8.8974499 -75.2818407,8.8990704 -75.2812925,8.8991101 -75.2812023,8.9011508 -75.2797883,8.9011706 -75.2783799,8.9007527 -75.2777324,8.9012168 -75.276254,8.9013481 -75.275686,8.9018632 -75.2746306,8.901963 -75.2737059,8.9016284 -75.2726455,8.9018137 -75.2724228,8.9022963 -75.2716805,8.9020525 -75.2704198,8.9012548 -75.269912,8.9002659 -75.2688804,8.8992389 -75.2673456,8.8991105 -75.267147,8.8990126 -75.2670384,8.8989321 -75.2664092,8.8984659 -75.2658531,8.8971868 -75.2649301,8.8962748 -75.2632773,8.8959601 -75.2621645,8.8960782 -75.260441,8.8973052 -75.2597904,8.8979181 -75.2590615,8.8980349 -75.2580231,8.8974274 -75.2574828,8.8965129 -75.2569803,8.8954457 -75.2560959,8.8949522 -75.254293,8.8953396 -75.2542899,8.8953433 -75.2538749,8.8948598 -75.2534465,8.894606 -75.2527609,8.8941829 -75.2513921,8.8941021 -75.2504513,8.8941051 -75.2489129,8.8944502 -75.2477174,8.8950493 -75.2470334,8.8951365 -75.2457504,8.8951405 -75.244896,8.8953984 -75.243613,8.8954024 -75.2423311,8.8957467 -75.2412195,8.8958352 -75.2399379,8.8962645 -75.2389137,8.8969481 -75.2382308,8.8973756 -75.2372069,8.8981443 -75.2366953,8.8986562 -75.2354987,8.8989151 -75.2348155,8.8992575 -75.233618,8.8992612 -75.2322501,8.8994355 -75.2306033,8.900282 -75.2288105,8.901115 -75.2273682,8.902034 -75.2264072,8.9028209 -75.2258837,8.9034758 -75.2256669,8.9041732 -75.2252761,8.9052196 -75.2250159,8.9060479 -75.22467,8.9074861 -75.2241912,8.9084021 -75.2234067,8.9096239 -75.2224882,8.9100187 -75.221758,8.9103981 -75.2213077,8.910632 -75.2206086,8.9111568 -75.2200431,8.9123779 -75.2196957,8.9133371 -75.2187787,8.9141673 -75.2178168,8.9146929 -75.2164609,8.9152632 -75.2155438,8.9160934 -75.2144522,8.917142 -75.2136653,8.9175799 -75.21082,8.9180241 -75.2102069,8.9180259 -75.2088483,8.9177252 -75.2077529,8.9175544 -75.2068762,8.9172957 -75.2061317,8.917298 -75.2052115,8.9171266 -75.2044662,8.9168675 -75.2038544,8.9173049 -75.2039439,8.9179143 -75.2042986,8.9193504 -75.2056207,8.9220465 -75.2064788,8.9241998 -75.2065112,8.9242812 -75.2066317,8.9249027 -75.2066342,8.9257323 -75.206237,8.9263106 -75.205985,8.9269246 -75.205879,8.9278627 -75.2058817,8.9287284 -75.206323,8.9306748 -75.2067729,8.9348625 -75.2068424,8.9352313 -75.2068868,8.9355164 -75.206945,8.9380759 -75.2069211,8.9428006 -75.2066272,8.9460194 -75.205857,8.9481098 -75.2044922,8.9521746 -75.2038169,8.9573735 -75.204038,8.9587209 -75.2042765,8.96051 -75.2050998,8.9634675 -75.2052901,8.9653146 -75.2051431,8.966384 -75.2047888,8.9675329 -75.2040672,8.9683751 -75.2033442,8.9687374 -75.2023808,8.9694603 -75.2009333,8.9697047 -75.1994244,8.9695229 -75.1989584,8.9692022 -75.1984859,8.9689022 -75.1980003,8.9686434 -75.1974951,8.9684466 -75.1969639,8.9683325 -75.1964023,8.9683157 -75.1958328,8.9683398 -75.1952962,8.9683008 -75.1948316,8.9680979 -75.1944333,8.9677334 -75.1940483,8.9673199 -75.193622,8.9669731 -75.1931345,8.9667385 -75.192165,8.966477 -75.1916548,8.9662849 -75.1911408,8.9661027 -75.1906231,8.9659307 -75.1901023,8.9657686 -75.1895786,8.9656163 -75.1890524,8.9654735 -75.1885239,8.9653399 -75.1879931,8.9652149 -75.1874602,8.9650983 -75.1869253,8.9649895 -75.1863886,8.964888 -75.1858508,8.9647908 -75.1853147,8.9646878 -75.1847832,8.9645684 -75.1842589,8.9644223 -75.183741,8.9642527 -75.1832252,8.9640745 -75.1827072,8.9639031 -75.182096,8.9637228 -75.1815764,8.963559 -75.1810536,8.963404 -75.1805247,8.9632668 -75.1799882,8.9631538 -75.1794459,8.9630676 -75.1789001,8.9630102 -75.178353,8.9629835 -75.1778066,8.9629897 -75.1772632,8.9630305 -75.1767235,8.9631031 -75.1761866,8.9631996 -75.1751708,8.9634193 -75.1748401,8.9634877 -75.1753403,8.9639545 -75.1756509,8.9642726 -75.17595,8.9646019 -75.1762374,8.9649443 -75.1765109,8.9652981 -75.1767671,8.9656595 -75.1770088,8.9660312 -75.1772323,8.9664061 -75.1774429,8.9667889 -75.1776466,8.9671868 -75.1784203,8.9688161 -75.1786217,8.9692163 -75.1788282,8.9695988 -75.1790478,8.9699735 -75.1792797,8.9703356 -75.1795256,8.9706886 -75.1800693,8.971388 -75.1812505,8.9727786 -75.1815294,8.9731244 -75.1817989,8.9734779 -75.1820525,8.9738345 -75.1822942,8.9742 -75.1825261,8.9745781 -75.1827466,8.9749641 -75.1831651,8.9757681 -75.1837513,8.9770148 -75.1846878,8.9791277 -75.1850359,8.9799936 -75.1851928,8.980426 -75.1853372,8.9808639 -75.185465,8.9812991 -75.1855783,8.9817398 -75.1856793,8.9821964 -75.1857675,8.9826574 -75.186014,8.9841283 -75.1861098,8.9846189 -75.1862193,8.9850795 -75.1863535,8.9855333 -75.1865045,8.9859433 -75.1866837,8.9863415 -75.1868916,8.9867236 -75.1871263,8.9870881 -75.1874027,8.9874554 -75.1876984,8.987797 -75.1880232,8.9881276 -75.1883459,8.9884209 -75.1886544,8.9886739 -75.1889197,8.9888708 -75.189108,8.9889941 -75.1891961,8.9890315 -75.1895784,8.9893209 -75.1897109,8.989514 -75.1901536,8.989831 -75.1910099,8.9904547 -75.1914405,8.9907877 -75.1918683,8.9911243 -75.1922975,8.9914591 -75.1927333,8.9917858 -75.1931821,8.9920943 -75.1936502,8.9923731 -75.1941369,8.9926191 -75.1946384,8.9928333 -75.1951512,8.9930188 -75.1956724,8.9931795 -75.1961996,8.9933192 -75.1967312,8.9934419 -75.1972657,8.9935506 -75.1978021,8.9936486 -75.1983389,8.9937453 -75.1988738,8.9938541 -75.1994014,8.993993 -75.1999138,8.9941825 -75.2003983,8.9944342 -75.2008403,8.9947525 -75.2012344,8.9951298 -75.2015808,8.9955518 -75.2018765,8.9960086 -75.2021206,8.9964913 -75.2023577,8.9969791 -75.2026612,8.9974415 -75.2030559,8.9978253 -75.203523,8.9980626 -75.2040547,8.9981598 -75.2046514,8.9981844 -75.2052327,8.9982545 -75.2055851,8.9985659 -75.2056245,8.9991319 -75.2054836,8.9997146 -75.205392,9.0002396 -75.2055846,9.0007224 -75.2061427,9.0016278 -75.2065304,9.002012 -75.2069248,9.0023913 -75.207303,9.0027818 -75.2076867,9.0031662 -75.2080829,9.0035393 -75.2086999,9.0040991 -75.209126,9.0044384 -75.2095671,9.0047581 -75.2100233,9.0050555 -75.210494,9.0053296 -75.2109733,9.005589 -75.211455,9.0058437 -75.2119348,9.0061019 -75.2124082,9.006372 -75.2128686,9.0066631 -75.2133103,9.0069816 -75.2137333,9.0073246 -75.2141395,9.0076869 -75.2145329,9.0080627 -75.2149182,9.0084467 -75.2153,9.0088342 -75.2156825,9.0092209 -75.2160698,9.009603 -75.2164658,9.0099763 -75.2168748,9.0103352 -75.2173002,9.0106749 -75.2177408,9.0109951 -75.218194,9.0112972 -75.2186557,9.0115862 -75.2191222,9.0118676 -75.2195902,9.0121463 -75.220057,9.0124271 -75.2205194,9.0127148 -75.2209744,9.0130143 -75.2214183,9.0133298 -75.221847,9.0136656 -75.2222548,9.0140263 -75.2226355,9.0144158 -75.2229827,9.0148345 -75.2232936,9.01528 -75.2235806,9.0157419 -75.2238579,9.0162091 -75.2241324,9.0166777 -75.2244082,9.0171456 -75.2252389,9.0185477 -75.2256892,9.019311 -75.2259996,9.0197708 -75.2266966,9.0203062 -75.2277021,9.0206871 -75.2286304,9.0210682 -75.230639,9.0210619 -75.2314122,9.0212898 -75.2318777,9.0219028 -75.2319564,9.0223633 -75.2319581,9.0229009 -75.2316501,9.0232091 -75.2311863,9.0231337 -75.2303368,9.0232132 -75.2282509,9.0232197 -75.2273241,9.0232994 -75.225161,9.0233062 -75.2240797,9.0233864 -75.2236174,9.0237718 -75.2231546,9.0240037 -75.2226155,9.0245429 -75.2216954,9.0252408 -75.2216538,9.025792 -75.2215793,9.0263325 -75.2214388,9.0268515 -75.2212031,9.0273382 -75.2208738,9.0277822 -75.220467,9.0281729 -75.219999,9.0285 -75.2194859,9.028753 -75.2189441,9.0289215 -75.2183907,9.0290167 -75.2178453,9.0290959 -75.2173275,9.0292228 -75.2168561,9.0294576 -75.2164365,9.029804 -75.2160627,9.0302209 -75.2157291,9.0306673 -75.2154365,9.0311277 -75.2151916,9.0316092 -75.2149998,9.0321186 -75.2148357,9.0326421 -75.2146463,9.0331468 -75.2143832,9.0336031 -75.2140474,9.0340143 -75.2136646,9.0344 -75.2132608,9.0347799 -75.2128618,9.0351738 -75.212547,9.0356798 -75.2121918,9.0360714 -75.2119997,9.0365839 -75.2119617,9.0371372 -75.2120554,9.0377124 -75.2121159,9.0382538 -75.2119633,9.0387014 -75.211544,9.0390195 -75.2109658,9.0392028 -75.2103464,9.0392482 -75.2097812,9.0391607 -75.2092678,9.0389806 -75.2087777,9.0387575 -75.2082825,9.038541 -75.2077612,9.0383737 -75.2072213,9.038272 -75.206677,9.0382457 -75.2061365,9.0382926 -75.2055992,9.0383929 -75.2048063,9.0385935 -75.205291,9.0394204 -75.2055547,9.0398951 -75.2058036,9.0403771 -75.2060372,9.0408669 -75.2062656,9.0413595 -75.2065003,9.0418495 -75.2067505,9.0423325 -75.2070026,9.0428141 -75.2072295,9.0433059 -75.2074135,9.0438152 -75.2075578,9.0443402 -75.2076692,9.0448774 -75.2077077,9.0451045 -75.2077613,9.0454212 -75.2081036,9.0470175 -75.2085806,9.0480333 -75.2114901,9.0489999 -75.212958,9.0489953 -75.2139614,9.048685 -75.2142693,9.0483001 -75.2146522,9.0472237 -75.2151155,9.0471455 -75.2160426,9.0471426 -75.2172802,9.0475995 -75.2179774,9.0482118 -75.2190612,9.0488996 -75.2202216,9.0493568 -75.22169,9.0495058 -75.2237041,9.0511891 -75.2247148,9.0531827 -75.2259553,9.0545612 -75.2269629,9.0555565 -75.2280467,9.0562442 -75.2302937,9.058234 -75.2313812,9.0600737 -75.2331656,9.0623721 -75.2341732,9.0633673 -75.2355661,9.0640541 -75.2377348,9.0657368 -75.2391285,9.066654 -75.2429188,9.0680243 -75.2438507,9.0694805 -75.2440855,9.0704013 -75.2454831,9.0725472 -75.2464908,9.0735424 -75.2476503,9.0736923 -75.2485267,9.0736895 -75.2491183,9.0736876 -75.250469,9.0735448 -75.2526557,9.0735442 -75.253747,9.073642 -75.2542699,9.0737785 -75.2562833,9.0746165 -75.2607857,9.0755411 -75.2621806,9.0751047 -75.2635688,9.0743322 -75.264804,9.074021 -75.2668126,9.0739376 -75.2680506,9.0744712 -75.2696762,9.0753875 -75.2709906,9.0756904 -75.2737675,9.0742989 -75.2754673,9.0742934 -75.2764715,9.0742133 -75.2775522,9.0739025 -75.2785563,9.0738224 -75.2798677,9.0732037 -75.2811014,9.0724317 -75.2822534,9.0703544 -75.2832555,9.0696599 -75.2855723,9.069345 -75.2862667,9.0690355 -75.2867292,9.0687268 -75.2876553,9.0684166 -75.2898733,9.0681359 -75.2909485,9.0678649 -75.2926951,9.0671905 -75.2937717,9.0673207 -75.2947147,9.0677187 -75.2954548,9.0678796 -75.2943253,9.0737295 -75.2934205,9.0772243 -75.2932338,9.078505 -75.2932083,9.0793695 -75.2933156,9.0807022 -75.2942549,9.0851381 -75.294334,9.0859786 -75.2943117,9.0867967 -75.2941825,9.0876334 -75.2937962,9.0889254 -75.2932503,9.0901998 -75.2920058,9.0927237 -75.2916238,9.0939071 -75.2915498,9.0946343 -75.2916258,9.0953883 -75.2920814,9.0965745 -75.2925969,9.0972963 -75.2935184,9.0981111 -75.2946295,9.098689 -75.2954967,9.0989557 -75.2968616,9.0991502 -75.2981941,9.0991298 -75.2995517,9.0989431 -75.3032179,9.0982326 -75.3041249,9.0981573 -75.3049681,9.0981895 -75.3057611,9.0983377 -75.3069363,9.0987855 -75.307725,9.0992263 -75.3088626,9.1000145 -75.3105943,9.1014699 -75.3115558,9.1024255 -75.3124282,9.103454 -75.313182,9.1045817 -75.314162,9.1063806 -75.3150304,9.1082422 -75.3150697,9.1083456 -75.3164921,9.1095754 -75.3170058,9.1104583 -75.3168726,9.1125435 -75.3163779,9.1165072 -75.3158072,9.1189304 -75.3158262,9.1210532 -75.3170438,9.1209592 -75.3176336,9.1205647 -75.3210772,9.1206399 -75.3223519,9.1206962 -75.3233983,9.1205084 -75.3255482,9.1197006 -75.3269371,9.1192874 -75.3281167,9.1188177 -75.3289158,9.1183857 -75.3295055,9.1190995 -75.3298861,9.1200388 -75.3317125,9.1219548 -75.3323594,9.1238709 -75.3329301,9.1249228 -75.3337102,9.1258621 -75.333539,9.1264632 -75.3337102,9.1270455 -75.3353654,9.1276278 -75.3366021,9.1278345 -75.3381431,9.1280974 -75.3393417,9.1274212 -75.3400076,9.1261251 -75.3405213,9.1255615 -75.3415487,9.1259372 -75.3429376,9.12543 -75.3446118,9.1251107 -75.3451636,9.1247726 -75.3463622,9.1238709 -75.3561032,9.1289052 -75.3564647,9.1299947 -75.3564837,9.1310466 -75.3564076,9.1326621 -75.3556847,9.1369261 -75.3576253,9.1370012 -75.3602698,9.1373769 -75.3615445,9.137715 -75.3640369,9.1368322 -75.3650452,9.1389923 -75.3666243,9.1389923 -75.3699538,9.138673 -75.3792002,9.1370012 -75.3795617,9.1376399 -75.3806842,9.1381095 -75.3814072,9.1383537 -75.382035,9.1392929 -75.3825297,9.1399315 -75.3831385,9.1401382 -75.383481,9.1409459 -75.3834239,9.1413215 -75.3832146,9.1424298 -75.3831575,9.1432751 -75.3828531,9.1439513 -75.3822253,9.1445336 -75.380494,9.144928 -75.3798356,9.1451487 -75.3794541,9.1455612 -75.3790692,9.1461061 -75.3787197,9.1470229 -75.3786467,9.1475637 -75.3787241,9.1484601 -75.3807153,9.1502452 -75.3841486,9.1532054 -75.3871469,9.1557588 -75.3884515,9.1578377 -75.390809,9.161182 -75.3914041,9.1602781 -75.3924341,9.1589449 -75.3931894,9.1585382 -75.3936472,9.1582445 -75.394288,9.1580185 -75.3948145,9.1579507 -75.3960504,9.1575892 -75.3966684,9.1568887 -75.3972635,9.156143 -75.3979272,9.1559848 -75.3988199,9.1554425 -75.3992319,9.1538155 -75.3998956,9.1530698 -75.4006281,9.1519852 -75.4024133,9.1501322 -75.4029169,9.1495447 -75.4048102,9.1482718 -75.4058631,9.1471871 -75.406916,9.146577 -75.4079459,9.1461928 -75.4085868,9.1459669 -75.409159,9.1457861 -75.4097999,9.1453341 -75.4104407,9.144837 -75.4110358,9.1456505 -75.411608,9.1469837 -75.4134849,9.1495598 -75.4141486,9.1475035 -75.4145835,9.1466222 -75.4157966,9.1450856 -75.4163001,9.1435941 -75.4183372,9.144611 -75.4198249,9.1454019 -75.4206489,9.1459669 -75.4214271,9.14669 -75.4228919,9.1484977 -75.4238761,9.1496954 -75.4250434,9.1489045 -75.4262336,9.1479328 -75.4271262,9.1472323 -75.4272152,9.148416 -75.4271466,9.1493198 -75.4272152,9.1499526 -75.4277188,9.1505627 -75.4282681,9.1511954 -75.4289776,9.1500429 -75.4297558,9.1495684 -75.4306256,9.1491843 -75.431152,9.1482578 -75.43177,9.1464726 -75.4325024,9.1456139 -75.4328,9.1448456 -75.4332348,9.1431056 -75.4326397,9.1419531 -75.4329602,9.1413204 -75.4340588,9.1398516 -75.4345623,9.1394222 -75.4363705,9.1390155 -75.4385907,9.1391511 -75.4401928,9.1391511 -75.4408316,9.1392363 -75.4427334,9.13949 -75.443443,9.1395352 -75.4436718,9.139829 -75.4456631,9.1400776 -75.4474242,9.1401392 -75.4487554,9.1403932 -75.4482024,9.14206 -75.4477446,9.143574 -75.4473898,9.144372 -75.4493353,9.1450951 -75.4514181,9.1462927 -75.453089,9.1474 -75.4554007,9.1483943 -75.4569323,9.149651 -75.4578307,9.1504171 -75.4583285,9.1517073 -75.4586128,9.1534994 -75.4586489,9.1545771 -75.4610522,9.153967 -75.4611895,9.1543511 -75.4617388,9.1561589 -75.4621508,9.1560233 -75.4625399,9.1573339 -75.4634097,9.1570401 -75.4638217,9.1569949 -75.4650119,9.1571531 -75.4659732,9.1584637 -75.4661334,9.1600003 -75.466408,9.1613108 -75.4670489,9.1642709 -75.4634555,9.1639546 -75.4627001,9.1641579 -75.4617388,9.1658752 -75.4607775,9.1656267 -75.4602011,9.1669611 -75.45945,9.1686997 -75.4591296,9.1695358 -75.459038,9.1715242 -75.4584658,9.1725184 -75.4576419,9.173377 -75.455971,9.1734222 -75.4539569,9.1727443 -75.4539111,9.1762918 -75.455147,9.1765178 -75.455559,9.1792292 -75.457207,9.1793874 -75.4573672,9.1817146 -75.4592631,9.1817747 -75.45908,9.1829948 -75.4589655,9.183989 -75.4589655,9.1852091 -75.4591715,9.1869037 -75.4597666,9.1876041 -75.4600642,9.1884401 -75.4611399,9.1891405 -75.459492,9.1920552 -75.4610255,9.1928234 -75.4599955,9.1949473 -75.461941,9.1961673 -75.462353,9.1951958 -75.4630396,9.1954895 -75.4645731,9.1963481 -75.4637263,9.1975908 -75.463177,9.1985171 -75.4636347,9.1990368 -75.4642985,9.1995112 -75.4639551,9.2000083 -75.4647562,9.2009572 -75.4644129,9.201748 -75.4638407,9.2016802 -75.4636805,9.2021095 -75.4642527,9.2023581 -75.4637263,9.202697 -75.4640238,9.2031036 -75.4653284,9.2038492 -75.4668848,9.2044367 -75.4667475,9.2053178 -75.4664042,9.2068767 -75.4663584,9.2079838 -75.4668391,9.2107628 -75.466656,9.2116213 -75.4655115,9.2145358 -75.465214,9.2185347 -75.464802,9.2219688 -75.4645502,9.2228499 -75.4637924,9.2240013 -75.4633105,9.2245718 -75.4624865,9.2247074 -75.4623263,9.2260629 -75.4619143,9.2271925 -75.4617083,9.2277799 -75.4613879,9.2296776 -75.4608843,9.2306491 -75.4601977,9.2317335 -75.4600146,9.2327953 -75.4602892,9.2335634 -75.4602663,9.2342637 -75.4598772,9.2350318 -75.4592364,9.235687 -75.4588244,9.2358903 -75.4584811,9.2365229 -75.4582262,9.2372665 -75.4588671,9.237515 -75.4599429,9.2376957 -75.461235,9.2382104 -75.4623768,9.2387907 -75.4626515,9.2390844 -75.463361,9.2395814 -75.464391,9.2392199 -75.4650318,9.2400784 -75.4652836,9.2406432 -75.4660389,9.2407561 -75.4660389,9.2411176 -75.4661534,9.2417276 -75.4665653,9.242089 -75.4675983,9.242185 -75.4675266,9.242586 -75.468076,9.2430604 -75.4680531,9.2434445 -75.4679615,9.2439415 -75.4682362,9.2443481 -75.4680989,9.2445966 -75.4684651,9.245184 -75.4683735,9.2455906 -75.4680531,9.2459069 -75.4681904,9.2464942 -75.4687855,9.2464942 -75.4697239,9.2468557 -75.4707997,9.2472172 -75.4720356,9.2471494 -75.4733631,9.2470364 -75.4738896,9.2469235 -75.4743275,9.2473809 -75.474625,9.2482168 -75.4762501,9.2476972 -75.4779804,9.2474681 -75.4786386,9.2467903 -75.4794855,9.2473777 -75.4807444,9.2482135 -75.4811701,9.2490281 -75.4813032,9.2493661 -75.4809037,9.2495538 -75.4809037,9.2498167 -75.4806944,9.2500045 -75.480371,9.2506993 -75.4810179,9.2511688 -75.4805993,9.2518448 -75.4812462,9.2521828 -75.4809988,9.252671 -75.4819121,9.2529151 -75.481113,9.2545112 -75.4825399,9.2549431 -75.4867636,9.2551872 -75.4872773,9.2534785 -75.4885139,9.2543986 -75.4910063,9.257065 -75.4914248,9.2590555 -75.4921288,9.259431 -75.4933464,9.2605013 -75.4943602,9.2606301 -75.495268,9.2607454 -75.4957436,9.2616092 -75.4962002,9.2618909 -75.4970183,9.2599005 -75.4976081,9.258755 -75.4998341,9.2593747 -75.4987979,9.2611521 -75.4978745,9.2627359 -75.4973227,9.2640503 -75.4967139,9.2644822 -75.4969993,9.2653647 -75.4964476,9.2667918 -75.4954582,9.2684066 -75.494545,9.2691765 -75.494545,9.2701904 -75.4943928,9.2707913 -75.493765,9.2720681 -75.4926615,9.272162 -75.4909872,9.2730445 -75.4918053,9.2740585 -75.4929469,9.2746218 -75.493822,9.2736266 -75.4948114,9.2743965 -75.4935937,9.2755794 -75.4951538,9.2768374 -75.4980647,9.2774195 -75.497494,9.2792972 -75.496633,9.2807606 -75.4964213,9.2811203 -75.4961241,9.2816255 -75.496029,9.2822263 -75.4966188,9.2839162 -75.4966949,9.2847236 -75.4970944,9.284517 -75.4973227,9.285024 -75.4967329,9.2855122 -75.496809,9.2858314 -75.4972379,9.2863767 -75.4977161,9.2855901 -75.4984334,9.286062 -75.5001904,9.2840587 -75.5004857,9.283722 -75.5010237,9.2830927 -75.5019602,9.2826601 -75.5028967,9.2792582 -75.5065942,9.2751611 -75.507668,9.2735849 -75.5078332,9.2730958 -75.5078241,9.2715016 -75.5076181,9.2695363 -75.5074579,9.2684069 -75.5080529,9.2675711 -75.5086709,9.2657865 -75.5105935,9.2644763 -75.5111657,9.2634824 -75.5110055,9.2603424 -75.5114862,9.2594388 -75.5121728,9.2586029 -75.5127679,9.2590547 -75.5136538,9.2602789 -75.5139123,9.260636 -75.5144616,9.2605005 -75.5147737,9.2608616 -75.5162446,9.2625635 -75.515352,9.2638511 -75.5169999,9.2643707 -75.5177095,9.2626764 -75.5199067,9.2629701 -75.5204103,9.2627668 -75.5211198,9.2621795 -75.5221727,9.2610952 -75.5237519,9.2610048 -75.525171,9.2609822 -75.526613,9.2600334 -75.5286958,9.2600334 -75.5301149,9.2595139 -75.5305955,9.2596268 -75.5313279,9.259288 -75.5326816,9.2593021 -75.5347873,9.2595506 -75.5366184,9.2595506 -75.5381977,9.2588051 -75.5387241,9.2575626 -75.5390903,9.2569753 -75.5400516,9.2571334 -75.5412876,9.2574497 -75.5426609,9.2581726 -75.5425693,9.2586018 -75.5438968,9.2589406 -75.5441944,9.2577885 -75.5446292,9.2568172 -75.5454303,9.2571334 -75.5455219,9.2579919 -75.5462085,9.2586018 -75.5469289,9.2586907 -75.5471241,9.2587147 -75.5479709,9.2586696 -75.5484516,9.2591439 -75.5490009,9.2597539 -75.5496418,9.260793 -75.5509235,9.2619225 -75.5519077,9.2620806 -75.553075,9.2634586 -75.5535327,9.263933 -75.5540592,9.2644525 -75.5539676,9.2648592 -75.5546772,9.2654465 -75.5553409,9.2654465 -75.5561191,9.2659209 -75.5568744,9.2671181 -75.5575153,9.2677506 -75.5579502,9.2688123 -75.5577671,9.2693545 -75.5579502,9.2710035 -75.5579731,9.2716811 -75.5592703,9.2727755 -75.5610556,9.2747181 -75.5618338,9.2755765 -75.5635504,9.2766382 -75.5646948,9.2775869 -75.5655416,9.2784905 -75.5665405,9.2792843 -75.567304,9.279891 -75.5680593,9.2805009 -75.5688146,9.2803201 -75.5707373,9.2793488 -75.5722479,9.2786486 -75.5734624,9.2779186 -75.5760088,9.2763881 -75.5774508,9.275462 -75.5788927,9.2743326 -75.5796709,9.2735645 -75.5847521,9.2725028 -75.5859836,9.2726738 -75.5859429,9.2741571 -75.5860116,9.2751284 -75.5859887,9.2756706 -75.5860116,9.2763482 -75.5863778,9.2769581 -75.5879113,9.2777713 -75.5885979,9.2782005 -75.5907723,9.2787652 -75.5927407,9.2796914 -75.5941827,9.2798495 -75.5965401,9.2796462 -75.5990807,9.2794429 -75.6009576,9.2802561 -75.60272,9.2801206 -75.604757,9.2800302 -75.606794,9.2808886 -75.6094491,9.2812726 -75.6102731,9.28317 -75.6085212,9.2834109 -75.6080863,9.2835238 -75.6062324,9.287409 -75.6065986,9.2884255 -75.6040351,9.2930108 -75.6045387,9.296399 -75.6031425,9.2998323 -75.6002586,9.3006454 -75.5985191,9.302475 -75.5959098,9.2985674 -75.594857,9.298477 -75.5957725,9.2969185 -75.5938499,9.2961957 -75.5931861,9.2976413 -75.5916526,9.2971218 -75.5912864,9.2965345 -75.5906913,9.2973251 -75.5903251,9.2984996 -75.5898902,9.2999904 -75.5887687,9.3015489 -75.5879676,9.302746 -75.5901878,9.3038528 -75.5920875,9.3055468 -75.5938728,9.3083476 -75.5949485,9.3099964 -75.5962302,9.311058 -75.5962531,9.3118485 -75.5986106,9.3159141 -75.5994104,9.3163951 -75.6011926,9.317815 -75.6020468,9.3186814 -75.602834,9.3197793 -75.6035193,9.3212283 -75.6040274,9.3220901 -75.6046154,9.3227993 -75.6062492,9.3243755 -75.6084061,9.327456 -75.6089991,9.328487 -75.6093154,9.3291906 -75.6097645,9.3307286 -75.6101303,9.3327783 -75.6105812,9.3371323 -75.6121826,9.3373928 -75.6133273,9.3389734 -75.6162345,9.3402124 -75.61881,9.340658 -75.6199404,9.3411221 -75.6207619,9.3425473 -75.6220674,9.3441258 -75.6230495,9.3455489 -75.6246741,9.3469638 -75.6250222,9.3490331 -75.6248824,9.3506301 -75.6250575,9.3517445 -75.6255497,9.3525358 -75.6268427,9.3531573 -75.6276321,9.3531454 -75.6285375,9.3524814 -75.6297277,9.3530911 -75.6309178,9.3536557 -75.6335271,9.352775 -75.634969,9.3526394 -75.6355413,9.3504036 -75.6367772,9.3489131 -75.6409658,9.3488905 -75.6432317,9.3513973 -75.645429,9.3527524 -75.6463903,9.3531137 -75.6458867,9.3552818 -75.6483815,9.3613116 -75.6488802,9.3622116 -75.6504814,9.3605882 -75.6525413,9.3588493 -75.6543724,9.3596397 -75.6564323,9.3598203 -75.6601859,9.3608818 -75.6611701,9.3607237 -75.660781,9.3578782 -75.6621772,9.356207 -75.6646949,9.3535872 -75.665908,9.3520064 -75.6673042,9.3498383 -75.670829,9.3442148 -75.67163,9.3425436 -75.6745826,9.3453215 -75.6781761,9.3472411 -75.6790229,9.3443503 -75.6797096,9.3446213 -75.679,9.3476702 -75.6786796,9.3480767 -75.68106,9.3494544 -75.6815635,9.3497706 -75.6827308,9.3490253 -75.6832801,9.3491834 -75.6853858,9.3506062 -75.6857063,9.3510353 -75.6856605,9.3518257 -75.6851341,9.3543325 -75.6850654,9.3555295 -75.6849967,9.3563876 -75.685363,9.3566361 -75.6858436,9.3561166 -75.6865989,9.3547616 -75.6871025,9.3550552 -75.688636,9.3593912 -75.6885902,9.3624626 -75.689254,9.3647661 -75.6904441,9.3650822 -75.6909706,9.3658049 -75.6915428,9.3666856 -75.6933509,9.3668211 -75.6944038,9.3673857 -75.6956398,9.3691246 -75.6969902,9.3704344 -75.6984321,9.371541 -75.699485,9.3720378 -75.7008125,9.3720152 -75.701934,9.3723088 -75.702528,9.3725695 -75.701963,9.3731908 -75.7012135,9.3741459 -75.7001127,9.3757316 -75.6991895,9.3773454 -75.6985106,9.3782093 -75.6977457,9.3794363 -75.6970639,9.381027 -75.6965511,9.3825904 -75.6956904,9.3837282 -75.6948423,9.384344 -75.6913101,9.3877063 -75.6902296,9.3885143 -75.6880445,9.3899629 -75.6870373,9.3908978 -75.6876388,9.3916496 -75.6892413,9.3926626 -75.6927839,9.3946085 -75.6966047,9.3973203 -75.6977406,9.4095839 -75.6963369,9.4118557 -75.6964365,9.4119073 -75.6965867,9.4118782 -75.6966376,9.4118596 -75.6968173,9.4118199 -75.6970453,9.4118014 -75.6973162,9.4118385 -75.6975764,9.4118252 -75.6978956,9.411767 -75.6981236,9.4117935 -75.6983435,9.4117697 -75.6984964,9.4118411 -75.6988665,9.4118914 -75.6989792,9.411939 -75.6992769,9.4120105 -75.6996632,9.4120925 -75.6998295,9.4121534 -75.699926,9.4121639 -75.7001138,9.4121534 -75.7001513,9.4120607 -75.7002237,9.4120052 -75.7003049,9.4121476 -75.7006475,9.4123545 -75.7007521,9.4124312 -75.7007468,9.4125159 -75.7008272,9.4127037 -75.7008863,9.4128546 -75.7008755,9.4128837 -75.7009265,9.4129657 -75.701015,9.4131192 -75.7010821,9.4132621 -75.7009694,9.4133811 -75.7009265,9.4135108 -75.7009506,9.4135584 -75.7011196,9.4134817 -75.7012993,9.4134605 -75.7014227,9.4134605 -75.7016936,9.413397 -75.7023883,9.4131933 -75.7027611,9.413106 -75.703193,9.413016 -75.7033375,9.4130405 -75.7035926,9.4130636 -75.7039331,9.4132299 -75.7040593,9.4134711 -75.7042712,9.4135743 -75.7044911,9.4135214 -75.7047701,9.4134447 -75.7049444,9.4134738 -75.7050571,9.4135002 -75.7051644,9.4134526 -75.7053816,9.4134103 -75.7058162,9.4133044 -75.7059476,9.4134817 -75.7059637,9.4134817 -75.7061058,9.4134685 -75.7063043,9.4134261 -75.7065216,9.4133838 -75.7068408,9.4134129 -75.7072431,9.4134288 -75.707522,9.4134552 -75.7077661,9.4134738 -75.7081282,9.4133811 -75.7082918,9.4133997 -75.7085681,9.4134579 -75.709016,9.4135902 -75.7091206,9.4135955 -75.709759,9.4137172 -75.7101318,9.4138204 -75.710333,9.4139606 -75.7104912,9.4140374 -75.7108238,9.4141273 -75.7110867,9.4142094 -75.7111672,9.4141723 -75.7113147,9.4140929 -75.7115454,9.4140638 -75.711776,9.4140638 -75.7120067,9.4140877 -75.7122883,9.4140665 -75.7125914,9.4139395 -75.7126973,9.4139132 -75.7130512,9.413658 -75.7133351,9.413486 -75.713606,9.4133343 -75.7138353,9.4132771 -75.7141075,9.4131129 -75.7144421,9.4129975 -75.714587,9.4129657 -75.7150725,9.4128228 -75.7153836,9.4127514 -75.7155579,9.4127884 -75.7156464,9.4128625 -75.7158449,9.4130848 -75.7158718,9.4132224 -75.7159066,9.4133679 -75.7159683,9.4135002 -75.7160595,9.413532 -75.7162258,9.4134791 -75.7166764,9.4136669 -75.7168373,9.4136828 -75.7169795,9.4136828 -75.717288,9.4136537 -75.7176635,9.4135187 -75.7177761,9.4134923 -75.7181758,9.4132912 -75.7182536,9.41327 -75.7185084,9.413225 -75.7188678,9.4131906 -75.7190877,9.4131668 -75.719541,9.413143 -75.7198495,9.4131377 -75.720107,9.4131509 -75.7205093,9.4132462 -75.720512,9.4136034 -75.7211235,9.4135955 -75.7217367,9.4137903 -75.7220891,9.4139527 -75.722337,9.4140602 -75.722207,9.4142772 -75.7221352,9.4144422 -75.7220598,9.4146107 -75.7221267,9.4146275 -75.7225557,9.4146296 -75.7230048,9.4146696 -75.7235756,9.4147115 -75.7240819,9.4147421 -75.7243824,9.4147703 -75.7245621,9.4148047 -75.7247955,9.4149238 -75.7249537,9.4150429 -75.7251299,9.4151601 -75.7252648,9.415244 -75.7255134,9.4155417 -75.7253927,9.4156403 -75.7255009,9.415797 -75.7255786,9.4159769 -75.7253292,9.4161013 -75.7254419,9.4162151 -75.7254794,9.4163712 -75.7256001,9.4166173 -75.7256001,9.4167602 -75.7256216,9.416866 -75.7257181,9.4169322 -75.7259864,9.417128 -75.7261124,9.4172682 -75.7262465,9.4173503 -75.7263552,9.4174786 -75.7264202,9.4176452 -75.7263944,9.4177387 -75.7266435,9.4178609 -75.7270532,9.4181539 -75.7270673,9.4182499 -75.7269674,9.4184004 -75.727077,9.4184603 -75.7271523,9.4185365 -75.7272897,9.4186866 -75.7270951,9.418899 -75.7274699,9.4190824 -75.7276509,9.4192248 -75.7277802,9.4194805 -75.7278802,9.4198294 -75.7276718,9.4201756 -75.7282533,9.4202101 -75.7283799,9.4202928 -75.7288056,9.4202601 -75.7290127,9.4202557 -75.7290206,9.4205797 -75.7290343,9.4207266 -75.7296319,9.4204336 -75.7300582,9.4203785 -75.7305058,9.4204875 -75.7307908,9.4206125 -75.7309593,9.4208676 -75.7308331,9.421242 -75.7314103,9.4210311 -75.7316631,9.4209681 -75.7318169,9.420982 -75.731866,9.4210621 -75.7323002,9.4210039 -75.7329536,9.420638 -75.7328145,9.4202845 -75.7333499,9.4204092 -75.7346314,9.4198353 -75.7358876,9.4193405 -75.7374009,9.4190411 -75.7387237,9.418738 -75.7391756,9.4189038 -75.7393822,9.419224 -75.7394327,9.4195318 -75.7397363,9.419827 -75.7398332,9.4198645 -75.7400946,9.4198853 -75.7403348,9.4198353 -75.7408365,9.4197896 -75.7415109,9.4198021 -75.741844,9.4196357 -75.7424805,9.4195941 -75.7435175,9.4197231 -75.744466,9.4201431 -75.7446557,9.4204092 -75.7449128,9.4206463 -75.7452753,9.4206712 -75.7456181,9.4209388 -75.7458233,9.4207793 -75.7459498,9.4205298 -75.7461437,9.4199102 -75.7462533,9.4193862 -75.7474168,9.4183715 -75.7486392,9.4174941 -75.7501062,9.4160801 -75.7515479,9.4151403 -75.7535123,9.4141006 -75.7549513,9.4130548 -75.7561258,9.4121169 -75.7570827,9.4107196 -75.7568385,9.4105492 -75.7572969,9.4093643 -75.7577807,9.4087942 -75.7603208,9.4066463 -75.7626592,9.4049492 -75.7661695,9.4031065 -75.7670634,9.4027391 -75.7674487,9.4026436 -75.7675008,9.4026326 -75.7678545,9.4024857 -75.7682555,9.4023755 -75.7682929,9.4023593 -75.7686062,9.4021359 -75.7690082,9.4020387 -75.7690538,9.4020206 -75.7693627,9.4018891 -75.7697315,9.4017697 -75.7697665,9.4017563 -75.7703646,9.4015977 -75.7709566,9.4014449 -75.7709995,9.4014331 -75.7718096,9.4012686 -75.7723469,9.401231 -75.7723839,9.4012242 -75.7731133,9.4011788 -75.7738586,9.4012613 -75.7739345,9.4012666 -75.7743214,9.4013074 -75.7746754,9.4014039 -75.7750138,9.4015259 -75.7750666,9.4015616 -75.7755813,9.4018539 -75.7759216,9.4021278 -75.7762325,9.4024685 -75.7762934,9.402698 -75.7762432,9.4029179 -75.7761117,9.4030821 -75.775868,9.4032175 -75.775859,9.4033612 -75.7759546,9.4034663 -75.7761802,9.4034007 -75.7762544,9.403473 -75.7762845,9.4035765 -75.7759739,9.4038734 -75.7759708,9.4038936 -75.7760531,9.4040085 -75.7760491,9.4040226 -75.7759948,9.4040597 -75.7759745,9.4040863 -75.775967,9.4041224 -75.7760161,9.4045449 -75.7761011,9.4047137 -75.7761009,9.4047494 -75.7760857,9.4047817 -75.7758819,9.4049965 -75.7758814,9.4050198 -75.77625,9.4054002 -75.7762668,9.405399 -75.7768754,9.4048795 -75.7768773,9.4048651 -75.7768111,9.4047162 -75.7767844,9.404721 -75.7767669,9.4047377 -75.7767926,9.4048098 -75.7767754,9.4048284 -75.7767493,9.4048328 -75.7767108,9.4047759 -75.7766891,9.4043398 -75.7766795,9.4043299 -75.7765529,9.404306 -75.7765419,9.404279 -75.7765509,9.4042534 -75.7766387,9.4042287 -75.7766501,9.4042192 -75.7766901,9.4041286 -75.7766988,9.4041173 -75.7777178,9.403607 -75.7777276,9.4035831 -75.7777053,9.403465 -75.7777228,9.4034414 -75.7785521,9.4032508 -75.7785755,9.4032544 -75.7787854,9.40339 -75.7788264,9.4033961 -75.7796978,9.4032525 -75.7797128,9.403241 -75.7799904,9.4026768 -75.7799822,9.4026011 -75.7799345,9.4025396 -75.7796,9.4023473 -75.7794109,9.4021003 -75.7794086,9.4020885 -75.7794431,9.4020283 -75.779439,9.4020147 -75.7791044,9.401876 -75.7790678,9.4018039 -75.7790764,9.4017189 -75.779125,9.4016565 -75.7793396,9.401638 -75.7793767,9.4016289 -75.7795601,9.40154 -75.7795668,9.4015108 -75.7795536,9.4014801 -75.7792899,9.4014434 -75.7789741,9.4014389 -75.7786138,9.4014983 -75.7777475,9.4013258 -75.7769124,9.4016504 -75.7776218,9.4012182 -75.7776267,9.4011195 -75.7775587,9.4010343 -75.7774484,9.4010177 -75.7769564,9.4011763 -75.7766935,9.4011471 -75.7764781,9.4010207 -75.7763312,9.4008158 -75.7762811,9.4005645 -75.7763543,9.3999631 -75.7765385,9.3992849 -75.7768622,9.3986794 -75.7769196,9.3986466 -75.7769898,9.3986539 -75.7771378,9.3987869 -75.7772743,9.3986692 -75.7774853,9.3988985 -75.777716,9.3987048 -75.7774957,9.398449 -75.7779435,9.397615 -75.7779438,9.3974154 -75.7777294,9.3970282 -75.7776444,9.3967911 -75.7776162,9.3965754 -75.7776519,9.3964415 -75.7777382,9.3963373 -75.7779864,9.3961361 -75.7780588,9.3960501 -75.7785247,9.3957911 -75.7785483,9.3957048 -75.7785089,9.3953589 -75.7785241,9.3951478 -75.7785357,9.3951373 -75.7785499,9.3951278 -75.7786945,9.395157 -75.7787956,9.3952107 -75.7789637,9.3953389 -75.7800617,9.3953496 -75.7804856,9.395605 -75.7808649,9.3951735 -75.781503,9.3949798 -75.7817752,9.3956974 -75.7821858,9.3954245 -75.7820608,9.3947993 -75.7821947,9.394337 -75.7828418,9.393571 -75.7835647,9.3932804 -75.7841537,9.3929414 -75.7847785,9.3927081 -75.7861038,9.3928225 -75.7868134,9.3929106 -75.78976,9.3935399 -75.7902896,9.3936116 -75.7908368,9.3937757 -75.7910353,9.3939398 -75.7911425,9.3941431 -75.7911836,9.3944177 -75.7914391,9.3943007 -75.7915114,9.3941541 -75.791649,9.3940486 -75.7916763,9.3939504 -75.7917099,9.3938961 -75.7917957,9.3939027 -75.7918359,9.3939239 -75.791785,9.3939967 -75.7917796,9.3940668 -75.7917783,9.3941528 -75.7918628,9.3942428 -75.7921783,9.3942647 -75.7934855,9.3949673 -75.794339,9.395426 -75.7944165,9.3964191 -75.7952037,9.3965337 -75.7961458,9.3962154 -75.7978012,9.3960221 -75.7992602,9.3964054 -75.7996265,9.3966305 -75.799974,9.396844 -75.8003492,9.3970745 -75.8008808,9.3967781 -75.8009994,9.396427 -75.801255,9.3962739 -75.8016382,9.3962379 -75.8017751,9.3961839 -75.8018937,9.3958868 -75.8026238,9.3958508 -75.8031713,9.396661 -75.8036915,9.3982906 -75.8044326,9.3996918 -75.8049325,9.4000822 -75.8052337,9.4001632 -75.8053979,9.4004423 -75.8051242,9.4007394 -75.8050329,9.4010275 -75.8055493,9.4017446 -75.80502,9.4015916 -75.8046367,9.4020687 -75.805065,9.4028451 -75.8057135,9.4024829 -75.8064801,9.4021768 -75.8071103,9.4015387 -75.8075995,9.4006124 -75.807709,9.4000722 -75.8082474,9.3997841 -75.808106,9.3991764 -75.8080797,9.3985555 -75.8084619,9.3989198 -75.8091234,9.3990234 -75.8094428,9.3989603 -75.8095996,9.3990323 -75.8097577,9.3991899 -75.8099235,9.3991399 -75.8100588,9.3991089 -75.8101044,9.3988838 -75.8100451,9.3985642 -75.8098809,9.3982581 -75.8102915,9.3982446 -75.8107615,9.39797 -75.8110832,9.3977855 -75.8114048,9.3976009 -75.8122307,9.3973398 -75.8124223,9.3973488 -75.8128421,9.3969932 -75.8132345,9.3971913 -75.8133257,9.3973803 -75.8137683,9.3972453 -75.8140421,9.3974298 -75.8145805,9.3971147 -75.8145212,9.3967591 -75.814941,9.3966601 -75.8157851,9.3966691 -75.8161866,9.3967816 -75.8165151,9.3966241 -75.8169303,9.3966376 -75.8174003,9.3969932 -75.818034,9.3969593 -75.8185136,9.3970607 -75.8187919,9.397799 -75.8195148,9.3987178 -75.8194946,9.3988793 -75.8197501,9.3989018 -75.8199782,9.3990009 -75.8200604,9.3991089 -75.8206718,9.3988928 -75.820795,9.3990459 -75.8207037,9.3991314 -75.8205075,9.399469 -75.8205668,9.3997841 -75.8207128,9.3999147 -75.8208451,9.3997256 -75.8209775,9.3995095 -75.8212193,9.3997706 -75.8214885,9.3995996 -75.8218216,9.399496 -75.8221273,9.3996041 -75.8223828,9.3994375 -75.8225242,9.3991989 -75.8225699,9.3988748 -75.8228345,9.3988163 -75.8231585,9.3982896 -75.8233635,9.3973333 -75.8231249,9.3969594 -75.8231676,9.3966286 -75.8234185,9.3961109 -75.8237145,9.3959759 -75.823455,9.3954402 -75.8233547,9.3949675 -75.8227798,9.3947514 -75.8227204,9.3946254 -75.8229805,9.3945444 -75.8232588,9.3945534 -75.8237699,9.3947289 -75.8242902,9.3948677 -75.8245227,9.3944048 -75.8244634,9.3936575 -75.8247535,9.3933994 -75.825273,9.3934687 -75.8264805,9.39466 -75.8272527,9.394937 -75.8275363,9.3947605 -75.8281041,9.3943785 -75.828317,9.3939965 -75.8284009,9.3936018 -75.8287236,9.3941048 -75.8289559,9.3943021 -75.8290139,9.3946268 -75.8290655,9.3949515 -75.8298528,9.3952507 -75.8296398,9.3954353 -75.8295495,9.3957854 -75.8293624,9.3957409 -75.8291494,9.3956135 -75.8289881,9.3956581 -75.8287429,9.3958937 -75.8284396,9.3961037 -75.8282355,9.3963499 -75.8284913,9.3967276 -75.8290919,9.3974857 -75.8302853,9.3975827 -75.8319702,9.3960174 -75.8335965,9.3954034 -75.8343149,9.3952971 -75.8347641,9.3955603 -75.8338375,9.3961559 -75.833338,9.3965591 -75.8332197,9.3966546 -75.8332338,9.397555 -75.8341323,9.3979705 -75.8350871,9.3978182 -75.8368281,9.398483 -75.8378389,9.3979705 -75.8377687,9.3988293 -75.8382321,9.3992172 -75.837516,9.3998821 -75.8354942,9.3998821 -75.835059,9.4003669 -75.8341604,9.401198 -75.8338656,9.4018213 -75.8340762,9.4023061 -75.8320544,9.4027216 -75.8309452,9.4036774 -75.832967,9.4038464 -75.8332282,9.4041677 -75.8339919,9.4040015 -75.8341043,9.403381 -75.8346771,9.4036469 -75.834913,9.4042896 -75.8353847,9.4045445 -75.8357089,9.4049105 -75.8361213,9.4048918 -75.8365768,9.4043699 -75.8368068,9.4045333 -75.836931,9.4045106 -75.8367654,9.4049145 -75.8367424,9.4053956 -75.8357383,9.4052178 -75.8349907,9.405466 -75.8349548,9.4051398 -75.8343869,9.4049412 -75.8339196,9.4052603 -75.8333805,9.4052249 -75.8324675,9.4055866 -75.8321728,9.4063596 -75.83264,9.4068489 -75.8338656,9.4070156 -75.8344412,9.4072261 -75.8343626,9.4075807 -75.8342166,9.4080572 -75.8338909,9.4080018 -75.8330512,9.4085669 -75.8323492,9.4092041 -75.8324307,9.4097304 -75.8320825,9.4098689 -75.8317455,9.409495 -75.8310716,9.409772 -75.8309452,9.4103676 -75.8295552,9.4117943 -75.828783,9.4117112 -75.8290077,9.4125007 -75.8279547,9.413304 -75.8281793,9.4127915 -75.8280389,9.4122652 -75.8275615,9.4119189 -75.8271825,9.4119743 -75.8268034,9.4130963 -75.827716,9.4137473 -75.8271263,9.4148277 -75.8264805,9.4150216 -75.8246833,9.4160188 -75.8228451,9.4167501 -75.8199055,9.4168663 -75.8170569,9.4167918 -75.8141998,9.4177568 -75.8135709,9.4184044 -75.8119616,9.4184734 -75.8108305,9.4183699 -75.8096528,9.4181513 -75.8088248,9.4177717 -75.8083934,9.4172885 -75.8076238,9.4172425 -75.806736,9.4173745 -75.8061031,9.4171504 -75.8043918,9.4162587 -75.8021551,9.4153144 -75.8003858,9.4149167 -75.7996477,9.4148382 -75.7992862,9.4144126 -75.7987848,9.414148 -75.7983183,9.4138259 -75.7987148,9.4135268 -75.7991229,9.4135498 -75.799741,9.4137223 -75.7998576,9.4135498 -75.7997759,9.4131701 -75.7995544,9.412802 -75.7990063,9.4122613 -75.7982717,9.4111915 -75.7974204,9.4104667 -75.7972572,9.4098915 -75.7971056,9.4110074 -75.7969073,9.4121118 -75.7964059,9.4125144 -75.7952048,9.4134347 -75.7941087,9.4145161 -75.7934674,9.4153789 -75.7929307,9.4142778 -75.7930942,9.4134922 -75.7930826,9.412756 -75.7933274,9.4120658 -75.7933974,9.411387 -75.7934557,9.4109499 -75.7928843,9.4105357 -75.7925695,9.4107313 -75.7920097,9.4096384 -75.7912868,9.4103919 -75.7910885,9.4111167 -75.7909836,9.4117149 -75.7912226,9.4143781 -75.7911993,9.415632 -75.7911993,9.4161381 -75.7912926,9.4166443 -75.7916774,9.4175991 -75.7915258,9.4190486 -75.7922488,9.4215679 -75.7931583,9.4232014 -75.7926569,9.424927 -75.792587,9.4259278 -75.7926336,9.426802 -75.7926802,9.4271011 -75.7941029,9.4286771 -75.795164,9.4298044 -75.7968432,9.4310353 -75.7996533,9.4319901 -75.8028836,9.4323237 -75.8061487,9.431875 -75.8081893,9.4312539 -75.8097869,9.4309318 -75.8117343,9.4307707 -75.8120957,9.4308627 -75.8122707,9.4312999 -75.8129138,9.4315555 -75.8139213,9.4308977 -75.814963,9.4303049 -75.8156721,9.4301178 -75.816002,9.4301747 -75.8162741,9.4302886 -75.8165462,9.4301584 -75.8166121,9.4300364 -75.8171677,9.4298563 -75.8163552,9.4296697 -75.8166817,9.4290188 -75.8171501,9.427981 -75.8181553,9.427061 -75.8185441,9.4261592 -75.8189178,9.4237996 -75.8205979,9.4223935 -75.8226323,9.4224432 -75.8233368,9.422663 -75.8248248,9.4232303 -75.8258025,9.4241239 -75.8265716,9.4245423 -75.8268951,9.4248118 -75.8270317,9.4254996 -75.8273264,9.4256911 -75.8274774,9.4260386 -75.8271036,9.4267406 -75.8271036,9.4273151 -75.827715,9.4278782 -75.8283256,9.4278682 -75.8292458,9.4279604 -75.8296268,9.4282086 -75.8295908,9.4285844 -75.8298928,9.4289603 -75.8304607,9.429017 -75.8306188,9.4295843 -75.8310285,9.4296694 -75.8317474,9.4292156 -75.8320633,9.4292541 -75.8324734,9.4292652 -75.832606,9.4295651 -75.8334008,9.4290454 -75.833895,9.4289155 -75.8358494,9.4287271 -75.8377813,9.4272978 -75.8387585,9.4269986 -75.8398592,9.4267327 -75.8403984,9.4267327 -75.8410386,9.4261565 -75.8417575,9.4261343 -75.8425437,9.425403 -75.8430379,9.4253587 -75.843184,9.4258351 -75.8435995,9.4260235 -75.8459471,9.4258906 -75.8468497,9.4256 -75.8473923,9.4254252 -75.8475645,9.4253698 -75.8488449,9.4253587 -75.8497098,9.4257133 -75.8500967,9.4265172 -75.8502377,9.4268102 -75.8539668,9.4260568 -75.8570893,9.425259 -75.8622224,9.4246385 -75.863201,9.4245951 -75.8661424,9.4244612 -75.8719382,9.423619 -75.8757459,9.4235969 -75.8818112,9.4237188 -75.886495,9.4243836 -75.891572,9.4257465 -75.89283,9.4265443 -75.8987942,9.4287626 -75.9030085,9.4300213 -75.9067016,9.4312623 -75.9124355,9.4336972 -75.914433,9.4346683 -75.9152589,9.4357027 -75.9161174,9.4369014 -75.9165988,9.4381707 -75.9176165,9.4401558 -75.9178302,9.4407607 -75.917996,9.441364 -75.9183187,9.4418016 -75.9184504,9.4431625 -75.9186428,9.443685 -75.9185636,9.4443655 -75.9184885,9.4451195 -75.918467,9.4452809 -75.918467,9.4454556 -75.9184483,9.4457784 -75.9183678,9.4461858 -75.9184483,9.4463684 -75.9186414,9.4466462 -75.9188452,9.4468631 -75.9190249,9.4469796 -75.91921,9.4469954 -75.9195426,9.4469319 -75.9198055,9.4468208 -75.920181,9.4467414 -75.9208864,9.4465271 -75.9214175,9.4466647 -75.9223509,9.4470034 -75.9227318,9.446961 -75.922847,9.4468406 -75.9230441,9.4466083 -75.9233437,9.4460088 -75.9236705,9.444762 -75.9238106,9.4446486 -75.923969,9.4446486 -75.923838,9.4456956 -75.9236245,9.4467866 -75.9234677,9.4471654 -75.9233562,9.4474347 -75.9232789,9.4476384 -75.9231663,9.4478289 -75.9231395,9.4478342 -75.9231126,9.4479982 -75.9232146,9.4481834 -75.923456,9.448485 -75.9237295,9.448702 -75.9241802,9.4487179 -75.9244913,9.4486438 -75.925135,9.448411 -75.9273237,9.4479506 -75.9321822,9.4468568 -75.9413785,9.4449026 -75.9428966,9.4445692 -75.9442431,9.4441882 -75.9460509,9.4435585 -75.9467322,9.4433839 -75.9473491,9.4433892 -75.9478426,9.4434791 -75.9479579,9.4435982 -75.9480599,9.443704 -75.9482664,9.443786 -75.9485668,9.4438786 -75.9488565,9.4438892 -75.9490496,9.4438337 -75.9491569,9.4437146 -75.9492105,9.4435611 -75.9491515,9.4434183 -75.948945,9.4432648 -75.9488189,9.4430425 -75.9486634,9.4425266 -75.9485936,9.4420768 -75.9486191,9.4417897 -75.9486848,9.4415661 -75.9487867,9.4412645 -75.9487881,9.4410383 -75.9487398,9.4409258 -75.9486432,9.4407697 -75.9485386,9.4407181 -75.9484582,9.4407406 -75.9483603,9.4408531 -75.9482262,9.4409047 -75.9481336,9.4409219 -75.948029,9.4408809 -75.9478855,9.4406242 -75.9477702,9.4403702 -75.9476441,9.440148 -75.9480004,9.4395452 -75.9482637,9.439087 -75.948316,9.4392404 -75.9484246,9.4394256 -75.94854,9.4395923 -75.9486607,9.4397484 -75.9488149,9.4398212 -75.9491207,9.4398331 -75.9493433,9.4398185 -75.9496383,9.4397643 -75.949991,9.4397286 -75.9502459,9.439722 -75.9504999,9.4397599 -75.9509017,9.4398344 -75.9512696,9.4399238 -75.9517399,9.4400818 -75.9521931,9.4403001 -75.9523648,9.4404245 -75.9524748,9.440521 -75.9525123,9.4406374 -75.9524909,9.4407367 -75.9524332,9.4408319 -75.9523648,9.4408359 -75.9522924,9.4408108 -75.9522039,9.4408187 -75.9521395,9.4409034 -75.9520801,9.4412973 -75.9520832,9.4415265 -75.9521368,9.4416416 -75.9522012,9.4416839 -75.9523299,9.4417249 -75.9524372,9.4416931 -75.9525378,9.441623 -75.9526759,9.4415159 -75.9528141,9.4413386 -75.9528543,9.4412301 -75.952912,9.4409497 -75.9529334,9.4406374 -75.9528959,9.440353 -75.9528369,9.4401665 -75.9528235,9.4400395 -75.9529173,9.4397273 -75.9530287,9.4393185 -75.9530783,9.4390671 -75.953089,9.4386848 -75.9530994,9.4385164 -75.9532198,9.437809 -75.953325,9.4369544 -75.9534178,9.4361352 -75.9535611,9.4356314 -75.9538508,9.4350387 -75.955408,9.4342345 -75.9564811,9.4332839 -75.9568548,9.4328902 -75.9586787,9.4310592 -75.9597516,9.4299585 -75.9608652,9.4289028 -75.9612252,9.4284205 -75.9643422,9.4251473 -75.9644632,9.4248325 -75.9646663,9.4244742 -75.9642222,9.4239745 -75.9647007,9.4230302 -75.9662615,9.4216178 -75.9685904,9.4196115 -75.9692199,9.4186278 -75.9696694,9.4177412 -75.9697079,9.4167532 -75.9697475,9.4147405 -75.9695564,9.4137932 -75.9691598,9.4126432 -75.9690409,9.4116135 -75.9689128,9.4106853 -75.9689366,9.4092526 -75.9689282,9.4072535 -75.9688368,9.4058352 -75.9688717,9.4056227 -75.9688208,9.4053361 -75.9685258,9.4047205 -75.9681074,9.4041103 -75.9677159,9.4036006 -75.9671654,9.4026694 -75.9665934,9.401987 -75.9661209,9.4017375 -75.9657238,9.4014486 -75.9653588,9.401218 -75.9648562,9.4009118 -75.9647121,9.4007799 -75.9643826,9.4006611 -75.9641186,9.4006122 -75.9640083,9.400649 -75.9639839,9.4008868 -75.9641955,9.401032 -75.9640312,9.4010657 -75.9638346,9.4010147 -75.9634522,9.4009021 -75.963214,9.4009698 -75.9630186,9.4010905 -75.9630131,9.401206 -75.9630652,9.4012597 -75.96314,9.4012505 -75.9631653,9.4011917 -75.9631738,9.4011603 -75.9633531,9.4010928 -75.9635001,9.4011252 -75.9636694,9.4012618 -75.9637883,9.4014039 -75.963943,9.4015789 -75.9639533,9.4016528 -75.9640164,9.4017146 -75.9641567,9.4016881 -75.9641613,9.4016504 -75.9642025,9.4016208 -75.9642559,9.4016593 -75.9643293,9.4016705 -75.9643741,9.401618 -75.9644311,9.4016358 -75.9645064,9.4016006 -75.9645907,9.4016291 -75.9645394,9.4017156 -75.9645735,9.4017419 -75.9647249,9.4017037 -75.9648227,9.4017342 -75.9648374,9.4017965 -75.9648842,9.4018218 -75.9649912,9.4019599 -75.9650149,9.4020293 -75.9650011,9.4020933 -75.9648716,9.4020494 -75.964769,9.4021007 -75.9647016,9.4023536 -75.9647707,9.4024414 -75.9647859,9.4025946 -75.9648498,9.402666 -75.9648709,9.4027267 -75.9649281,9.4029062 -75.9649811,9.4030013 -75.9649025,9.4030769 -75.9649151,9.4031789 -75.9652406,9.4032824 -75.9653015,9.4033836 -75.965402,9.4035489 -75.9655653,9.4036255 -75.9656452,9.4037575 -75.9656547,9.4039316 -75.9655436,9.4039495 -75.9654646,9.4040045 -75.9655994,9.4042243 -75.9657938,9.4043253 -75.9658101,9.4044947 -75.9656427,9.4045092 -75.9653359,9.4044867 -75.9652426,9.4045211 -75.9652801,9.4046931 -75.9653415,9.4047249 -75.9654364,9.4048281 -75.9656269,9.4048863 -75.9656597,9.4049541 -75.9658983,9.4051446 -75.966086,9.4051736 -75.9662463,9.4053452 -75.9662124,9.4054934 -75.966102,9.4056221 -75.9660369,9.4056981 -75.9661333,9.4059059 -75.9667082,9.4062517 -75.9669238,9.4063147 -75.9668833,9.4060978 -75.9669136,9.4058948 -75.96709,9.4060751 -75.9672097,9.4062554 -75.9675005,9.4066256 -75.9675461,9.4067791 -75.9676659,9.4069268 -75.9679653,9.4072496 -75.9679595,9.4073766 -75.9681314,9.4074699 -75.9682497,9.4076055 -75.9681522,9.4078129 -75.9684608,9.4081592 -75.9683906,9.4082686 -75.968352,9.4083837 -75.9685324,9.4085967 -75.9686142,9.408834 -75.9679601,9.4080398 -75.9675709,9.4074585 -75.9671259,9.4067152 -75.9669465,9.4065685 -75.9666781,9.4065073 -75.9665193,9.4065983 -75.9664275,9.4065404 -75.9663385,9.4065905 -75.9658428,9.4061178 -75.9650024,9.4056246 -75.9649758,9.4061465 -75.9649815,9.4063661 -75.964914,9.4066579 -75.9651204,9.4067441 -75.9655008,9.4066759 -75.9657412,9.4068764 -75.9657829,9.4071652 -75.9659801,9.4076945 -75.9662608,9.4081276 -75.9667083,9.4081273 -75.9663998,9.4082872 -75.9653688,9.4073322 -75.9649314,9.4070349 -75.9645143,9.4070064 -75.9641297,9.4068655 -75.9637131,9.4068691 -75.9635333,9.4069751 -75.9634835,9.4071774 -75.9646979,9.4078911 -75.9650618,9.4082103 -75.9652518,9.4081533 -75.9654744,9.4083851 -75.9654054,9.4086064 -75.9665844,9.4098029 -75.9669071,9.4103722 -75.9674087,9.4111259 -75.9672724,9.4112364 -75.9670712,9.4110902 -75.9666442,9.4110706 -75.9659529,9.4108388 -75.9645378,9.4105518 -75.9640008,9.4105936 -75.9635614,9.4107477 -75.9638434,9.4108847 -75.9641958,9.4108729 -75.9646295,9.4109735 -75.9652773,9.4111426 -75.9656175,9.4112431 -75.9657301,9.4114239 -75.9660111,9.411386 -75.9661923,9.4115756 -75.966047,9.4117586 -75.9662915,9.4118903 -75.9665276,9.4120042 -75.966727,9.4118526 -75.9671438,9.4120014 -75.9675361,9.4122545 -75.967624,9.4129249 -75.9676645,9.4135346 -75.9662946,9.4130704 -75.9659872,9.4130159 -75.9660706,9.4132096 -75.9667625,9.4136463 -75.9665149,9.4138005 -75.9659683,9.4137974 -75.9658821,9.4139643 -75.9661967,9.4140799 -75.9666304,9.4140334 -75.9672132,9.4140903 -75.9673338,9.4144236 -75.9669226,9.4145181 -75.9667366,9.4147089 -75.9670711,9.4148773 -75.9672593,9.4149253 -75.9673184,9.4150764 -75.9675025,9.4152081 -75.9676865,9.4151794 -75.9679595,9.4156146 -75.9682163,9.4160337 -75.9681941,9.4168116 -75.9683612,9.4172893 -75.968277,9.4175013 -75.9671548,9.4169604 -75.9665213,9.416655 -75.9664884,9.4166098 -75.9652004,9.4148378 -75.9641436,9.413938 -75.9638885,9.4137208 -75.9639779,9.4142266 -75.9640718,9.4147573 -75.9645261,9.4153359 -75.9641433,9.4156629 -75.9634752,9.4149353 -75.9622351,9.4140577 -75.9613545,9.4140488 -75.9611064,9.4141953 -75.9610854,9.4144587 -75.9617445,9.4146571 -75.9622529,9.4152617 -75.9624502,9.4156682 -75.9620203,9.4158635 -75.9620656,9.4159451 -75.9636006,9.4162586 -75.9639534,9.4165116 -75.9634142,9.4169911 -75.963413,9.4172629 -75.9637132,9.4172865 -75.9638463,9.4170769 -75.9640932,9.4168833 -75.9642588,9.417163 -75.9640489,9.4172547 -75.9638138,9.4172605 -75.9635255,9.4174238 -75.9634383,9.4175455 -75.9632727,9.4175903 -75.9631818,9.4177491 -75.9632096,9.4180291 -75.9631746,9.4183134 -75.9630096,9.4183411 -75.9629993,9.4181304 -75.9628478,9.418001 -75.9626013,9.4178641 -75.9623141,9.4175989 -75.9617114,9.4169987 -75.9610686,9.4163377 -75.9608835,9.4161542 -75.9607391,9.415943 -75.9607279,9.4158949 -75.9609586,9.4160008 -75.9613142,9.4160505 -75.9613253,9.415647 -75.9609406,9.415349 -75.9605043,9.4150236 -75.9601168,9.4143692 -75.9598019,9.4142147 -75.9592259,9.4134685 -75.9586828,9.4125338 -75.9584347,9.4119731 -75.9582272,9.4114284 -75.9582036,9.4109137 -75.9573919,9.4101661 -75.9572285,9.4090602 -75.9573254,9.4086999 -75.9570684,9.4079765 -75.9565382,9.4058755 -75.9565726,9.4049671 -75.9567826,9.4045304 -75.9572569,9.4043941 -75.9574279,9.403721 -75.9575095,9.4029678 -75.9576516,9.4022135 -75.9580416,9.4016236 -75.9584255,9.4001987 -75.9585645,9.3996166 -75.9591041,9.3986329 -75.959492,9.3982914 -75.9597024,9.397927 -75.9599391,9.397038 -75.9600446,9.3969569 -75.9601127,9.3967651 -75.9601555,9.3961328 -75.9603007,9.3954118 -75.9604204,9.3948037 -75.9605689,9.3943338 -75.9609318,9.3934952 -75.9617075,9.392196 -75.9623747,9.3913526 -75.9627168,9.390957 -75.9631233,9.3906143 -75.9637245,9.3898771 -75.9639258,9.3896491 -75.964127,9.3894503 -75.9643686,9.389177 -75.9646611,9.38888 -75.9649804,9.3884825 -75.9652661,9.3882573 -75.9656322,9.3877674 -75.9663525,9.3870288 -75.9667609,9.3866595 -75.9669946,9.386369 -75.9672899,9.3860838 -75.9682277,9.3852047 -75.9684626,9.3849713 -75.9687341,9.384605 -75.9688871,9.3844916 -75.9690401,9.3844311 -75.9691583,9.3842383 -75.9693355,9.384072 -75.9702158,9.3831367 -75.9717089,9.3819521 -75.9734309,9.3801579 -75.9749614,9.3788009 -75.9774059,9.3770352 -75.9788704,9.376056 -75.9791976,9.3758126 -75.9798473,9.3752408 -75.9801525,9.3747858 -75.980469,9.3745899 -75.9806675,9.3746005 -75.9810591,9.3745 -75.9823304,9.3738595 -75.9841007,9.3726792 -75.9902376,9.3688472 -75.9961438,9.3656186 -75.9979409,9.3646606 -76.0005158,9.3633373 -76.001814,9.3625804 -76.0024363,9.3622946 -76.0030156,9.3619664 -76.0039759,9.3615959 -76.0042441,9.3614848 -76.0045177,9.361326 -76.0048932,9.3611513 -76.0052687,9.3609026 -76.0058534,9.3606326 -76.0075486,9.3597699 -76.0078275,9.3596216 -76.0095763,9.3586583 -76.0132027,9.3569275 -76.0159822,9.3557516 -76.0170436,9.3552549 -76.017969,9.3548579 -76.0194013,9.3543021 -76.0209864,9.3536564 -76.0211135,9.3536078 -76.0226467,9.3530053 -76.0240763,9.352476 -76.0252029,9.3520685 -76.0268739,9.3514862 -76.0285127,9.3509145 -76.0303983,9.3503191 -76.0320801,9.3497898 -76.0339898,9.3491943 -76.0356528,9.3486861 -76.0372245,9.3482442 -76.0384718,9.3478842 -76.0402823,9.3473549 -76.0415241,9.3470267 -76.0427418,9.3466615 -76.0440078,9.346328 -76.0454214,9.3459601 -76.0470066,9.3455579 -76.0482484,9.3451741 -76.0497344,9.3448433 -76.0501179,9.3447663 -76.0502225,9.3447453 -76.0514778,9.3444119 -76.0518721,9.3443007 -76.0522408,9.3442196 -76.0523656,9.3441922 -76.0531086,9.3440122 -76.0561314,9.3433321 -76.057435,9.3429959 -76.0587707,9.3426863 -76.0601038,9.3423819 -76.0611311,9.342104 -76.0620698,9.3418976 -76.0624695,9.3417944 -76.0627162,9.3417282 -76.0642532,9.3413233 -76.0657793,9.3409342 -76.0671607,9.3405478 -76.0684884,9.3402143 -76.069234,9.3399893 -76.0702345,9.3397247 -76.0709077,9.3395235 -76.0719779,9.3392509 -76.0725653,9.3391133 -76.0733163,9.338973 -76.0736114,9.3389095 -76.0740338,9.3389207 -76.0741049,9.3389757 -76.0740539,9.3390498 -76.0740553,9.3394077 -76.0739788,9.3392959 -76.0740459,9.3394785 -76.0743127,9.3395877 -76.0744751,9.3394759 -76.0746253,9.3390471 -76.074695,9.3388883 -76.0747004,9.3387031 -76.0746762,9.3385205 -76.0747835,9.3384225 -76.0752744,9.3381499 -76.0760897,9.3377688 -76.077463,9.3374433 -76.0786043,9.3372904 -76.0801063,9.3370892 -76.0808319,9.3370489 -76.0811538,9.3368954 -76.0820496,9.3363317 -76.0826129,9.33594 -76.0835087,9.3355112 -76.0836965,9.33549 -76.083844,9.3354212 -76.0846272,9.3350692 -76.0847989,9.3350083 -76.0852227,9.3350189 -76.0852897,9.3348945 -76.0854265,9.3345266 -76.0854587,9.3343652 -76.0852388,9.3338544 -76.0852549,9.3336612 -76.0850564,9.3334229 -76.0850027,9.3332747 -76.0849276,9.3332403 -76.0847855,9.3332615 -76.0847104,9.3332615 -76.0846433,9.3330895 -76.084595,9.3328777 -76.0847881,9.3321499 -76.0848847,9.3319858 -76.0848525,9.3318164 -76.0851261,9.3313056 -76.0852575,9.3311124 -76.0853648,9.3310674 -76.0854721,9.33107 -76.0854962,9.3310197 -76.0853729,9.3309668 -76.0854828,9.3308477 -76.0857779,9.3304745 -76.0858476,9.3303263 -76.0859147,9.3301913 -76.0860944,9.3298049 -76.0861346,9.3297228 -76.0862419,9.3295667 -76.0864162,9.329347 -76.0867542,9.3289103 -76.0868642,9.3288097 -76.0869741,9.3286694 -76.0870278,9.3285609 -76.0869795,9.328463 -76.0870251,9.3283148 -76.087288,9.3282592 -76.0873497,9.3282274 -76.087355,9.3281322 -76.0872129,9.3280739 -76.0871807,9.3280422 -76.0876527,9.3272826 -76.0880358,9.3266112 -76.088385,9.3263085 -76.0889804,9.3259777 -76.089482,9.3257845 -76.0895571,9.3257368 -76.0896805,9.3256574 -76.0897797,9.325533 -76.0899809,9.3254907 -76.0901987,9.3254685 -76.0903028,9.3255304 -76.0903671,9.325496 -76.0904208,9.3254034 -76.0903977,9.3252026 -76.0906997,9.3250434 -76.0908794,9.3249164 -76.0911494,9.3248567 -76.0914377,9.3248992 -76.091601,9.3247337 -76.0917699,9.3244982 -76.0918102,9.3243711 -76.0917512,9.3242917 -76.0917109,9.3241964 -76.0917807,9.3240535 -76.0919899,9.3240535 -76.0921025,9.3239291 -76.0920328,9.323855 -76.0921186,9.3237597 -76.092014,9.3236433 -76.091904,9.323683 -76.0917887,9.3236724 -76.0917163,9.323585 -76.0916868,9.3234474 -76.0917136,9.3233468 -76.0919148,9.3233018 -76.0923732,9.3227396 -76.0928428,9.3218011 -76.0936453,9.3208588 -76.0939533,9.3202818 -76.0947955,9.3192231 -76.0958576,9.3177038 -76.0961956,9.3173439 -76.096437,9.3169945 -76.0970968,9.3163487 -76.097703,9.3156499 -76.0978693,9.3155652 -76.0981429,9.3154435 -76.0983907,9.3152909 -76.098764,9.314284 -76.0997178,9.3134085 -76.1001009,9.3130084 -76.1008358,9.3125584 -76.1019623,9.3117855 -76.1021447,9.3116796 -76.1024773,9.311452 -76.1028475,9.3111344 -76.1033195,9.3106632 -76.1037272,9.3103033 -76.1038989,9.3101815 -76.1041671,9.3100174 -76.1046177,9.3097739 -76.105181,9.3091969 -76.1053848,9.3090804 -76.1060607,9.3086834 -76.107493,9.3076723 -76.1078847,9.3072064 -76.1081529,9.3069047 -76.1083353,9.3067035 -76.1086571,9.3059994 -76.1087,9.3057453 -76.1090702,9.305343 -76.1093599,9.3049407 -76.1095476,9.304803 -76.1097622,9.3044801 -76.1098802,9.3042842 -76.1100197,9.3040513 -76.1099982,9.3039242 -76.1100465,9.3034478 -76.1101685,9.3028046 -76.1101645,9.3026219 -76.1101391,9.3023282 -76.1101565,9.3022037 -76.1101525,9.3021256 -76.1101887,9.3020714 -76.1102383,9.3020489 -76.1102859,9.3020498 -76.1103885,9.3019681 -76.1104448,9.301943 -76.1104354,9.3018265 -76.1104234,9.3017405 -76.110418,9.3016545 -76.1104488,9.3015936 -76.110486,9.301575 -76.1104542,9.3013302 -76.1103938,9.3012085 -76.110359,9.3011674 -76.1103576,9.3011238 -76.1103804,9.3011026 -76.1104059,9.3010417 -76.1103469,9.3010086 -76.1103255,9.3008816 -76.1103505,9.3008326 -76.1103939,9.3007717 -76.1104247,9.300728 -76.1104716,9.3006579 -76.1105333,9.3006248 -76.1106669,9.3005806 -76.1106755,9.3005176 -76.1106648,9.3004607 -76.1106272,9.3003628 -76.1105856,9.300376 -76.1105374,9.300372 -76.1105306,9.3003403 -76.1105119,9.3002767 -76.1104891,9.3001312 -76.1104676,9.3000676 -76.1104649,9.2999538 -76.1104238,9.2997937 -76.110418,9.2997129 -76.110477,9.2996375 -76.1106071,9.29939 -76.110772,9.2991796 -76.1110711,9.2988196 -76.1114547,9.2983101 -76.1115767,9.2981459 -76.1117202,9.2979845 -76.1118342,9.2978138 -76.111865,9.2976007 -76.1119093,9.2974657 -76.1119838,9.2972804 -76.1118785,9.2971613 -76.1118798,9.2970077 -76.1119194,9.2968026 -76.1120461,9.2966306 -76.1121458,9.2964564 -76.112093,9.2961687 -76.1120836,9.2960747 -76.1121842,9.2960138 -76.1121543,9.2959323 -76.1121212,9.2956578 -76.1121003,9.2954003 -76.1118391,9.2952972 -76.111717,9.2952731 -76.111629,9.2952329 -76.1115485,9.2951879 -76.1114989,9.2951244 -76.1114386,9.2950887 -76.111357,9.2950441 -76.1111449,9.2950212 -76.1110336,9.2950265 -76.1109643,9.2949671 -76.1107492,9.2949815 -76.1105301,9.2950004 -76.1104113,9.2949815 -76.1103402,9.2949232 -76.1101323,9.2948239 -76.1100197,9.2948491 -76.1098869,9.2948584 -76.1097769,9.2948756 -76.1096753,9.2948477 -76.1095718,9.2948558 -76.109443,9.2948452 -76.1093988,9.2948505 -76.1093652,9.2948518 -76.1093076,9.2948438 -76.1092754,9.2947697 -76.109226,9.2946932 -76.1090031,9.294644 -76.1087595,9.2946164 -76.1084667,9.2946016 -76.1081802,9.2945295 -76.1080778,9.2944243 -76.1079839,9.2943475 -76.10789,9.2941702 -76.1078578,9.2939875 -76.1076764,9.2938166 -76.1075816,9.2936196 -76.1076191,9.2934978 -76.1076406,9.2934105 -76.1075923,9.2933893 -76.1074666,9.2934593 -76.1073536,9.2934581 -76.1072114,9.2934978 -76.1069388,9.293544 -76.1065194,9.2936064 -76.1061028,9.2935606 -76.1058193,9.293392 -76.1056227,9.2933214 -76.1053902,9.293212 -76.1051434,9.2930637 -76.1049861,9.292848 -76.1047384,9.2928467 -76.104376,9.2926152 -76.1041859,9.2923305 -76.104137,9.2920148 -76.1038331,9.2913984 -76.103738,9.2911208 -76.1035919,9.2908209 -76.1034483,9.2905517 -76.1033429,9.2903316 -76.1027749,9.2900863 -76.1026517,9.2900117 -76.1024693,9.2898423 -76.1023061,9.2895115 -76.1022091,9.2892917 -76.1020522,9.2889882 -76.1019596,9.2887544 -76.1017773,9.288577 -76.1015493,9.2883706 -76.1015165,9.2880792 -76.1012837,9.2874414 -76.1010961,9.2868042 -76.1010718,9.286597 -76.1010236,9.2864303 -76.1009705,9.2860974 -76.1009485,9.2858426 -76.1009666,9.2856012 -76.1008894,9.2851226 -76.1008416,9.2846089 -76.1006195,9.2843537 -76.100526,9.2841194 -76.100407,9.2838236 -76.1003275,9.2835661 -76.1003246,9.2833109 -76.1003777,9.282531 -76.1004032,9.28223 -76.1004474,9.281765 -76.1005601,9.2811999 -76.1006151,9.2806131 -76.1006679,9.2803922 -76.1007294,9.2799404 -76.1008023,9.2796564 -76.1008881,9.2794248 -76.1009933,9.2789584 -76.1010214,9.2787521 -76.1010979,9.2783977 -76.1012689,9.2778778 -76.1014223,9.2773851 -76.101688,9.2767432 -76.1018415,9.2762991 -76.1020052,9.2759297 -76.1021342,9.2755694 -76.1022602,9.2752252 -76.1024235,9.2747776 -76.1026646,9.2741699 -76.1028936,9.2736665 -76.1030751,9.2732909 -76.1033712,9.2727136 -76.1036375,9.2721818 -76.1038886,9.2716456 -76.1040158,9.2713308 -76.1042651,9.2708743 -76.1044487,9.2705754 -76.1046119,9.2702681 -76.1047867,9.2699652 -76.1049785,9.2696833 -76.1052851,9.2692067 -76.1054626,9.2688825 -76.1056785,9.2685867 -76.1058931,9.2682644 -76.1061049,9.2679809 -76.1063234,9.2677077 -76.1069011,9.2670161 -76.107359,9.266496 -76.1075425,9.2662954 -76.1080648,9.2657519 -76.108354,9.265465 -76.108679,9.2652031 -76.1092784,9.2646439 -76.1098261,9.2641328 -76.1104757,9.263375 -76.110819,9.2630083 -76.1111555,9.2626455 -76.1114787,9.2623532 -76.1118239,9.2620502 -76.1121838,9.2617572 -76.1124418,9.2615077 -76.1125986,9.2613776 -76.1127387,9.2612592 -76.1130746,9.2609601 -76.1134065,9.2606556 -76.1137972,9.2603562 -76.1141016,9.2600852 -76.1146265,9.2596069 -76.1147176,9.2595127 -76.1147993,9.2594212 -76.1152071,9.2590426 -76.1157163,9.2585803 -76.1160639,9.2582417 -76.1164289,9.257943 -76.1168757,9.2575553 -76.1173824,9.2571157 -76.1177082,9.2568507 -76.1179881,9.2565975 -76.1181733,9.2564485 -76.1183081,9.256349 -76.1185469,9.2561417 -76.1190248,9.2557759 -76.1193795,9.2555043 -76.1196814,9.2552605 -76.1199897,9.2550178 -76.1201115,9.2549276 -76.1202276,9.2548169 -76.1204468,9.2546523 -76.1206312,9.2544792 -76.1209698,9.2542366 -76.1213068,9.2539811 -76.1218938,9.2535391 -76.12248,9.2530914 -76.1228192,9.2528362 -76.1231799,9.2525794 -76.1235259,9.2523385 -76.1238367,9.2520575 -76.126473,9.2501889 -76.1280069,9.2492112 -76.131514,9.2470044 -76.1322042,9.2465914 -76.1328821,9.2461648 -76.134477,9.2452326 -76.1363187,9.2442654 -76.137228,9.2437916 -76.1377001,9.2435533 -76.1379147,9.2434368 -76.1381929,9.2433708 -76.140071,9.2424433 -76.1414418,9.2417796 -76.1423311,9.2414414 -76.1433896,9.240859 -76.1461348,9.2396282 -76.148066,9.2387995 -76.1499834,9.2380459 -76.1525082,9.2371125 -76.1543432,9.2363589 -76.156009,9.235768 -76.1579394,9.2351172 -76.1595445,9.234522 -76.1610238,9.2339825 -76.1623729,9.2336228 -76.1629369,9.2333145 -76.1639042,9.2330619 -76.164941,9.2328178 -76.1653141,9.2326465 -76.1660472,9.2324367 -76.167019,9.2319829 -76.1673617,9.2316275 -76.1678389,9.2313149 -76.1685807,9.2309252 -76.1693485,9.2304071 -76.1697042,9.2300988 -76.1701077,9.2297263 -76.1703202,9.2297092 -76.1704547,9.229889 -76.1705892,9.2298248 -76.1706716,9.2296766 -76.1705501,9.2295465 -76.1705979,9.2294737 -76.1707063,9.2295037 -76.1708365,9.2294822 -76.1708538,9.2294052 -76.1707844,9.2291911 -76.1706543,9.2291311 -76.170394,9.2289599 -76.1701517,9.2286465 -76.1701207,9.2283004 -76.170151,9.2278337 -76.1702725,9.2275383 -76.1702638,9.2271229 -76.170433,9.2269474 -76.1706716,9.2267033 -76.1706976,9.2264935 -76.1704937,9.2262837 -76.1701814,9.2261509 -76.1699602,9.2259968 -76.1698083,9.2258426 -76.1696652,9.2256713 -76.1694439,9.2251789 -76.1695741,9.2243696 -76.1698561,9.2230893 -76.1699515,9.2226568 -76.1698691,9.2224128 -76.1693008,9.2222415 -76.1690665,9.2217277 -76.168919,9.2216206 -76.1687802,9.2215392 -76.1685763,9.2213294 -76.1683855,9.2210126 -76.1683768,9.2207342 -76.1683681,9.2201176 -76.1684316,9.2193767 -76.1684592,9.2190214 -76.1686414,9.2182721 -76.1688217,9.2175666 -76.1690101,9.2170731 -76.1691403,9.2169875 -76.1694613,9.2169875 -76.16947,9.2168462 -76.1694526,9.2167648 -76.1693875,9.2165807 -76.1692016,9.2165365 -76.168919,9.2165293 -76.1687715,9.2164094 -76.1685503,9.2163494 -76.1685199,9.216221 -76.1686718,9.2160968 -76.1689407,9.215887 -76.169175,9.2156215 -76.1692661,9.2151291 -76.170099,9.213686 -76.1707367,9.2125983 -76.1712572,9.2119475 -76.1715002,9.211485 -76.1721075,9.2105601 -76.1728363,9.2098235 -76.1733316,9.2093065 -76.1739121,9.2086588 -76.1744501,9.2080721 -76.1749316,9.2076182 -76.175361,9.2072543 -76.1758035,9.2068817 -76.176207,9.2067961 -76.1762026,9.2065177 -76.1762026,9.2063293 -76.1763154,9.2060253 -76.1763588,9.2058369 -76.1763675,9.2054857 -76.1766061,9.205126 -76.1766885,9.2050447 -76.1767579,9.204929 -76.1767015,9.2047706 -76.1766364,9.2045565 -76.1766408,9.2042139 -76.1767752,9.2037686 -76.1768924,9.2032847 -76.1768663,9.203169 -76.1767015,9.2030235 -76.1766668,9.2027708 -76.1766816,9.2025967 -76.1770269,9.2021756 -76.1772016,9.2018167 -76.1770269,9.2015761 -76.1767232,9.2014262 -76.1765974,9.2013834 -76.1763198,9.2014176 -76.1760681,9.2015033 -76.1756734,9.2015161 -76.1753817,9.2015666 -76.1751875,9.2013405 -76.1748716,9.2010567 -76.1746886,9.2007924 -76.174667,9.2007068 -76.1744631,9.2006254 -76.1743937,9.2005184 -76.1743026,9.2003257 -76.1741637,9.1998674 -76.1740206,9.1996876 -76.1737733,9.1995334 -76.1736605,9.1993878 -76.1735738,9.1991009 -76.173487,9.1985699 -76.1734133,9.1980432 -76.1733569,9.197221 -76.1735217,9.1963217 -76.1736735,9.1953625 -76.1739946,9.193868 -76.1742679,9.1930715 -76.1747841,9.1919024 -76.1751832,9.1908618 -76.1758469,9.189637 -76.1764716,9.1885536 -76.177118,9.1875087 -76.1777166,9.1864937 -76.1781678,9.1856844 -76.1787187,9.1850805 -76.1794562,9.1842968 -76.1798249,9.1838729 -76.1799916,9.1835065 -76.1798683,9.183132 -76.1798639,9.1828194 -76.1800939,9.1823783 -76.1804843,9.1817274 -76.1806882,9.1815133 -76.180814,9.1812777 -76.1806925,9.1810679 -76.1800678,9.1807895 -76.179313,9.1803741 -76.1788966,9.1799716 -76.1786816,9.1799066 -76.1783803,9.1796033 -76.1780116,9.1794106 -76.1775604,9.1789223 -76.1773999,9.1785326 -76.1770355,9.1775991 -76.1769921,9.1773806 -76.1768316,9.1771151 -76.1765757,9.1768753 -76.1762243,9.1762201 -76.1760715,9.1757866 -76.1758426,9.1751666 -76.1757645,9.1743315 -76.1759317,9.1729566 -76.17622,9.171338 -76.1766104,9.1704429 -76.1771787,9.1691238 -76.1776819,9.1680789 -76.1779769,9.1673209 -76.1781851,9.1669654 -76.1783817,9.1667666 -76.1785625,9.1663701 -76.1788228,9.1658305 -76.1787577,9.1648626 -76.1787447,9.1644943 -76.1786666,9.1640489 -76.1786276,9.1625457 -76.1783977,9.162126 -76.1779715,9.1616065 -76.1779682,9.1610382 -76.1780246,9.1607127 -76.1782589,9.1598733 -76.1787013,9.1590724 -76.1788716,9.1587766 -76.1790657,9.1584214 -76.1791438,9.1579717 -76.1791178,9.1573764 -76.1791308,9.1569139 -76.1794084,9.1562072 -76.1795115,9.1561866 -76.1797642,9.1557276 -76.17989,9.1553207 -76.1798916,9.1549067 -76.1797425,9.1546097 -76.1796297,9.1541172 -76.1793477,9.1539588 -76.1789767,9.1541073 -76.1785924,9.1537872 -76.1783403,9.1529219 -76.17809,9.15209 -76.1783643,9.1512149 -76.1794329,9.1484172 -76.1799372,9.1467458 -76.1804055,9.1456314 -76.1808618,9.1447186 -76.1810899,9.1439362 -76.1818824,9.1429049 -76.1830265,9.1414407 -76.1830265,9.1412274 -76.1829268,9.1405302 -76.1827274,9.1398903 -76.1830016,9.1392505 -76.1828729,9.1390488 -76.1828401,9.13841 -76.1828792,9.1379835 -76.1829272,9.1375253 -76.1830804,9.1372985 -76.1832254,9.1370942 -76.1832892,9.1368185 -76.1830326,9.1367533 -76.1830854,9.136502 -76.1826181,9.1362566 -76.1823338,9.1361422 -76.182102,9.1358347 -76.1819451,9.1352734 -76.1819271,9.1352091 -76.181894,9.1350114 -76.181955,9.13456 -76.1819632,9.1345059 -76.1820808,9.1342619 -76.1821676,9.1339104 -76.1821315,9.1335091 -76.1822117,9.1331963 -76.1825861,9.1325485 -76.1830016,9.1314083 -76.1833806,9.1306625 -76.1836247,9.1303091 -76.1843891,9.1293329 -76.1846467,9.1285864 -76.1852532,9.1277907 -76.1857849,9.127118 -76.1866989,9.126191 -76.1871392,9.1256086 -76.1872057,9.1253133 -76.1870229,9.1251164 -76.1867072,9.1248867 -76.1864911,9.1244355 -76.1863,9.1239843 -76.1862999,9.1234499 -76.1861837,9.1227292 -76.1863831,9.1221468 -76.1868983,9.121392 -76.1868484,9.1204733 -76.1867609,9.1200783 -76.186973,9.119497 -76.1873968,9.1184634 -76.1883772,9.1169129 -76.1891,9.1159367 -76.1906952,9.1140909 -76.192008,9.1123764 -76.1926311,9.1115724 -76.1928305,9.1110802 -76.1930216,9.1106208 -76.1933374,9.1102598 -76.1936697,9.1102762 -76.1941516,9.110186 -76.1949741,9.1094805 -76.1962121,9.1082745 -76.1969515,9.1075608 -76.1977159,9.1069045 -76.198256,9.1062892 -76.1996601,9.1053047 -76.1996767,9.1050422 -76.1994607,9.1048863 -76.19946,9.1043399 -76.1994192,9.1038363 -76.1998263,9.1029502 -76.2008649,9.1018509 -76.2036566,9.0992251 -76.2046972,9.0982543 -76.2056573,9.0975107 -76.2063587,9.0968578 -76.2070601,9.0963129 -76.2075316,9.0959325 -76.2082962,9.0954045 -76.2092851,9.0945984 -76.210182,9.0940989 -76.2107051,9.0938604 -76.2109408,9.0939569 -76.2111306,9.0938491 -76.2116365,9.0934801 -76.211786,9.0933041 -76.2120619,9.0930373 -76.2123551,9.0928272 -76.2124816,9.0926172 -76.2125679,9.0922652 -76.2126311,9.0918621 -76.2125909,9.0915386 -76.2125161,9.091073 -76.2123207,9.0906586 -76.2123896,9.0902272 -76.2127346,9.0897617 -76.213666,9.0887909 -76.2160174,9.0869175 -76.2175984,9.0856458 -76.2190932,9.0844877 -76.2200016,9.083937 -76.2211054,9.0831649 -76.2224769,9.0822664 -76.224026,9.0813199 -76.224486,9.0810701 -76.2247274,9.0809281 -76.225736,9.0802089 -76.2264757,9.0800107 -76.2269127,9.0796598 -76.2273951,9.07935 -76.2280749,9.0790785 -76.2288208,9.0787935 -76.2296372,9.0784529 -76.2299879,9.0784132 -76.2301489,9.0783394 -76.2303099,9.0782315 -76.2303214,9.0780271 -76.2301834,9.077959 -76.22984,9.07769 -76.2300052,9.0773004 -76.2303904,9.0769257 -76.2306663,9.0768292 -76.2305169,9.0766305 -76.2303444,9.0764772 -76.2302869,9.076358 -76.2301892,9.0760287 -76.2299601,9.0756301 -76.2302294,9.0750977 -76.2306721,9.0743596 -76.231293,9.0737976 -76.2311476,9.0737246 -76.2310113,9.0734286 -76.2310688,9.073332 -76.2310803,9.0731504 -76.2309078,9.0730312 -76.2305801,9.0728438 -76.2302525,9.0726271 -76.2302622,9.0724233 -76.230619,9.0723596 -76.2309698,9.072322 -76.2314965,9.072299 -76.2324298,9.0718201 -76.232782,9.0715547 -76.233403,9.0710895 -76.2340354,9.0706694 -76.2347253,9.0703288 -76.2353577,9.0699597 -76.2355992,9.0699824 -76.2358061,9.069585 -76.2360993,9.0693523 -76.2364385,9.0690287 -76.2375769,9.06816 -76.2389394,9.0673482 -76.2401755,9.066911 -76.2411241,9.0663262 -76.2413886,9.0661162 -76.24186,9.0657755 -76.2425269,9.065293 -76.2431019,9.0647479 -76.2436825,9.0641234 -76.2438895,9.0638282 -76.2445334,9.0632718 -76.2451716,9.0628119 -76.2462754,9.0620909 -76.2469366,9.0617389 -76.247293,9.0614493 -76.2478162,9.0609895 -76.2483164,9.0605239 -76.2485176,9.0603195 -76.2487016,9.0599959 -76.2492247,9.0593317 -76.2495467,9.0589626 -76.2502251,9.0584687 -76.2505643,9.0583722 -76.2510645,9.0579747 -76.2513117,9.0574354 -76.2514497,9.0570209 -76.2518464,9.0568052 -76.2519269,9.0567654 -76.2517544,9.0565667 -76.2519154,9.0560898 -76.2521913,9.0555618 -76.252473,9.0551644 -76.2526283,9.0545171 -76.2525478,9.0542389 -76.2527893,9.0535292 -76.2533699,9.0530807 -76.2538816,9.0531204 -76.254238,9.0530296 -76.254376,9.0529558 -76.2548187,9.0521836 -76.2550084,9.0519281 -76.2550027,9.0511446 -76.2550142,9.0509346 -76.2550602,9.0506109 -76.2548417,9.0503157 -76.254744,9.050117 -76.2548302,9.0494357 -76.2551177,9.0490042 -76.2555776,9.0486238 -76.256095,9.0484137 -76.2561238,9.0483001 -76.256095,9.0481298 -76.2560548,9.047863 -76.2556466,9.0476983 -76.2553764,9.0475337 -76.2552844,9.0469943 -76.2554,9.0461601 -76.2555891,9.0457906 -76.2563308,9.0448651 -76.2568712,9.0443371 -76.2569919,9.0441725 -76.2570552,9.0439283 -76.2570226,9.0433397 -76.2571459,9.0430411 -76.2574443,9.0425736 -76.2578421,9.041945 -76.2582877,9.0415207 -76.2590038,9.0411867 -76.2589441,9.0409392 -76.2588128,9.0407899 -76.2587999,9.0405199 -76.2590396,9.0397959 -76.2593459,9.0393834 -76.2594095,9.0390495 -76.2595368,9.0388059 -76.2597238,9.0385387 -76.259688,9.0382244 -76.2598432,9.0379533 -76.2600142,9.0376272 -76.2606945,9.0370654 -76.2611838,9.0365468 -76.2616811,9.0362757 -76.2618959,9.0361892 -76.2620869,9.0360675 -76.2622858,9.0358121 -76.2624847,9.0356864 -76.2628268,9.0357846 -76.262974,9.0357374 -76.2630297,9.0355803 -76.2630815,9.0353092 -76.2630695,9.0350892 -76.2630218,9.0349084 -76.263157,9.0347473 -76.2632167,9.0346177 -76.2631212,9.034433 -76.2629462,9.0343152 -76.2628388,9.0341737 -76.2626876,9.0338162 -76.2626279,9.0334155 -76.2626916,9.033164 -76.2626995,9.0329833 -76.2624449,9.0328025 -76.2621267,9.0323429 -76.2618562,9.031836 -76.2617567,9.0314353 -76.2616334,9.031062 -76.2615737,9.0307595 -76.2614902,9.0302212 -76.2614384,9.0300444 -76.2612714,9.0299187 -76.2610525,9.0296398 -76.2609332,9.029459 -76.2608298,9.0291408 -76.260599,9.0286732 -76.2605712,9.0285004 -76.2606501,9.0281 -76.2606826,9.0275731 -76.2608258,9.0270742 -76.2608775,9.0265909 -76.2609213,9.026088 -76.2610446,9.0255851 -76.2611838,9.0251922 -76.2613907,9.0247678 -76.2616652,9.0243356 -76.261876,9.0242492 -76.2620073,9.0241903 -76.262067,9.0240803 -76.2620789,9.023876 -76.2619755,9.023817 -76.2618164,9.0238052 -76.2617527,9.023762 -76.2617209,9.0236166 -76.2617408,9.0234241 -76.2618482,9.0231923 -76.2620789,9.0230194 -76.2621784,9.0229684 -76.262246,9.0228701 -76.262059,9.0227955 -76.2618084,9.022713 -76.261697,9.0225951 -76.261501,9.022118 -76.2614295,9.0219439 -76.2614295,9.0217632 -76.2614685,9.0215402 -76.261523,9.0210211 -76.261558,9.0207904 -76.2617327,9.0202951 -76.2619395,9.0199599 -76.2623639,9.0194063 -76.262469,9.0192679 -76.2624962,9.0190795 -76.2630389,9.0182781 -76.2633066,9.018241 -76.263482,9.0178405 -76.2639144,9.017725 -76.2642084,9.0177568 -76.2641547,9.0175069 -76.2641158,9.0174454 -76.2639717,9.0173377 -76.2639182,9.0171533 -76.2638656,9.0168259 -76.2640613,9.0165034 -76.2641413,9.0163862 -76.264287,9.0164149 -76.2643704,9.0164985 -76.2644518,9.0164541 -76.2645387,9.0164029 -76.2646112,9.0162577 -76.2645672,9.0159053 -76.2644374,9.015788 -76.264249,9.0157546 -76.2640266,9.0157102 -76.2639024,9.0154978 -76.2638822,9.0152537 -76.2639289,9.0149808 -76.2640399,9.0146693 -76.2641102,9.0144002 -76.2642209,9.0141656 -76.2642998,9.0140275 -76.2644245,9.0138716 -76.2646559,9.01372 -76.2647402,9.0135469 -76.2648515,9.0133928 -76.2649884,9.0132359 -76.2652058,9.0133466 -76.2653499,9.0134543 -76.265393,9.0134206 -76.2653809,9.0133022 -76.2653342,9.0132155 -76.2652373,9.013113 -76.2651474,9.0129429 -76.2649995,9.0128929 -76.2647581,9.0129199 -76.2644616,9.0128417 -76.2639847,9.0120093 -76.2638844,9.010919 -76.2640271,9.010289 -76.2646129,9.0095473 -76.2650978,9.0095616 -76.2648655,9.0091059 -76.2643452,9.0089247 -76.2638693,9.0079467 -76.2640418,9.0072879 -76.2641917,9.007325 -76.2640475,9.0070061 -76.2640129,9.006747 -76.2640706,9.0064281 -76.2641859,9.0062344 -76.2643819,9.0059896 -76.2645549,9.0057589 -76.2646616,9.0054856 -76.26465,9.0050984 -76.2645077,9.0048217 -76.2645799,9.0043799 -76.2647106,9.004172 -76.264725,9.0038569 -76.2646299,9.0036121 -76.2645001,9.0034839 -76.2640677,9.0028917 -76.2640475,9.0025614 -76.2640942,9.0022341 -76.26406,9.0020599 -76.2638835,9.0017951 -76.2639397,9.0003055 -76.2639091,8.9996827 -76.2640522,8.9990326 -76.2646143,8.9981601 -76.2651603,8.9975045 -76.2659241,8.9968019 -76.2666479,8.996152 -76.2672512,8.9955779 -76.268376,8.9946972 -76.2688776,8.9943326 -76.2699782,8.9935935 -76.2704837,8.9932816 -76.2706935,8.9930579 -76.270933,8.9929653 -76.2711981,8.9927209 -76.2712792,8.9926221 -76.2714749,8.9925584 -76.271597,8.9925159 -76.2720317,8.992255 -76.2726965,8.991854 -76.2735466,8.9913093 -76.2743207,8.9908838 -76.2750349,8.9905146 -76.2761965,8.9896772 -76.2770389,8.9891008 -76.2777877,8.9885243 -76.278107,8.988247 -76.2783878,8.9880132 -76.2787071,8.9878881 -76.2789989,8.9877086 -76.2790044,8.9875781 -76.279621,8.9872301 -76.2797036,8.9872138 -76.2799679,8.9871105 -76.2801881,8.9869093 -76.2803423,8.9867407 -76.2804744,8.9865558 -76.2811241,8.9861371 -76.2813333,8.9859576 -76.2816911,8.9856476 -76.2819939,8.9853866 -76.2824179,8.9850875 -76.2827923,8.9848591 -76.2841662,8.9839689 -76.2845502,8.9836857 -76.2852673,8.9833381 -76.2855096,8.9832619 -76.2856858,8.9832402 -76.28551,8.98266 -76.2853301,8.98231 -76.2855096,8.981935 -76.2857298,8.9816087 -76.2858289,8.9813803 -76.2859831,8.9808474 -76.2865625,8.9802176 -76.2867104,8.9801339 -76.2867075,8.980056 -76.2875748,8.9796451 -76.2880532,8.9790202 -76.28889,8.9784546 -76.2891042,8.9783062 -76.2896021,8.9780423 -76.2907647,8.9772849 -76.291018,8.9771109 -76.2912823,8.9768063 -76.291511,8.9764446 -76.2917747,8.975991 -76.2919375,8.9756144 -76.2924221,8.9752719 -76.292764,8.9748337 -76.2943059,8.9738065 -76.2947548,8.9735166 -76.2948713,8.9734483 -76.2949449,8.9734366 -76.2950526,8.9733634 -76.2950583,8.9733436 -76.295758,8.9728835 -76.2958304,8.9728761 -76.2959339,8.9727887 -76.2959965,8.9727873 -76.2960438,8.9728246 -76.2960889,8.9727987 -76.2961071,8.9727434 -76.2961558,8.972705 -76.2962095,8.9726291 -76.2962886,8.9725956 -76.2963038,8.9726218 -76.2963515,8.9726036 -76.2963537,8.9725544 -76.2965727,8.9724675 -76.297052,8.9721646 -76.2973259,8.9720184 -76.2976718,8.9719435 -76.2978204,8.9716975 -76.2982947,8.971427 -76.298446,8.971392 -76.298803,8.971557 -76.2992075,8.9712327 -76.2994278,8.9710804 -76.2997141,8.9708194 -76.3001325,8.9701994 -76.30065,8.969623 -76.3012006,8.9692423 -76.301586,8.9687202 -76.3024658,8.9681055 -76.3027858,8.9677894 -76.3033344,8.9672626 -76.3050411,8.9664723 -76.3058716,8.9659079 -76.3067098,8.9652832 -76.3082412,8.964508 -76.3092927,8.9639284 -76.3106566,8.9632285 -76.3116014,8.9628597 -76.3132319,8.9620469 -76.3141615,8.961648 -76.3151292,8.961076 -76.3154263,8.9608652 -76.3157991,8.9604855 -76.3169045,8.9602104 -76.3172626,8.9600147 -76.3176705,8.9597435 -76.3186752,8.9592227 -76.3195957,8.958675 -76.3200714,8.95839 -76.320852,8.958026 -76.3220704,8.9574783 -76.3225809,8.9572074 -76.3228552,8.9569741 -76.3229466,8.9568085 -76.3229162,8.9565752 -76.3226162,8.9563043 -76.3225648,8.9557699 -76.3226701,8.9553495 -76.3222872,8.9549494 -76.3219205,8.9547035 -76.3210976,8.954236 -76.3209261,8.95364 -76.3208514,8.9530585 -76.3204999,8.9503201 -76.3216801,8.9464499 -76.32218,8.9464499 -76.32166,8.9448999 -76.32218,8.9448999 -76.32178,8.9431001 -76.3226773,8.9414426 -76.3225704,8.9400358 -76.3233551,8.938258 -76.3237937,8.9375929 -76.3244801,8.93639 -76.3247027,8.9360211 -76.3249251,8.935788 -76.3252308,8.9354686 -76.3256142,8.9350399 -76.3257624,8.9348531 -76.32577,8.9346244 -76.326017,8.9340528 -76.3262637,8.9335255 -76.3271921,8.9304324 -76.3277632,8.9297062 -76.3284443,8.9289167 -76.3291851,8.9280768 -76.32963,8.9273499 -76.3301579,8.9267606 -76.3309628,8.9258412 -76.3322087,8.9245474 -76.333087,8.9238309 -76.3364758,8.9215264 -76.3369619,8.9212456 -76.3371068,8.9208956 -76.33712,8.92062 -76.3375515,8.9204531 -76.3378733,8.9199761 -76.338914,8.9193137 -76.3406146,8.9182008 -76.3428301,8.9171567 -76.3466764,8.9151959 -76.3480147,8.9145265 -76.3509389,8.9132587 -76.3531327,8.9123076 -76.3534611,8.9121876 -76.3562787,8.9111576 -76.3579554,8.9104028 -76.3581113,8.9103326 -76.3582846,8.9102585 -76.3589093,8.9099912 -76.360125,8.9096207 -76.3603932,8.9095253 -76.3607097,8.9093663 -76.3619328,8.9087144 -76.3642395,8.9080148 -76.3656449,8.9074001 -76.3693196,8.9061652 -76.3719481,8.9053279 -76.3742119,8.9046177 -76.3764274,8.90404 -76.3777149,8.903632 -76.3784176,8.9034465 -76.3788897,8.9032716 -76.3790184,8.9030914 -76.3796178,8.9030466 -76.3799411,8.9030225 -76.3801986,8.9029377 -76.3806921,8.9029271 -76.3808499,8.90268 -76.3813466,8.9023865 -76.3823068,8.9020685 -76.3827682,8.9019996 -76.383546,8.9017611 -76.3852841,8.9011941 -76.3901337,8.8993603 -76.3915126,8.8989435 -76.3924481,8.8986602 -76.3930502,8.8984006 -76.3930535,8.8982919 -76.3931008,8.898227 -76.3932102,8.898282 -76.3934769,8.8981929 -76.3934228,8.8980116 -76.3935297,8.8980053 -76.3936845,8.898178 -76.3936367,8.8980596 -76.3937642,8.8980052 -76.3937343,8.897965 -76.3938799,8.8978743 -76.393919,8.8979294 -76.3939875,8.8979293 -76.3940226,8.8979984 -76.3940992,8.8979665 -76.3941126,8.8978482 -76.3942536,8.8978244 -76.3943953,8.8978778 -76.3944464,8.8976856 -76.3950687,8.8972828 -76.3957097,8.8969818 -76.3967243,8.8967822 -76.3977563,8.8964374 -76.3979997,8.8960081 -76.3981627,8.8960452 -76.3982643,8.8959353 -76.3983043,8.8958432 -76.3984249,8.8958306 -76.3986173,8.8957113 -76.3992568,8.8956128 -76.399378,8.8956456 -76.3996822,8.8955033 -76.3997396,8.8955571 -76.3998598,8.8955216 -76.3999714,8.8954241 -76.4000125,8.89546 -76.4001445,8.8953491 -76.4002461,8.8953412 -76.4002554,8.8953922 -76.400398,8.8953705 -76.4004597,8.8952845 -76.4006334,8.8952808 -76.4009736,8.8948469 -76.4009723,8.8945028 -76.4011064,8.8943769 -76.4010862,8.8942226 -76.4015123,8.8940469 -76.4017337,8.8939912 -76.4018122,8.8940071 -76.4021968,8.8938741 -76.4026625,8.8938104 -76.4027851,8.8938809 -76.4031505,8.8936844 -76.4032596,8.8935141 -76.4039802,8.893325 -76.4041241,8.8931568 -76.4046844,8.8928365 -76.4055284,8.8926225 -76.4058555,8.8926515 -76.4060482,8.8923323 -76.4062427,8.8922956 -76.406983,8.8915536 -76.4076441,8.8915662 -76.4111189,8.8905141 -76.411765,8.8900532 -76.4122351,8.8898197 -76.4126168,8.8897817 -76.4131594,8.889555 -76.4134835,8.8892745 -76.4129206,8.8874146 -76.4116666,8.8844192 -76.4115272,8.883199 -76.4112028,8.8820252 -76.4107163,8.8804371 -76.4101836,8.8788027 -76.4096741,8.8773296 -76.4092805,8.8760409 -76.4088174,8.8746366 -76.4080067,8.8722203 -76.4068951,8.869205 -76.4065015,8.8678241 -76.4057137,8.8650849 -76.4052269,8.8628289 -76.404416,8.859422 -76.4031653,8.8554403 -76.4012431,8.8492255 -76.4004325,8.8466938 -76.3995755,8.8440008 -76.3988569,8.8407318 -76.3980233,8.8378085 -76.3970042,8.834425 -76.3962863,8.8319163 -76.3952665,8.8274043 -76.3947103,8.8251487 -76.393413,8.8198083 -76.3929727,8.8178285 -76.3920001,8.8145829 -76.39105,8.8108771 -76.3901934,8.8079996 -76.3894756,8.805675 -76.3887808,8.8030971 -76.3882016,8.8010253 -76.3877149,8.7986312 -76.3865344,8.7953401 -76.3853544,8.7926705 -76.3845444,8.7908983 -76.3845923,8.7895684 -76.385918,8.7867914 -76.3891839,8.7837322 -76.3922888,8.7825504 -76.3952597,8.7816212 -76.3959271,8.7791196 -76.3972889,8.7768848 -76.39932,8.7741194 -76.4010748,8.7723443 -76.4016753,8.7719062 -76.4043766,8.7692321 -76.4063389,8.7674571 -76.4086247,8.7653129 -76.4098252,8.7641141 -76.4109563,8.7628464 -76.4126647,8.7611408 -76.4141653,8.7597111 -76.4157817,8.7581437 -76.4164495,8.7553336 -76.4154083,8.7533777 -76.4151768,8.7526872 -76.4135814,8.750732 -76.4126792,8.7493055 -76.4121238,8.7478325 -76.4109908,8.7473952 -76.4092342,8.7467013 -76.4083381,8.7464843 -76.4075536,8.7462295 -76.4044623,8.7467232 -76.4019641,8.7466644 -76.3997245,8.7462331 -76.3983375,8.7450176 -76.3967251,8.7435067 -76.3946641,8.7418132 -76.3921576,8.740419 -76.389497,8.7382098 -76.3878094,8.7365881 -76.3863847,8.7352986 -76.3832129,8.7323877 -76.3822034,8.7319116 -76.3786814,8.7290399 -76.3775578,8.7281936 -76.3769599,8.7279747 -76.3717939,8.7244822 -76.367894,8.7207595 -76.3656954,8.7185166 -76.3612802,8.708151 -76.3571989,8.6982811 -76.3557903,8.6950884 -76.3551121,8.6917458 -76.355091,8.6882538 -76.354189,8.684185 -76.3532854,8.6798252 -76.3515858,8.6768525 -76.3503228,8.6735134 -76.3488326,8.668866 -76.34806,8.6636077 -76.3472288,8.6574533 -76.3462635,8.6549854 -76.3453666,8.6517168 -76.3435916,8.6483079 -76.3413841,8.6459201 -76.3380974,8.6464488 -76.3362521,8.6484095 -76.3334853,8.6503174 -76.3297711,8.6527402 -76.3270003,8.6539933 -76.323277,8.6548883 -76.3181409,8.6567373 -76.3151421,8.6565366 -76.3114106,8.6560491 -76.3094345,8.6556969 -76.306431,8.6546958 -76.3039358,8.6531097 -76.3020303,8.6523205 -76.2993274,8.6527 -76.296843,8.6529327 -76.2945026,8.6528007 -76.2923042,8.6519404 -76.2906937,8.6515859 -76.2877638,8.650657 -76.2849788,8.649509 -76.2833832,8.6486565 -76.2820418,8.6473432 -76.2788082,8.6441935 -76.276521,8.6416859 -76.2743723,8.6394773 -76.2727553,8.6389029 -76.2709076,8.6381446 -76.2697523,8.6372938 -76.2674882,8.6346248 -76.2660787,8.6323233 -76.2653387,8.6300905 -76.2652459,8.6290547 -76.2660067,8.62537 -76.2665603,8.62309 -76.266259,8.6208571 -76.2651335,8.6190061 -76.2636276,8.6172857 -76.2620773,8.6162379 -76.2598987,8.6150016 -76.2582034,8.6139066 -76.2560716,8.6124299 -76.2547593,8.6108044 -76.2538795,8.6088402 -76.2530476,8.6068278 -76.2526454,8.6039964 -76.2522976,8.6002666 -76.2522801,8.5971987 -76.252616,8.5945173 -76.2528747,8.5919838 -76.2530527,8.5889926 -76.2526025,8.5853058 -76.2508534,8.5811622 -76.2496603,8.5792205 -76.2481213,8.5775895 -76.2464624,8.5755493 -76.2448637,8.573743 -76.2425259,8.572339 -76.2390382,8.572645 -76.2384368,8.5724126 -76.2375347,8.5720718 -76.2363083,8.5722766 -76.2346999,8.572429 -76.2329712,8.5723279 -76.2311278,8.5725736 -76.2302893,8.5727549 -76.2294628,8.5729831 -76.2289192,8.573045 -76.2275957,8.5732172 -76.2263327,8.5736244 -76.2257898,8.5738275 -76.224903,8.5738442 -76.224087,8.573837 -76.2236366,8.5736394 -76.2228066,8.5732556 -76.2220887,8.571753 -76.2222386,8.5710812 -76.2225611,8.5695638 -76.2225412,8.5681017 -76.2262219,8.5650507 -76.2293003,8.562287 -76.23162,8.5592503 -76.2344031,8.5555132 -76.2347653,8.5518208 -76.2345805,8.5455104 -76.2335518,8.5420923 -76.2323363,8.5386752 -76.2305276,8.5361545 -76.2285685,8.5334859 -76.226455,8.5299248 -76.2252487,8.5281451 -76.2238904,8.5259197 -76.2223809,8.5233973 -76.2213267,8.5220634 -76.2201196,8.5201348 -76.2180021,8.5158294 -76.2164778,8.5106275 -76.2148065,8.505873 -76.213361,8.5003594 -76.2125316,8.493283 -76.2124924,8.4862022 -76.2126041,8.4827946 -76.2119385,8.4756702 -76.2103889,8.4643366 -76.2105837,8.4574639 -76.2112923,8.4524294 -76.2119821,8.4468721 -76.2124128,8.439788 -76.2113625,8.4354644 -76.2084435,8.431046 -76.2052016,8.4266801 -76.2017521,8.4210706 -76.1987833,8.4164117 -76.1959082,8.4120731 -76.1934988,8.4082831 -76.1912634,8.4037185 -76.1906524,8.401713 -76.1902045,8.4002431 -76.1903561,8.3966031 -76.1911775,8.3924535 -76.1944862,8.3897487 -76.2008012,8.3871791 -76.2139357,8.381453 -76.2251534,8.3743433 -76.235171,8.3676803 -76.2432137,8.3647235 -76.247055,8.3632918 -76.2518306,8.360817 -76.256247,8.3573852 -76.2611162,8.3530089 -76.2679523,8.3481158 -76.2723588,8.3444027 -76.2766658,8.3391169 -76.2836078,8.3315553 -76.2914114,8.3254154 -76.2978854,8.3206166 -76.3019211,8.3153649 -76.3045327,8.3079504 -76.3039574,8.3000251 -76.3049741,8.292091 -76.309717,8.2862503 -76.317447,8.2823876 -76.321001,8.2764835 -76.3246671,8.2603578 -76.3268255,8.2528884 -76.3295806,8.2428936 -76.3320997,8.2330696 -76.332689,8.2248093 -76.3358412,8.2179103 -76.3370027,8.2120118 -76.3426977,8.2073103 -76.3432103,8.2041361 -76.3431923,8.2009649 -76.3436959,8.1962051 -76.3418289,8.1864359 -76.3451481,8.1742301 -76.3519575,8.1701194 -76.3600054,8.1671716 -76.365689,8.1612839 -76.3701117,8.1525232 -76.3734915,8.1451587 -76.3770755,8.1346592 -76.3777286,8.1247646 -76.3798014,8.1142024 -76.3811014,8.1104026 -76.3841344,8.1015371 -76.3898305,8.0934526 -76.3972523,8.0895369 -76.3974378,8.0894462 -76.3976367,8.0893489 -76.4046778,8.0859057 -76.4083999,8.0824623 -76.412345,8.0788127 -76.415303,8.0737725 -76.4160495,8.0706303 -76.416311,8.0695295 -76.4171873,8.0644742 -76.4183844,8.0590477 -76.4189374,8.0543217 -76.4193924,8.0514686 -76.4206819,8.0469372 -76.4217688,8.0424487 -76.4222847,8.0379669 -76.4226867,8.0341791 -76.4249568,8.0297836 -76.4270444,8.0239579 -76.427005,8.0170872 -76.4232602,8.0112947 -76.4203946,8.0074383 -76.418588,8.0033525 -76.4165912,8.0002852 -76.4149741,7.9969931 -76.4146645,7.9963627 -76.4158885,7.9916428 -76.4166825,7.9858682 -76.4167631,7.9792733 -76.4167136,7.9705595 -76.4163024,7.9605524 -76.4153127,7.9526682 -76.4165526,7.9421808 -76.4164032,7.936647 -76.4174116,7.9269852 -76.418187,7.9178899 -76.4197979,7.9103444 -76.4244974,7.9059609 -76.4284936,7.9025235 -76.4331996,7.8993175 -76.4373103,7.8952906 -76.4412956,7.8899691 -76.4437441,7.8844207 -76.4456028,7.8789935 -76.4488766,7.8732049 -76.452428,7.8680999 -76.4533763,7.8677455 -76.4597267,7.8651129 -76.4623141,7.8622132 -76.4638028,7.8593092 -76.466337,7.8564704 -76.4672511,7.854507 -76.4672135,7.8514965 -76.468309,7.8480423 -76.4694482,7.8448623 -76.4734655,7.8390694 -76.4777621,7.8315439 -76.4760782,7.8173663 -76.4765271,7.8148387 -76.4793379,7.7990126 -76.4816771,7.7882519 -76.4828322,7.778346 -76.481016,7.77017 -76.4814882,7.7647105 -76.4820885,7.7631804 -76.4846017,7.7567752 -76.4953981,7.7503892 -76.4961418,7.7418203 -76.490924,7.7302546 -76.4895635,7.7288488 -76.4891252,7.7265687 -76.4891252,7.7247772 -76.4902027,7.7217551 -76.4913714,7.7205608 -76.4918645,7.7196198 -76.4916404,7.7180778 -76.4915031,7.7172159 -76.4907478,7.7164901 -76.4886879,7.7151746 -76.4882987,7.7133601 -76.4884132,7.7109332 -76.4891456,7.7086651 -76.4903816,7.7071455 -76.490702,7.7058073 -76.4887565,7.7020421 -76.4892143,7.6999554 -76.4889854,7.6975738 -76.4881614,7.6951922 -76.4865821,7.6885009 -76.4870628,7.6858698 -76.4880928,7.6838737 -76.4895576,7.6800857 -76.4890083,7.6772276 -76.4883445,7.6738932 -76.4898094,7.6703546 -76.4915489,7.6644115 -76.4917549,7.6617121 -76.4920753,7.6576744 -76.4964241,7.6556328 -76.4965843,7.654181 -76.4957832,7.6515723 -76.4959663,7.6492132 -76.4941971,7.6471951 -76.4931671,7.6442234 -76.4924929,7.641418 -76.4929507,7.6398981 -76.4955141,7.6373574 -76.4986727,7.6347713 -76.4994738,7.6330245 -76.5016939,7.6298485 -76.5031817,7.6249257 -76.502907,7.6226571 -76.5030443,7.621296 -76.504967,7.618256 -76.5097964,7.6155564 -76.511307,7.613197 -76.5120394,7.6107015 -76.5146029,7.6087731 -76.5133669,7.6070943 -76.5118105,7.6044626 -76.5097506,7.6033056 -76.5102541,7.6010823 -76.5108721,7.5968852 -76.5116732,7.5926199 -76.5143207,7.5902687 -76.5145267,7.5897922 -76.5152362,7.5877049</coordinates></LinearRing></outerBoundaryIs></Polygon>
  </Placemark>
</Folder>
</Document></kml>
