{
  "type": "FeatureCollection",
  "features": [
    {
      "type": "Feature",
      "properties": {
        "osm_id": 1343449,
        "osm_type": "relation",
        "admin_level": 6,
        "name": "Municipio de Montería",
        "display_name": "Municipio de Montería, Córdoba, Colombia"
      },
      "geometry": {
        "type": "Polygon",
        "coordinates": [
          [
            [
              -76.2788082,
              8.6441935
            ],
            [
              -76.276521,
              8.6416859
            ],
            [
              -76.2743723,
              8.6394773
            ],
            [
              -76.2727553,
              8.6389029
            ],
            [
              -76.2709076,
              8.6381446
            ],
            [
              -76.2697523,
              8.6372938
            ],
            [
              -76.2674882,
              8.6346248
            ],
            [
              -76.2660787,
              8.6323233
            ],
            [
              -76.2653387,
              8.6300905
            ],
            [
              -76.2652459,
              8.6290547
            ],
            [
              -76.2660067,
              8.62537
            ],
            [
              -76.2665603,
              8.62309
            ],
            [
              -76.266259,
              8.6208571
            ],
            [
              -76.2651335,
              8.6190061
            ],
            [
              -76.2636276,
              8.6172857
            ],
            [
              -76.2620773,
              8.6162379
            ],
            [
              -76.2598987,
              8.6150016
            ],
            [
              -76.2582034,
              8.6139066
            ],
            [
              -76.2560716,
              8.6124299
            ],
            [
              -76.2547593,
              8.6108044
            ],
            [
              -76.2538795,
              8.6088402
            ],
            [
              -76.2530476,
              8.6068278
            ],
            [
              -76.2526454,
              8.6039964
            ],
            [
              -76.2522976,
              8.6002666
            ],
            [
              -76.2522801,
              8.5971987
            ],
            [
              -76.252616,
              8.5945173
            ],
            [
              -76.2528747,
              8.5919838
            ],
            [
              -76.2530527,
              8.5889926
            ],
            [
              -76.2526025,
              8.5853058
            ],
            [
              -76.2508534,
              8.5811622
            ],
            [
              -76.2496603,
              8.5792205
            ],
            [
              -76.2481213,
              8.5775895
            ],
            [
              -76.2464624,
              8.5755493
            ],
            [
              -76.2448637,
              8.573743
            ],
            [
              -76.2425259,
              8.572339
            ],
            [
              -76.2390382,
              8.572645
            ],
            [
              -76.2384368,
              8.5724126
            ],
            [
              -76.2375347,
              8.5720718
            ],
            [
              -76.2363083,
              8.5722766
            ],
            [
              -76.2346999,
              8.572429
            ],
            [
              -76.2329712,
              8.5723279
            ],
            [
              -76.2311278,
              8.5725736
            ],
            [
              -76.2302893,
              8.5727549
            ],
            [
              -76.2294628,
              8.5729831
            ],
            [
              -76.2289192,
              8.573045
            ],
            [
              -76.2275957,
              8.5732172
            ],
            [
              -76.2263327,
              8.5736244
            ],
            [
              -76.2257898,
              8.5738275
            ],
            [
              -76.224903,
              8.5738442
            ],
            [
              -76.224087,
              8.573837
            ],
            [
              -76.2236366,
              8.5736394
            ],
            [
              -76.2228066,
              8.5732556
            ],
            [
              -76.2220887,
              8.571753
            ],
            [
              -76.2222386,
              8.5710812
            ],
            [
              -76.2225611,
              8.5695638
            ],
            [
              -76.2225412,
              8.5681017
            ],
            [
              -76.2262219,
              8.5650507
            ],
            [
              -76.2293003,
              8.562287
            ],
            [
              -76.23162,
              8.5592503
            ],
            [
              -76.2344031,
              8.5555132
            ],
            [
              -76.2347653,
              8.5518208
            ],
            [
              -76.2345805,
              8.5455104
            ],
            [
              -76.2335518,
              8.5420923
            ],
            [
              -76.2323363,
              8.5386752
            ],
            [
              -76.2305276,
              8.5361545
            ],
            [
              -76.2285685,
              8.5334859
            ],
            [
              -76.226455,
              8.5299248
            ],
            [
              -76.2252487,
              8.5281451
            ],
            [
              -76.2238904,
              8.5259197
            ],
            [
              -76.2223809,
              8.5233973
            ],
            [
              -76.2213267,
              8.5220634
            ],
            [
              -76.2201196,
              8.5201348
            ],
            [
              -76.2180021,
              8.5158294
            ],
            [
              -76.2164778,
              8.5106275
            ],
            [
              -76.2148065,
              8.505873
            ],
            [
              -76.213361,
              8.5003594
            ],
            [
              -76.2125316,
              8.493283
            ],
            [
              -76.2124924,
              8.4862022
            ],
            [
              -76.2126041,
              8.4827946
            ],
            [
              -76.2119385,
              8.4756702
            ],
            [
              -76.2103889,
              8.4643366
            ],
            [
              -76.2105837,
              8.4574639
            ],
            [
              -76.2112923,
              8.4524294
            ],
            [
              -76.2119821,
              8.4468721
            ],
            [
              -76.2124128,
              8.439788
            ],
            [
              -76.2113625,
              8.4354644
            ],
            [
              -76.2084435,
              8.431046
            ],
            [
              -76.2052016,
              8.4266801
            ],
            [
              -76.2017521,
              8.4210706
            ],
            [
              -76.1987833,
              8.4164117
            ],
            [
              -76.1959082,
              8.4120731
            ],
            [
              -76.1934988,
              8.4082831
            ],
            [
              -76.1912634,
              8.4037185
            ],
            [
              -76.1906524,
              8.401713
            ],
            [
              -76.1889052,
              8.4013456
            ],
            [
              -76.1836421,
              8.4004014
            ],
            [
              -76.1801216,
              8.3997632
            ],
            [
              -76.1746447,
              8.3983592
            ],
            [
              -76.1705933,
              8.3943675
            ],
            [
              -76.1679689,
              8.388075
            ],
            [
              -76.1662097,
              8.3820646
            ],
            [
              -76.1639009,
              8.3809301
            ],
            [
              -76.1589969,
              8.3789494
            ],
            [
              -76.154396,
              8.3798336
            ],
            [
              -76.1500904,
              8.3821495
            ],
            [
              -76.1454833,
              8.381887
            ],
            [
              -76.1397158,
              8.3799105
            ],
            [
              -76.1348285,
              8.3810826
            ],
            [
              -76.1342753,
              8.3853854
            ],
            [
              -76.1302649,
              8.3891328
            ],
            [
              -76.1245138,
              8.3903094
            ],
            [
              -76.1184748,
              8.3914873
            ],
            [
              -76.1138735,
              8.3923711
            ],
            [
              -76.1110038,
              8.3941058
            ],
            [
              -76.1078996,
              8.3941889
            ],
            [
              -76.1069634,
              8.39212
            ],
            [
              -76.1049349,
              8.3895504
            ],
            [
              -76.100617,
              8.3895726
            ],
            [
              -76.0989211,
              8.3899715
            ],
            [
              -76.0953783,
              8.3888593
            ],
            [
              -76.094672,
              8.3864932
            ],
            [
              -76.0954978,
              8.3840465
            ],
            [
              -76.0971243,
              8.3821371
            ],
            [
              -76.09739,
              8.3778357
            ],
            [
              -76.0959404,
              8.3758365
            ],
            [
              -76.0942967,
              8.3750285
            ],
            [
              -76.0935373,
              8.3735064
            ],
            [
              -76.093542,
              8.3716347
            ],
            [
              -76.0920431,
              8.3697593
            ],
            [
              -76.0886629,
              8.3686278
            ],
            [
              -76.0871631,
              8.3671266
            ],
            [
              -76.0873802,
              8.3654315
            ],
            [
              -76.0875383,
              8.3652725
            ],
            [
              -76.0889614,
              8.3621119
            ],
            [
              -76.0886471,
              8.3569535
            ],
            [
              -76.0863137,
              8.3509453
            ],
            [
              -76.0828509,
              8.3492428
            ],
            [
              -76.0793954,
              8.3489735
            ],
            [
              -76.0707296,
              8.3509311
            ],
            [
              -76.0655157,
              8.351299
            ],
            [
              -76.0635804,
              8.3521136
            ],
            [
              -76.062335,
              8.3518554
            ],
            [
              -76.0616847,
              8.351224
            ],
            [
              -76.0600769,
              8.3510524
            ],
            [
              -76.0589409,
              8.3511263
            ],
            [
              -76.0585823,
              8.351112
            ],
            [
              -76.0575048,
              8.3510741
            ],
            [
              -76.0566732,
              8.350864
            ],
            [
              -76.056144,
              8.3503343
            ],
            [
              -76.0556596,
              8.3493951
            ],
            [
              -76.0554715,
              8.3484796
            ],
            [
              -76.0555695,
              8.3476848
            ],
            [
              -76.0558179,
              8.346848
            ],
            [
              -76.0561728,
              8.3459214
            ],
            [
              -76.0563411,
              8.3451507
            ],
            [
              -76.0569089,
              8.3439831
            ],
            [
              -76.0572125,
              8.342965
            ],
            [
              -76.0573472,
              8.3428548
            ],
            [
              -76.0574648,
              8.3426486
            ],
            [
              -76.05782,
              8.3422373
            ],
            [
              -76.0582862,
              8.3419484
            ],
            [
              -76.059375,
              8.3415796
            ],
            [
              -76.0599189,
              8.3415175
            ],
            [
              -76.0603232,
              8.3414676
            ],
            [
              -76.0606141,
              8.3398517
            ],
            [
              -76.0601087,
              8.3379367
            ],
            [
              -76.0600506,
              8.3373805
            ],
            [
              -76.0600248,
              8.3364984
            ],
            [
              -76.0603491,
              8.3351562
            ],
            [
              -76.060583,
              8.3338998
            ],
            [
              -76.0605346,
              8.333056
            ],
            [
              -76.0611852,
              8.3323093
            ],
            [
              -76.0616878,
              8.3319111
            ],
            [
              -76.0623443,
              8.3314899
            ],
            [
              -76.0630075,
              8.3309334
            ],
            [
              -76.0631909,
              8.3303921
            ],
            [
              -76.0632726,
              8.3300178
            ],
            [
              -75.981623,
              8.3272739
            ],
            [
              -75.9809238,
              8.327977
            ],
            [
              -75.9799266,
              8.3275736
            ],
            [
              -75.9787554,
              8.3275209
            ],
            [
              -75.9775834,
              8.3272933
            ],
            [
              -75.9761172,
              8.3267755
            ],
            [
              -75.9750023,
              8.326256
            ],
            [
              -75.974297,
              8.3256763
            ],
            [
              -75.9727124,
              8.3248675
            ],
            [
              -75.9718891,
              8.3241134
            ],
            [
              -75.9704027,
              8.3235781
            ],
            [
              -75.9703988,
              8.3235771
            ],
            [
              -75.9701574,
              8.3235395
            ],
            [
              -75.9698132,
              8.32353
            ],
            [
              -75.9695238,
              8.323559
            ],
            [
              -75.9691729,
              8.3236066
            ],
            [
              -75.9689115,
              8.3236567
            ],
            [
              -75.9686489,
              8.3237464
            ],
            [
              -75.968395,
              8.3238834
            ],
            [
              -75.9681498,
              8.3240285
            ],
            [
              -75.967912,
              8.3241645
            ],
            [
              -75.967432,
              8.3238957
            ],
            [
              -75.9664377,
              8.3237398
            ],
            [
              -75.9654513,
              8.3236772
            ],
            [
              -75.9642796,
              8.3237069
            ],
            [
              -75.963114,
              8.3237014
            ],
            [
              -75.9621539,
              8.3236225
            ],
            [
              -75.9611898,
              8.3235265
            ],
            [
              -75.9601774,
              8.3233917
            ],
            [
              -75.9591593,
              8.3232597
            ],
            [
              -75.9581626,
              8.3231614
            ],
            [
              -75.9571585,
              8.3230916
            ],
            [
              -75.9560336,
              8.3230386
            ],
            [
              -75.9548955,
              8.322998
            ],
            [
              -75.9538291,
              8.3229634
            ],
            [
              -75.9527628,
              8.3229122
            ],
            [
              -75.9517661,
              8.3227798
            ],
            [
              -75.9507693,
              8.3226022
            ],
            [
              -75.9501552,
              8.322505
            ],
            [
              -75.9495235,
              8.3224213
            ],
            [
              -75.9484889,
              8.3225053
            ],
            [
              -75.9474719,
              8.3226723
            ],
            [
              -75.946097,
              8.3228191
            ],
            [
              -75.9447245,
              8.3229478
            ],
            [
              -75.9434171,
              8.3229788
            ],
            [
              -75.9420944,
              8.32291
            ],
            [
              -75.9414954,
              8.3228489
            ],
            [
              -75.9409802,
              8.3227969
            ],
            [
              -75.9398729,
              8.3226455
            ],
            [
              -75.9388715,
              8.3224593
            ],
            [
              -75.9378707,
              8.3222721
            ],
            [
              -75.9370064,
              8.3221177
            ],
            [
              -75.9361277,
              8.322046
            ],
            [
              -75.9350568,
              8.3220668
            ],
            [
              -75.9339959,
              8.3220966
            ],
            [
              -75.9328977,
              8.3221183
            ],
            [
              -75.9318035,
              8.322148
            ],
            [
              -75.9306568,
              8.3222036
            ],
            [
              -75.9295346,
              8.32227
            ],
            [
              -75.9285034,
              8.3222425
            ],
            [
              -75.9281295,
              8.3222037
            ],
            [
              -75.9275345,
              8.3221405
            ],
            [
              -75.9265863,
              8.3219654
            ],
            [
              -75.9256855,
              8.3216434
            ],
            [
              -75.9248388,
              8.3211481
            ],
            [
              -75.9244878,
              8.3209392
            ],
            [
              -75.9241076,
              8.3207162
            ],
            [
              -75.9231963,
              8.3202706
            ],
            [
              -75.9189518,
              8.3205322
            ],
            [
              -75.9115441,
              8.3205665
            ],
            [
              -75.9094994,
              8.3203215
            ],
            [
              -75.9059186,
              8.3193203
            ],
            [
              -75.9044299,
              8.3198375
            ],
            [
              -75.9038805,
              8.319671
            ],
            [
              -75.9033093,
              8.3195002
            ],
            [
              -75.9029462,
              8.319396
            ],
            [
              -75.9027518,
              8.3193634
            ],
            [
              -75.9025042,
              8.3193647
            ],
            [
              -75.90213,
              8.3194181
            ],
            [
              -75.9018633,
              8.3194612
            ],
            [
              -75.9015494,
              8.3195101
            ],
            [
              -75.9009624,
              8.319601
            ],
            [
              -75.9006804,
              8.3196443
            ],
            [
              -75.9001674,
              8.319721
            ],
            [
              -75.8995744,
              8.3198047
            ],
            [
              -75.8992581,
              8.3198338
            ],
            [
              -75.8989768,
              8.3198145
            ],
            [
              -75.898676,
              8.3197667
            ],
            [
              -75.8977759,
              8.3195146
            ],
            [
              -75.8968741,
              8.319298
            ],
            [
              -75.8965981,
              8.3192152
            ],
            [
              -75.8961819,
              8.319065
            ],
            [
              -75.895948,
              8.3189353
            ],
            [
              -75.8956513,
              8.3187282
            ],
            [
              -75.8954702,
              8.3185786
            ],
            [
              -75.8952979,
              8.3184314
            ],
            [
              -75.8950879,
              8.3182384
            ],
            [
              -75.89472,
              8.3178835
            ],
            [
              -75.8941924,
              8.3173593
            ],
            [
              -75.8939299,
              8.3171019
            ],
            [
              -75.8936531,
              8.3168623
            ],
            [
              -75.8931661,
              8.316449
            ],
            [
              -75.8927943,
              8.3161452
            ],
            [
              -75.8922393,
              8.3156953
            ],
            [
              -75.8916697,
              8.3152553
            ],
            [
              -75.8912449,
              8.3149403
            ],
            [
              -75.8909265,
              8.3147079
            ],
            [
              -75.8904413,
              8.3143672
            ],
            [
              -75.889947,
              8.3140341
            ],
            [
              -75.8896593,
              8.3138471
            ],
            [
              -75.8891353,
              8.3135154
            ],
            [
              -75.8887487,
              8.3132742
            ],
            [
              -75.8881477,
              8.3129248
            ],
            [
              -75.8875551,
              8.3125829
            ],
            [
              -75.8871162,
              8.3123419
            ],
            [
              -75.8867839,
              8.3121718
            ],
            [
              -75.8865368,
              8.3120478
            ],
            [
              -75.8861602,
              8.3118795
            ],
            [
              -75.8859727,
              8.3117999
            ],
            [
              -75.8857797,
              8.3117213
            ],
            [
              -75.8855005,
              8.3116232
            ],
            [
              -75.88526,
              8.3115347
            ],
            [
              -75.8848405,
              8.3114103
            ],
            [
              -75.8845164,
              8.3113233
            ],
            [
              -75.8840224,
              8.3111981
            ],
            [
              -75.8835289,
              8.3110807
            ],
            [
              -75.8829885,
              8.3109563
            ],
            [
              -75.8825885,
              8.310868
            ],
            [
              -75.8822865,
              8.3108154
            ],
            [
              -75.8820612,
              8.3107705
            ],
            [
              -75.8815939,
              8.3107151
            ],
            [
              -75.8813783,
              8.3107024
            ],
            [
              -75.881093,
              8.310686
            ],
            [
              -75.8808526,
              8.3106852
            ],
            [
              -75.8804133,
              8.3106772
            ],
            [
              -75.8800905,
              8.3106873
            ],
            [
              -75.8795891,
              8.3107061
            ],
            [
              -75.8791045,
              8.3107338
            ],
            [
              -75.8783503,
              8.3107902
            ],
            [
              -75.8776051,
              8.3108454
            ],
            [
              -75.8772335,
              8.3108836
            ],
            [
              -75.8769424,
              8.310911
            ],
            [
              -75.8766677,
              8.3109373
            ],
            [
              -75.8761744,
              8.3109835
            ],
            [
              -75.8753502,
              8.3072353
            ],
            [
              -75.8744084,
              8.2932418
            ],
            [
              -75.8743647,
              8.2836186
            ],
            [
              -75.8767314,
              8.272891
            ],
            [
              -75.8767155,
              8.2693916
            ],
            [
              -75.8727437,
              8.2650351
            ],
            [
              -75.8724456,
              8.264254
            ],
            [
              -75.8724081,
              8.2641563
            ],
            [
              -75.8723353,
              8.264121
            ],
            [
              -75.8721912,
              8.2640911
            ],
            [
              -75.8720518,
              8.2641011
            ],
            [
              -75.8719836,
              8.2641042
            ],
            [
              -75.8719159,
              8.2641254
            ],
            [
              -75.8693994,
              8.265039
            ],
            [
              -75.863525,
              8.2650653
            ],
            [
              -75.8619915,
              8.2648177
            ],
            [
              -75.856117,
              8.2648438
            ],
            [
              -75.8538252,
              8.2663806
            ],
            [
              -75.848717,
              8.2664033
            ],
            [
              -75.8466748,
              8.2666667
            ],
            [
              -75.8443829,
              8.2682035
            ],
            [
              -75.8428538,
              8.2689735
            ],
            [
              -75.8405664,
              8.2715279
            ],
            [
              -75.8380224,
              8.273829
            ],
            [
              -75.8352252,
              8.2766401
            ],
            [
              -75.8329343,
              8.2784312
            ],
            [
              -75.8314052,
              8.2792012
            ],
            [
              -75.8293201,
              8.2798192
            ],
            [
              -75.8289024,
              8.2800143
            ],
            [
              -75.8286381,
              8.2800495
            ],
            [
              -75.8283742,
              8.280052
            ],
            [
              -75.8287687,
              8.2827188
            ],
            [
              -75.8278161,
              8.2852187
            ],
            [
              -75.8266732,
              8.2882954
            ],
            [
              -75.8274526,
              8.2902118
            ],
            [
              -75.8290064,
              8.2928927
            ],
            [
              -75.8263268,
              8.297128
            ],
            [
              -75.8271147,
              8.3009641
            ],
            [
              -75.8255779,
              8.3021228
            ],
            [
              -75.8201948,
              8.305218
            ],
            [
              -75.8202133,
              8.3094414
            ],
            [
              -75.8190755,
              8.31367
            ],
            [
              -75.8166847,
              8.3164157
            ],
            [
              -75.8165818,
              8.3165342
            ],
            [
              -75.8164816,
              8.3166509
            ],
            [
              -75.8163886,
              8.3167553
            ],
            [
              -75.8163161,
              8.3167689
            ],
            [
              -75.8157904,
              8.3169053
            ],
            [
              -75.8152929,
              8.3170392
            ],
            [
              -75.8145004,
              8.3170485
            ],
            [
              -75.813914,
              8.3169509
            ],
            [
              -75.8134681,
              8.3168779
            ],
            [
              -75.8123516,
              8.3177621
            ],
            [
              -75.8112992,
              8.3186053
            ],
            [
              -75.8105268,
              8.3192219
            ],
            [
              -75.8097496,
              8.319867
            ],
            [
              -75.8094117,
              8.3203766
            ],
            [
              -75.8087985,
              8.3202693
            ],
            [
              -75.8082927,
              8.3200195
            ],
            [
              -75.8077094,
              8.3193126
            ],
            [
              -75.8070883,
              8.318825
            ],
            [
              -75.806291,
              8.3187512
            ],
            [
              -75.8061263,
              8.3186831
            ],
            [
              -75.8055007,
              8.318423
            ],
            [
              -75.8049619,
              8.3179067
            ],
            [
              -75.8044054,
              8.3173568
            ],
            [
              -75.8037176,
              8.3166991
            ],
            [
              -75.8032261,
              8.3162326
            ],
            [
              -75.8026315,
              8.3157123
            ],
            [
              -75.8020015,
              8.3152333
            ],
            [
              -75.801449,
              8.3148936
            ],
            [
              -75.80065,
              8.3146333
            ],
            [
              -75.8002435,
              8.3145405
            ],
            [
              -75.7996024,
              8.3144073
            ],
            [
              -75.7985519,
              8.314174
            ],
            [
              -75.7974957,
              8.3139213
            ],
            [
              -75.7968434,
              8.3134605
            ],
            [
              -75.7964986,
              8.3130439
            ],
            [
              -75.7962729,
              8.312577
            ],
            [
              -75.7961324,
              8.3119294
            ],
            [
              -75.7959948,
              8.3112638
            ],
            [
              -75.795808,
              8.3106302
            ],
            [
              -75.7957392,
              8.3104156
            ],
            [
              -75.7956164,
              8.3100136
            ],
            [
              -75.7954402,
              8.3094975
            ],
            [
              -75.7953408,
              8.3092041
            ],
            [
              -75.7950491,
              8.3083963
            ],
            [
              -75.794765,
              8.3076875
            ],
            [
              -75.7944682,
              8.3069722
            ],
            [
              -75.7942696,
              8.3064609
            ],
            [
              -75.794057,
              8.3059271
            ],
            [
              -75.7935467,
              8.3045998
            ],
            [
              -75.7930353,
              8.3032729
            ],
            [
              -75.7928357,
              8.3027297
            ],
            [
              -75.7908591,
              8.3034691
            ],
            [
              -75.789422,
              8.3040078
            ],
            [
              -75.787957,
              8.3048268
            ],
            [
              -75.7862918,
              8.3054823
            ],
            [
              -75.7842224,
              8.3065443
            ],
            [
              -75.7825961,
              8.3070785
            ],
            [
              -75.7811651,
              8.3077783
            ],
            [
              -75.7800402,
              8.3082642
            ],
            [
              -75.7787996,
              8.3086287
            ],
            [
              -75.7773593,
              8.3090499
            ],
            [
              -75.777314,
              8.309009
            ],
            [
              -75.7759567,
              8.3078091
            ],
            [
              -75.7755459,
              8.3071479
            ],
            [
              -75.7745571,
              8.305991
            ],
            [
              -75.7743133,
              8.3045891
            ],
            [
              -75.7743996,
              8.3035182
            ],
            [
              -75.773328,
              8.302361
            ],
            [
              -75.7722548,
              8.3016987
            ],
            [
              -75.7693682,
              8.2988045
            ],
            [
              -75.7686256,
              8.2983072
            ],
            [
              -75.7676338,
              8.2980576
            ],
            [
              -75.7672203,
              8.2978912
            ],
            [
              -75.7658984,
              8.2973095
            ],
            [
              -75.7655683,
              8.2969785
            ],
            [
              -75.7653232,
              8.2963189
            ],
            [
              -75.7653292,
              8.2945065
            ],
            [
              -75.7650026,
              8.2931043
            ],
            [
              -75.7645093,
              8.2920315
            ],
            [
              -75.7643812,
              8.2919836
            ],
            [
              -75.7645109,
              8.2915366
            ],
            [
              -75.7647643,
              8.2900538
            ],
            [
              -75.7653469,
              8.2891495
            ],
            [
              -75.7659304,
              8.2876678
            ],
            [
              -75.7664291,
              8.2870932
            ],
            [
              -75.7670109,
              8.2861064
            ],
            [
              -75.7675931,
              8.2853659
            ],
            [
              -75.7687531,
              8.2847935
            ],
            [
              -75.769749,
              8.283808
            ],
            [
              -75.7700837,
              8.2827368
            ],
            [
              -75.7705019,
              8.281502
            ],
            [
              -75.7704234,
              8.2801843
            ],
            [
              -75.7697683,
              8.2779561
            ],
            [
              -75.7696054,
              8.2771319
            ],
            [
              -75.7691146,
              8.2756466
            ],
            [
              -75.7686237,
              8.2738326
            ],
            [
              -75.768298,
              8.2725129
            ],
            [
              -75.7669783,
              8.2712724
            ],
            [
              -75.7661538,
              8.2701985
            ],
            [
              -75.7659103,
              8.2690441
            ],
            [
              -75.7648396,
              8.2676394
            ],
            [
              -75.7635197,
              8.2664814
            ],
            [
              -75.7621135,
              8.2663943
            ],
            [
              -75.7612027,
              8.2667213
            ],
            [
              -75.7601257,
              8.2668816
            ],
            [
              -75.7586369,
              8.2670416
            ],
            [
              -75.7573965,
              8.2668726
            ],
            [
              -75.7565712,
              8.2660461
            ],
            [
              -75.7562194,
              8.2655345
            ],
            [
              -75.7562165,
              8.2648423
            ],
            [
              -75.7560758,
              8.2644276
            ],
            [
              -75.7557952,
              8.2638059
            ],
            [
              -75.7549937,
              8.2632209
            ],
            [
              -75.7542054,
              8.263077
            ],
            [
              -75.7534918,
              8.2640332
            ],
            [
              -75.7531519,
              8.2648038
            ],
            [
              -75.7531562,
              8.2658293
            ],
            [
              -75.7533329,
              8.267025
            ],
            [
              -75.7530784,
              8.2677098
            ],
            [
              -75.7528372,
              8.2682449
            ],
            [
              -75.7524402,
              8.2688836
            ],
            [
              -75.7521023,
              8.2693429
            ],
            [
              -75.7514275,
              8.269803
            ],
            [
              -75.7483519,
              8.2717357
            ],
            [
              -75.7449021,
              8.2763578
            ],
            [
              -75.7445311,
              8.2798151
            ],
            [
              -75.7418393,
              8.2813622
            ],
            [
              -75.7387668,
              8.2840628
            ],
            [
              -75.7349313,
              8.2886865
            ],
            [
              -75.7307022,
              8.2913918
            ],
            [
              -75.7287876,
              8.2944716
            ],
            [
              -75.7264826,
              8.296401
            ],
            [
              -75.7257245,
              8.299476
            ],
            [
              -75.726889,
              8.301391
            ],
            [
              -75.7261292,
              8.304082
            ],
            [
              -75.7261452,
              8.3079218
            ],
            [
              -75.7265386,
              8.30984
            ],
            [
              -75.7277,
              8.3109872
            ],
            [
              -75.7284822,
              8.3136717
            ],
            [
              -75.7292629,
              8.3159724
            ],
            [
              -75.729996,
              8.3162124
            ],
            [
              -75.7277425,
              8.3199247
            ],
            [
              -75.7239806,
              8.3299076
            ],
            [
              -75.7247917,
              8.34419
            ],
            [
              -75.7284783,
              8.3561974
            ],
            [
              -75.729317,
              8.3624833
            ],
            [
              -75.7270849,
              8.3782011
            ],
            [
              -75.726905,
              8.3782856
            ],
            [
              -75.7268877,
              8.3782881
            ],
            [
              -75.720618,
              8.3793568
            ],
            [
              -75.715677,
              8.3776299
            ],
            [
              -75.7149973,
              8.3775962
            ],
            [
              -75.7139607,
              8.380082
            ],
            [
              -75.7136194,
              8.3821751
            ],
            [
              -75.712238,
              8.3867127
            ],
            [
              -75.7122453,
              8.3884558
            ],
            [
              -75.7087504,
              8.3898647
            ],
            [
              -75.7052512,
              8.3902278
            ],
            [
              -75.7038567,
              8.3916279
            ],
            [
              -75.7038668,
              8.3940682
            ],
            [
              -75.7024897,
              8.3996517
            ],
            [
              -75.7000536,
              8.4031479
            ],
            [
              -75.697263,
              8.4055997
            ],
            [
              -75.6972963,
              8.4136177
            ],
            [
              -75.6938213,
              8.4199071
            ],
            [
              -75.6899817,
              8.4227118
            ],
            [
              -75.67913,
              8.4231047
            ],
            [
              -75.6773837,
              8.4241576
            ],
            [
              -75.6759904,
              8.4259064
            ],
            [
              -75.6764135,
              8.428325
            ],
            [
              -75.6749687,
              8.4328829
            ],
            [
              -75.6728923,
              8.4388179
            ],
            [
              -75.6725593,
              8.4430026
            ],
            [
              -75.672562,
              8.4430245
            ],
            [
              -75.6725707,
              8.4430855
            ],
            [
              -75.6730454,
              8.4436138
            ],
            [
              -75.6734132,
              8.4445122
            ],
            [
              -75.6736738,
              8.4455685
            ],
            [
              -75.673565,
              8.4464652
            ],
            [
              -75.6735088,
              8.4472559
            ],
            [
              -75.6734524,
              8.4480998
            ],
            [
              -75.6729173,
              8.4495226
            ],
            [
              -75.6727558,
              8.4502599
            ],
            [
              -75.672636,
              8.4503982
            ],
            [
              -75.6723041,
              8.4518285
            ],
            [
              -75.6718887,
              8.4528748
            ],
            [
              -75.6716823,
              8.4537114
            ],
            [
              -75.6714776,
              8.4549658
            ],
            [
              -75.6712742,
              8.4565335
            ],
            [
              -75.6700242,
              8.4587323
            ],
            [
              -75.6699241,
              8.4598818
            ],
            [
              -75.6694089,
              8.4621821
            ],
            [
              -75.6694128,
              8.4631223
            ],
            [
              -75.6698372,
              8.4642696
            ],
            [
              -75.6717266,
              8.4644709
            ],
            [
              -75.6755037,
              8.4644554
            ],
            [
              -75.676973,
              8.4645539
            ],
            [
              -75.6782397,
              8.465548
            ],
            [
              -75.6785813,
              8.4655264
            ],
            [
              -75.679535,
              8.4657411
            ],
            [
              -75.6803815,
              8.4660605
            ],
            [
              -75.6808574,
              8.4662735
            ],
            [
              -75.6816507,
              8.4665927
            ],
            [
              -75.6823376,
              8.4671228
            ],
            [
              -75.682972,
              8.4677578
            ],
            [
              -75.6838689,
              8.468605
            ],
            [
              -75.6840045,
              8.4687343
            ],
            [
              -75.6840975,
              8.4688625
            ],
            [
              -75.6841151,
              8.4689071
            ],
            [
              -75.6840139,
              8.4689833
            ],
            [
              -75.6832537,
              8.4716744
            ],
            [
              -75.6814531,
              8.4785833
            ],
            [
              -75.6805921,
              8.4809009
            ],
            [
              -75.6790589,
              8.4832111
            ],
            [
              -75.6767512,
              8.4847565
            ],
            [
              -75.6744497,
              8.4878378
            ],
            [
              -75.6733022,
              8.4901464
            ],
            [
              -75.6729323,
              8.4939877
            ],
            [
              -75.6737211,
              8.4982083
            ],
            [
              -75.6745084,
              8.5020449
            ],
            [
              -75.675302,
              8.5074175
            ],
            [
              -75.6757116,
              8.5131755
            ],
            [
              -75.6741814,
              8.5162537
            ],
            [
              -75.6704959,
              8.5219754
            ],
            [
              -75.6798454,
              8.5313503
            ],
            [
              -75.6893936,
              8.543662
            ],
            [
              -75.6999217,
              8.5579043
            ],
            [
              -75.7106853,
              8.5724653
            ],
            [
              -75.7125291,
              8.5740308
            ],
            [
              -75.714098,
              8.5758066
            ],
            [
              -75.7163252,
              8.5782422
            ],
            [
              -75.7166771,
              8.5786221
            ],
            [
              -75.7166862,
              8.5786311
            ],
            [
              -75.7167248,
              8.5787543
            ],
            [
              -75.7168388,
              8.5790463
            ],
            [
              -75.7169766,
              8.5793408
            ],
            [
              -75.7171321,
              8.5796276
            ],
            [
              -75.7173064,
              8.579913
            ],
            [
              -75.7174932,
              8.5801911
            ],
            [
              -75.7176904,
              8.5804625
            ],
            [
              -75.717904,
              8.5807362
            ],
            [
              -75.7181272,
              8.5810037
            ],
            [
              -75.7183777,
              8.5812857
            ],
            [
              -75.7186378,
              8.5815629
            ],
            [
              -75.7191581,
              8.5820883
            ],
            [
              -75.7205383,
              8.5834577
            ],
            [
              -75.7211011,
              8.5840347
            ],
            [
              -75.7216334,
              8.584596
            ],
            [
              -75.7223435,
              8.5853748
            ],
            [
              -75.7230877,
              8.5862178
            ],
            [
              -75.7235998,
              8.5868206
            ],
            [
              -75.72385,
              8.5871338
            ],
            [
              -75.7240807,
              8.5874426
            ],
            [
              -75.7243516,
              8.5878414
            ],
            [
              -75.7245994,
              8.5882566
            ],
            [
              -75.7247623,
              8.5885675
            ],
            [
              -75.7249053,
              8.5888761
            ],
            [
              -75.7250252,
              8.5891716
            ],
            [
              -75.7251353,
              8.5894897
            ],
            [
              -75.7252178,
              8.5898306
            ],
            [
              -75.7249314,
              8.5897474
            ],
            [
              -75.7246612,
              8.5896385
            ],
            [
              -75.7243378,
              8.5895406
            ],
            [
              -75.7239772,
              8.5894659
            ],
            [
              -75.7235931,
              8.5894228
            ],
            [
              -75.7232008,
              8.5894156
            ],
            [
              -75.7228093,
              8.5894449
            ],
            [
              -75.7223868,
              8.589517
            ],
            [
              -75.7219765,
              8.5896267
            ],
            [
              -75.7216175,
              8.5897538
            ],
            [
              -75.7212674,
              8.5899038
            ],
            [
              -75.7208771,
              8.5900981
            ],
            [
              -75.7204969,
              8.5903104
            ],
            [
              -75.7202139,
              8.5904798
            ],
            [
              -75.7189102,
              8.5912982
            ],
            [
              -75.7185352,
              8.5915172
            ],
            [
              -75.7181472,
              8.5917253
            ],
            [
              -75.7177533,
              8.591915
            ],
            [
              -75.7173529,
              8.592085
            ],
            [
              -75.7170224,
              8.5922084
            ],
            [
              -75.7166877,
              8.5923186
            ],
            [
              -75.7163487,
              8.5924164
            ],
            [
              -75.7159667,
              8.5925122
            ],
            [
              -75.7151894,
              8.5926727
            ],
            [
              -75.7138857,
              8.5929107
            ],
            [
              -75.7131667,
              8.593068
            ],
            [
              -75.7128107,
              8.5931609
            ],
            [
              -75.7124334,
              8.593273
            ],
            [
              -75.7120605,
              8.5933998
            ],
            [
              -75.7116929,
              8.5935423
            ],
            [
              -75.7113891,
              8.5936744
            ],
            [
              -75.7110894,
              8.5938184
            ],
            [
              -75.7107937,
              8.5939741
            ],
            [
              -75.7104987,
              8.594143
            ],
            [
              -75.7101161,
              8.5943821
            ],
            [
              -75.7097397,
              8.5946398
            ],
            [
              -75.7093701,
              8.5949167
            ],
            [
              -75.7091006,
              8.5951367
            ],
            [
              -75.7087935,
              8.5954102
            ],
            [
              -75.7084935,
              8.5957055
            ],
            [
              -75.708203,
              8.596023
            ],
            [
              -75.7079152,
              8.5963728
            ],
            [
              -75.707642,
              8.5967407
            ],
            [
              -75.7073887,
              8.5971152
            ],
            [
              -75.7071651,
              8.5974738
            ],
            [
              -75.7069796,
              8.5977927
            ],
            [
              -75.7067237,
              8.5982623
            ],
            [
              -75.7064435,
              8.599163
            ],
            [
              -75.7061888,
              8.6000393
            ],
            [
              -75.705935,
              8.600665
            ],
            [
              -75.7058141,
              8.6017851
            ],
            [
              -75.7052999,
              8.6024172
            ],
            [
              -75.705047,
              8.6027923
            ],
            [
              -75.7046912,
              8.6037642
            ],
            [
              -75.7042866,
              8.6044187
            ],
            [
              -75.7035307,
              8.6047919
            ],
            [
              -75.7030596,
              8.6051997
            ],
            [
              -75.7036334,
              8.6057784
            ],
            [
              -75.7042001,
              8.6063376
            ],
            [
              -75.7050475,
              8.6065446
            ],
            [
              -75.7056823,
              8.6065419
            ],
            [
              -75.706671,
              8.6068185
            ],
            [
              -75.7070957,
              8.6071678
            ],
            [
              -75.7078734,
              8.6075857
            ],
            [
              -75.7085091,
              8.6077936
            ],
            [
              -75.709074,
              8.6079316
            ],
            [
              -75.709641,
              8.608561
            ],
            [
              -75.7096446,
              8.6094034
            ],
            [
              -75.7095084,
              8.6105272
            ],
            [
              -75.7090864,
              8.6108098
            ],
            [
              -75.7085257,
              8.6116546
            ],
            [
              -75.7078236,
              8.6124298
            ],
            [
              -75.7070495,
              8.6128543
            ],
            [
              -75.7057147,
              8.6141236
            ],
            [
              -75.7057888,
              8.6149658
            ],
            [
              -75.7055124,
              8.6163008
            ],
            [
              -75.7050931,
              8.6172152
            ],
            [
              -75.7046026,
              8.6179895
            ],
            [
              -75.7046053,
              8.6186213
            ],
            [
              -75.7047509,
              8.6196737
            ],
            [
              -75.7051111,
              8.6214272
            ],
            [
              -75.7053984,
              8.6226195
            ],
            [
              -75.7054032,
              8.6237427
            ],
            [
              -75.7053347,
              8.6242344
            ],
            [
              -75.7052334,
              8.6251251
            ],
            [
              -75.7055891,
              8.6253636
            ],
            [
              -75.7055985,
              8.6253675
            ],
            [
              -75.7058496,
              8.6254594
            ],
            [
              -75.7060612,
              8.6255271
            ],
            [
              -75.7062732,
              8.6255864
            ],
            [
              -75.7064953,
              8.6256383
            ],
            [
              -75.7067175,
              8.6256784
            ],
            [
              -75.7069393,
              8.6257057
            ],
            [
              -75.7071297,
              8.625718
            ],
            [
              -75.7073189,
              8.6257195
            ],
            [
              -75.7075056,
              8.6257097
            ],
            [
              -75.7076901,
              8.6256882
            ],
            [
              -75.7078796,
              8.6256533
            ],
            [
              -75.7080663,
              8.6256054
            ],
            [
              -75.7082599,
              8.6255406
            ],
            [
              -75.7084507,
              8.6254612
            ],
            [
              -75.7086611,
              8.6253553
            ],
            [
              -75.7088691,
              8.6252318
            ],
            [
              -75.7090567,
              8.6251052
            ],
            [
              -75.7092437,
              8.6249662
            ],
            [
              -75.7094648,
              8.6247887
            ],
            [
              -75.7095384,
              8.6247265
            ],
            [
              -75.7109061,
              8.6240055
            ],
            [
              -75.7127652,
              8.6238427
            ],
            [
              -75.7152579,
              8.6241654
            ],
            [
              -75.7173604,
              8.6238741
            ],
            [
              -75.7189974,
              8.6233806
            ],
            [
              -75.7210468,
              8.6233696
            ],
            [
              -75.7214374,
              8.6235167
            ],
            [
              -75.7218981,
              8.6237045
            ],
            [
              -75.7232282,
              8.6242847
            ],
            [
              -75.7236499,
              8.6244609
            ],
            [
              -75.7240689,
              8.6246205
            ],
            [
              -75.7244698,
              8.6247513
            ],
            [
              -75.7248687,
              8.624854
            ],
            [
              -75.7252618,
              8.6249243
            ],
            [
              -75.7256493,
              8.624961
            ],
            [
              -75.7260318,
              8.6249642
            ],
            [
              -75.7263982,
              8.6249362
            ],
            [
              -75.7267632,
              8.6248792
            ],
            [
              -75.7271269,
              8.6247957
            ],
            [
              -75.727523,
              8.624678
            ],
            [
              -75.7279191,
              8.6245376
            ],
            [
              -75.7283111,
              8.624382
            ],
            [
              -75.7295041,
              8.6238653
            ],
            [
              -75.7299065,
              8.6237002
            ],
            [
              -75.7302645,
              8.6235677
            ],
            [
              -75.7306221,
              8.6234541
            ],
            [
              -75.7309804,
              8.6233622
            ],
            [
              -75.7313405,
              8.6232938
            ],
            [
              -75.7317078,
              8.6232489
            ],
            [
              -75.7322189,
              8.6232252
            ],
            [
              -75.7326267,
              8.6232344
            ],
            [
              -75.7330397,
              8.6232645
            ],
            [
              -75.7334338,
              8.6233083
            ],
            [
              -75.7342228,
              8.6234232
            ],
            [
              -75.7353992,
              8.6236207
            ],
            [
              -75.7361343,
              8.6237526
            ],
            [
              -75.7368656,
              8.6239002
            ],
            [
              -75.7375488,
              8.6240664
            ],
            [
              -75.7379285,
              8.6241741
            ],
            [
              -75.7383471,
              8.6243063
            ],
            [
              -75.7387623,
              8.6244508
            ],
            [
              -75.7393842,
              8.6246892
            ],
            [
              -75.7409066,
              8.6253137
            ],
            [
              -75.7415257,
              8.6255396
            ],
            [
              -75.7418387,
              8.6256407
            ],
            [
              -75.7422015,
              8.625746
            ],
            [
              -75.7425677,
              8.6258396
            ],
            [
              -75.7429372,
              8.6259226
            ],
            [
              -75.7433635,
              8.6260067
            ],
            [
              -75.7449688,
              8.626296
            ],
            [
              -75.7456164,
              8.6264399
            ],
            [
              -75.7462142,
              8.6265991
            ],
            [
              -75.7465722,
              8.6267076
            ],
            [
              -75.7469295,
              8.6268257
            ],
            [
              -75.7473737,
              8.6269872
            ],
            [
              -75.7478208,
              8.6271672
            ],
            [
              -75.7482708,
              8.6273675
            ],
            [
              -75.7484999,
              8.6274774
            ],
            [
              -75.7489593,
              8.6277145
            ],
            [
              -75.7491893,
              8.627842
            ],
            [
              -75.7496274,
              8.6281018
            ],
            [
              -75.7500637,
              8.6283842
            ],
            [
              -75.750409,
              8.628626
            ],
            [
              -75.7507457,
              8.6288792
            ],
            [
              -75.7510686,
              8.6291399
            ],
            [
              -75.7513965,
              8.6294239
            ],
            [
              -75.7516882,
              8.6296942
            ],
            [
              -75.7519712,
              8.6299734
            ],
            [
              -75.7522487,
              8.6302656
            ],
            [
              -75.7522737,
              8.630559
            ],
            [
              -75.7523103,
              8.6307018
            ],
            [
              -75.7523599,
              8.6308572
            ],
            [
              -75.7524217,
              8.6310179
            ],
            [
              -75.7525147,
              8.6312217
            ],
            [
              -75.752621,
              8.6314238
            ],
            [
              -75.7529428,
              8.6319811
            ],
            [
              -75.7530336,
              8.6321569
            ],
            [
              -75.7531208,
              8.6323561
            ],
            [
              -75.7531952,
              8.6325718
            ],
            [
              -75.7532529,
              8.6328035
            ],
            [
              -75.7532863,
              8.6330033
            ],
            [
              -75.7533069,
              8.6332103
            ],
            [
              -75.7533153,
              8.6334224
            ],
            [
              -75.7533119,
              8.6336563
            ],
            [
              -75.753297,
              8.6338895
            ],
            [
              -75.7532578,
              8.6342255
            ],
            [
              -75.7532083,
              8.6345172
            ],
            [
              -75.7531259,
              8.6348883
            ],
            [
              -75.7530054,
              8.6353292
            ],
            [
              -75.7529156,
              8.635632
            ],
            [
              -75.7540765,
              8.6405837
            ],
            [
              -75.756018,
              8.6434286
            ],
            [
              -75.7588639,
              8.6453589
            ],
            [
              -75.7590301,
              8.6453637
            ],
            [
              -75.7593807,
              8.6453813
            ],
            [
              -75.7597234,
              8.6454126
            ],
            [
              -75.7600381,
              8.6454612
            ],
            [
              -75.760326,
              8.6455302
            ],
            [
              -75.7605946,
              8.6456239
            ],
            [
              -75.7607841,
              8.645712
            ],
            [
              -75.7609191,
              8.6457885
            ],
            [
              -75.7610466,
              8.6458727
            ],
            [
              -75.7612311,
              8.646018
            ],
            [
              -75.7613939,
              8.6461715
            ],
            [
              -75.7615977,
              8.6463972
            ],
            [
              -75.7621126,
              8.6470588
            ],
            [
              -75.7624183,
              8.647421
            ],
            [
              -75.7625592,
              8.647567
            ],
            [
              -75.7626969,
              8.647697
            ],
            [
              -75.7629486,
              8.6479058
            ],
            [
              -75.7632256,
              8.6481005
            ],
            [
              -75.7635291,
              8.6482827
            ],
            [
              -75.7638547,
              8.6484528
            ],
            [
              -75.7648331,
              8.6489019
            ],
            [
              -75.7651567,
              8.6490575
            ],
            [
              -75.765486,
              8.6492333
            ],
            [
              -75.7658325,
              8.6494468
            ],
            [
              -75.7660966,
              8.6496356
            ],
            [
              -75.7663909,
              8.6498786
            ],
            [
              -75.7665397,
              8.650017
            ],
            [
              -75.7666833,
              8.6501618
            ],
            [
              -75.7668884,
              8.6503901
            ],
            [
              -75.7671941,
              8.6507852
            ],
            [
              -75.767405,
              8.6510999
            ],
            [
              -75.767613,
              8.6514444
            ],
            [
              -75.7678065,
              8.6517923
            ],
            [
              -75.7685363,
              8.6532076
            ],
            [
              -75.7689017,
              8.6538848
            ],
            [
              -75.7692805,
              8.6545352
            ],
            [
              -75.7699473,
              8.6556442
            ],
            [
              -75.7701169,
              8.6559519
            ],
            [
              -75.7703059,
              8.6563228
            ],
            [
              -75.7704924,
              8.6567265
            ],
            [
              -75.7706684,
              8.6571486
            ],
            [
              -75.7708346,
              8.6575888
            ],
            [
              -75.7709929,
              8.6580466
            ],
            [
              -75.7712648,
              8.6589128
            ],
            [
              -75.7719114,
              8.661164
            ],
            [
              -75.7721788,
              8.6620179
            ],
            [
              -75.7723044,
              8.6623746
            ],
            [
              -75.7724159,
              8.6626629
            ],
            [
              -75.7725161,
              8.6628949
            ],
            [
              -75.7727139,
              8.6630559
            ],
            [
              -75.7727064,
              8.6631939
            ],
            [
              -75.7728095,
              8.6635908
            ],
            [
              -75.772949,
              8.6640518
            ],
            [
              -75.773105,
              8.6645013
            ],
            [
              -75.7733458,
              8.6651404
            ],
            [
              -75.7734989,
              8.6655778
            ],
            [
              -75.7736375,
              8.6660491
            ],
            [
              -75.7737483,
              8.6665179
            ],
            [
              -75.7737947,
              8.6667513
            ],
            [
              -75.7738714,
              8.6672085
            ],
            [
              -75.7739276,
              8.6676561
            ],
            [
              -75.7739472,
              8.6678756
            ],
            [
              -75.7739602,
              8.6680935
            ],
            [
              -75.7739651,
              8.6684687
            ],
            [
              -75.7739501,
              8.6687809
            ],
            [
              -75.7739068,
              8.6691558
            ],
            [
              -75.7738299,
              8.6695523
            ],
            [
              -75.77378,
              8.6697491
            ],
            [
              -75.773659,
              8.6701388
            ],
            [
              -75.7735791,
              8.670356
            ],
            [
              -75.7733968,
              8.6707869
            ],
            [
              -75.7732953,
              8.6710013
            ],
            [
              -75.7730821,
              8.6714116
            ],
            [
              -75.7728531,
              8.671804
            ],
            [
              -75.772554,
              8.672261
            ],
            [
              -75.7722706,
              8.6726611
            ],
            [
              -75.7713734,
              8.6738847
            ],
            [
              -75.771095,
              8.6742801
            ],
            [
              -75.7709185,
              8.6745569
            ],
            [
              -75.770455,
              8.6752
            ],
            [
              -75.7700826,
              8.6758002
            ],
            [
              -75.7699626,
              8.6759788
            ],
            [
              -75.769766,
              8.6762421
            ],
            [
              -75.7693629,
              8.6767549
            ],
            [
              -75.7691665,
              8.6778046
            ],
            [
              -75.7691789,
              8.6785725
            ],
            [
              -75.7690719,
              8.6787904
            ],
            [
              -75.768691,
              8.6792209
            ],
            [
              -75.7685665,
              8.6794375
            ],
            [
              -75.7682464,
              8.6810939
            ],
            [
              -75.7681096,
              8.6815543
            ],
            [
              -75.7679624,
              8.6818741
            ],
            [
              -75.7674234,
              8.6826223
            ],
            [
              -75.7653184,
              8.6852785
            ],
            [
              -75.7650759,
              8.6855373
            ],
            [
              -75.7643833,
              8.6861002
            ],
            [
              -75.7632547,
              8.6874201
            ],
            [
              -75.762957,
              8.6878603
            ],
            [
              -75.7626951,
              8.688417
            ],
            [
              -75.7625493,
              8.6889026
            ],
            [
              -75.7624866,
              8.6894098
            ],
            [
              -75.7625143,
              8.690019
            ],
            [
              -75.7628507,
              8.6913008
            ],
            [
              -75.7629843,
              8.6922591
            ],
            [
              -75.7629856,
              8.6929178
            ],
            [
              -75.7628108,
              8.6935572
            ],
            [
              -75.7627316,
              8.6940626
            ],
            [
              -75.762754,
              8.6942616
            ],
            [
              -75.7629103,
              8.6946759
            ],
            [
              -75.7629187,
              8.6948449
            ],
            [
              -75.76277,
              8.6952788
            ],
            [
              -75.7622782,
              8.6961148
            ],
            [
              -75.7617267,
              8.6973193
            ],
            [
              -75.7616569,
              8.69787
            ],
            [
              -75.7615766,
              8.6987572
            ],
            [
              -75.7615095,
              8.6988659
            ],
            [
              -75.7612252,
              8.6991576
            ],
            [
              -75.7611072,
              8.6993591
            ],
            [
              -75.7610321,
              8.6995606
            ],
            [
              -75.7609785,
              8.7000855
            ],
            [
              -75.7608658,
              8.7020051
            ],
            [
              -75.7608604,
              8.7027581
            ],
            [
              -75.7609087,
              8.7030868
            ],
            [
              -75.761016,
              8.7033361
            ],
            [
              -75.7613218,
              8.7037232
            ],
            [
              -75.7625717,
              8.7051284
            ],
            [
              -75.7641113,
              8.7068411
            ],
            [
              -75.7650018,
              8.707838
            ],
            [
              -75.7655972,
              8.7085803
            ],
            [
              -75.765844,
              8.708925
            ],
            [
              -75.7659771,
              8.7090302
            ],
            [
              -75.7657787,
              8.7092048
            ],
            [
              -75.7642665,
              8.7103995
            ],
            [
              -75.7622995,
              8.7119486
            ],
            [
              -75.7617195,
              8.7122263
            ],
            [
              -75.7615872,
              8.7133625
            ],
            [
              -75.7613254,
              8.7147498
            ],
            [
              -75.7611635,
              8.7153446
            ],
            [
              -75.7609985,
              8.7165428
            ],
            [
              -75.7608592,
              8.7174759
            ],
            [
              -75.7616303,
              8.7183184
            ],
            [
              -75.7629946,
              8.7183774
            ],
            [
              -75.7634798,
              8.7186072
            ],
            [
              -75.7642269,
              8.7195628
            ],
            [
              -75.7663928,
              8.719284
            ],
            [
              -75.7674472,
              8.7192794
            ],
            [
              -75.7680008,
              8.7194343
            ],
            [
              -75.7681735,
              8.7195698
            ],
            [
              -75.7681332,
              8.7199431
            ],
            [
              -75.7695424,
              8.7209986
            ],
            [
              -75.7701758,
              8.7215474
            ],
            [
              -75.7714219,
              8.7224495
            ],
            [
              -75.771923,
              8.7228901
            ],
            [
              -75.771931,
              8.7230678
            ],
            [
              -75.7722054,
              8.7237399
            ],
            [
              -75.7722353,
              8.7241541
            ],
            [
              -75.7729867,
              8.7243313
            ],
            [
              -75.7761115,
              8.7262746
            ],
            [
              -75.7801938,
              8.7287084
            ],
            [
              -75.7812754,
              8.729502
            ],
            [
              -75.782935,
              8.7304316
            ],
            [
              -75.7830262,
              8.7304528
            ],
            [
              -75.7829821,
              8.7305223
            ],
            [
              -75.7823272,
              8.7313647
            ],
            [
              -75.7812487,
              8.732424
            ],
            [
              -75.7797935,
              8.7340162
            ],
            [
              -75.779242,
              8.7362747
            ],
            [
              -75.7821744,
              8.7381934
            ],
            [
              -75.7833173,
              8.7396417
            ],
            [
              -75.7841314,
              8.7402032
            ],
            [
              -75.7851053,
              8.7401988
            ],
            [
              -75.7867278,
              8.74003
            ],
            [
              -75.7882679,
              8.7396193
            ],
            [
              -75.7894864,
              8.7398561
            ],
            [
              -75.7908702,
              8.740738
            ],
            [
              -75.7920108,
              8.7417018
            ],
            [
              -75.7925863,
              8.7433141
            ],
            [
              -75.7928353,
              8.7445242
            ],
            [
              -75.7930047,
              8.7460576
            ],
            [
              -75.7934983,
              8.7475088
            ],
            [
              -75.7946386,
              8.7483918
            ],
            [
              -75.7954506,
              8.7484689
            ],
            [
              -75.7971575,
              8.7490263
            ],
            [
              -75.7983816,
              8.7504742
            ],
            [
              -75.7996076,
              8.7523257
            ],
            [
              -75.7997736,
              8.7531325
            ],
            [
              -75.7998611,
              8.7545047
            ],
            [
              -75.7998674,
              8.7558774
            ],
            [
              -75.7993871,
              8.757333
            ],
            [
              -75.7970393,
              8.7586356
            ],
            [
              -75.7932321,
              8.7602678
            ],
            [
              -75.7922645,
              8.7616449
            ],
            [
              -75.7913761,
              8.7626178
            ],
            [
              -75.7900864,
              8.7645616
            ],
            [
              -75.7905085,
              8.7681125
            ],
            [
              -75.7911648,
              8.7696437
            ],
            [
              -75.7930405,
              8.771573
            ],
            [
              -75.7938629,
              8.7739109
            ],
            [
              -75.7945993,
              8.7751995
            ],
            [
              -75.7961459,
              8.7761614
            ],
            [
              -75.7974498,
              8.7772859
            ],
            [
              -75.7993241,
              8.7788923
            ],
            [
              -75.8007125,
              8.7807431
            ],
            [
              -75.8017785,
              8.7830798
            ],
            [
              -75.7998446,
              8.786157
            ],
            [
              -75.7988732,
              8.7867266
            ],
            [
              -75.7982268,
              8.7873755
            ],
            [
              -75.7978251,
              8.7882656
            ],
            [
              -75.7975045,
              8.7891552
            ],
            [
              -75.7974278,
              8.7901245
            ],
            [
              -75.7974405,
              8.7928698
            ],
            [
              -75.7976062,
              8.7935958
            ],
            [
              -75.7980962,
              8.7942395
            ],
            [
              -75.7981785,
              8.7944814
            ],
            [
              -75.7989917,
              8.7948006
            ],
            [
              -75.7997214,
              8.7946358
            ],
            [
              -75.801016,
              8.7937417
            ],
            [
              -75.8024763,
              8.7935735
            ],
            [
              -75.8036146,
              8.793972
            ],
            [
              -75.803943,
              8.794778
            ],
            [
              -75.8037066,
              8.7963132
            ],
            [
              -75.802657,
              8.7975292
            ],
            [
              -75.8012779,
              8.797697
            ],
            [
              -75.7999829,
              8.7985104
            ],
            [
              -75.798689,
              8.799566
            ],
            [
              -75.7968269,
              8.8006242
            ],
            [
              -75.7952891,
              8.8016002
            ],
            [
              -75.7951008,
              8.8017582
            ],
            [
              -75.7920543,
              8.8005163
            ],
            [
              -75.7915481,
              8.8002461
            ],
            [
              -75.7900207,
              8.8033198
            ],
            [
              -75.7902665,
              8.8038032
            ],
            [
              -75.7914904,
              8.8051703
            ],
            [
              -75.7952254,
              8.8053955
            ],
            [
              -75.7974205,
              8.8061122
            ],
            [
              -75.7991251,
              8.8061044
            ],
            [
              -75.8010751,
              8.8064992
            ],
            [
              -75.8020533,
              8.8073829
            ],
            [
              -75.803437,
              8.808184
            ],
            [
              -75.8041739,
              8.8095533
            ],
            [
              -75.8060457,
              8.8105943
            ],
            [
              -75.8073524,
              8.812284
            ],
            [
              -75.8080852,
              8.8127651
            ],
            [
              -75.8088188,
              8.8134076
            ],
            [
              -75.8078454,
              8.8135736
            ],
            [
              -75.8062231,
              8.8138233
            ],
            [
              -75.8046834,
              8.8143956
            ],
            [
              -75.8034681,
              8.8148857
            ],
            [
              -75.8026586,
              8.8153739
            ],
            [
              -75.8026642,
              8.816585
            ],
            [
              -75.8049528,
              8.8199658
            ],
            [
              -75.8079759,
              8.8241506
            ],
            [
              -75.8091976,
              8.8250331
            ],
            [
              -75.8104179,
              8.8255927
            ],
            [
              -75.8125293,
              8.8257445
            ],
            [
              -75.8168316,
              8.8257246
            ],
            [
              -75.8182924,
              8.825637
            ],
            [
              -75.8191,
              8.8247451
            ],
            [
              -75.8195821,
              8.8236932
            ],
            [
              -75.8205551,
              8.8234464
            ],
            [
              -75.8213333,
              8.8233574
            ],
            [
              -75.8217537,
              8.8233825
            ],
            [
              -75.8224271,
              8.8241722
            ],
            [
              -75.8231362,
              8.8250167
            ],
            [
              -75.8233822,
              8.8252774
            ],
            [
              -75.824118,
              8.8261438
            ],
            [
              -75.8248613,
              8.8263956
            ],
            [
              -75.8258209,
              8.827593
            ],
            [
              -75.8280388,
              8.8299564
            ],
            [
              -75.8288989,
              8.8308632
            ],
            [
              -75.8298048,
              8.8317797
            ],
            [
              -75.8317703,
              8.8339258
            ],
            [
              -75.8317416,
              8.8345564
            ],
            [
              -75.8293887,
              8.8375355
            ],
            [
              -75.8308038,
              8.8377633
            ],
            [
              -75.830851,
              8.8377709
            ],
            [
              -75.8322075,
              8.8378355
            ],
            [
              -75.8323938,
              8.8378444
            ],
            [
              -75.8340185,
              8.838079
            ],
            [
              -75.8364554,
              8.8383906
            ],
            [
              -75.838731,
              8.8389451
            ],
            [
              -75.8398758,
              8.8393463
            ],
            [
              -75.8401134,
              8.8394231
            ],
            [
              -75.841822,
              8.8402225
            ],
            [
              -75.8431254,
              8.8411852
            ],
            [
              -75.843962,
              8.8419048
            ],
            [
              -75.844499,
              8.8413376
            ],
            [
              -75.845725,
              8.8387547
            ],
            [
              -75.8462333,
              8.835674
            ],
            [
              -75.845852,
              8.8338564
            ],
            [
              -75.8446393,
              8.8324213
            ],
            [
              -75.8432599,
              8.8312059
            ],
            [
              -75.8424879,
              8.8303777
            ],
            [
              -75.8412216,
              8.8284471
            ],
            [
              -75.8414464,
              8.827402
            ],
            [
              -75.8422798,
              8.826414
            ],
            [
              -75.8437742,
              8.8263089
            ],
            [
              -75.8453766,
              8.8270297
            ],
            [
              -75.847639,
              8.8289635
            ],
            [
              -75.8492234,
              8.8302328
            ],
            [
              -75.8497218,
              8.8304413
            ],
            [
              -75.8502845,
              8.8307234
            ],
            [
              -75.8513875,
              8.8308417
            ],
            [
              -75.8524104,
              8.8306411
            ],
            [
              -75.8531795,
              8.830338
            ],
            [
              -75.8542436,
              8.8306667
            ],
            [
              -75.8535824,
              8.83121
            ],
            [
              -75.8530025,
              8.831933
            ],
            [
              -75.8528612,
              8.8321173
            ],
            [
              -75.8526485,
              8.8323948
            ],
            [
              -75.8526036,
              8.8329632
            ],
            [
              -75.8526068,
              8.8336261
            ],
            [
              -75.8527534,
              8.8344304
            ],
            [
              -75.8530901,
              8.835139
            ],
            [
              -75.854477,
              8.8364583
            ],
            [
              -75.8552418,
              8.8371176
            ],
            [
              -75.8554393,
              8.8385845
            ],
            [
              -75.8551162,
              8.8407168
            ],
            [
              -75.854978,
              8.8416644
            ],
            [
              -75.8550421,
              8.8419044
            ],
            [
              -75.8554141,
              8.8432723
            ],
            [
              -75.8558467,
              8.8441225
            ],
            [
              -75.8565649,
              8.8449714
            ],
            [
              -75.8570931,
              8.8459159
            ],
            [
              -75.8571001,
              8.8473837
            ],
            [
              -75.8564405,
              8.8488074
            ],
            [
              -75.8551603,
              8.8499025
            ],
            [
              -75.8550227,
              8.8509922
            ],
            [
              -75.8550264,
              8.8517498
            ],
            [
              -75.8541663,
              8.8527859
            ],
            [
              -75.8527961,
              8.8532756
            ],
            [
              -75.8513917,
              8.8535385
            ],
            [
              -75.8509656,
              8.8544616
            ],
            [
              -75.8509975,
              8.8554623
            ],
            [
              -75.8517148,
              8.8561218
            ],
            [
              -75.8525724,
              8.8562598
            ],
            [
              -75.8531059,
              8.8574093
            ],
            [
              -75.8532031,
              8.858719
            ],
            [
              -75.8529671,
              8.8591463
            ],
            [
              -75.8528263,
              8.8595731
            ],
            [
              -75.8522432,
              8.8601572
            ],
            [
              -75.8516379,
              8.8609389
            ],
            [
              -75.8519022,
              8.8616299
            ],
            [
              -75.8529492,
              8.8622306
            ],
            [
              -75.8546026,
              8.8623093
            ],
            [
              -75.8566045,
              8.8624728
            ],
            [
              -75.8581684,
              8.8620327
            ],
            [
              -75.859645,
              8.8615065
            ],
            [
              -75.8616493,
              8.8621892
            ],
            [
              -75.8644384,
              8.8632142
            ],
            [
              -75.8671376,
              8.863634
            ],
            [
              -75.8696615,
              8.863795
            ],
            [
              -75.8730512,
              8.8630864
            ],
            [
              -75.8752241,
              8.8626433
            ],
            [
              -75.8770498,
              8.862375
            ],
            [
              -75.8789639,
              8.8623658
            ],
            [
              -75.8801832,
              8.8626195
            ],
            [
              -75.881927,
              8.8633898
            ],
            [
              -75.8833198,
              8.8635561
            ],
            [
              -75.885668,
              8.8633717
            ],
            [
              -75.8888,
              8.8633566
            ],
            [
              -75.8905405,
              8.8634347
            ],
            [
              -75.8910659,
              8.8641243
            ],
            [
              -75.891242,
              8.8645561
            ],
            [
              -75.892202,
              8.8651572
            ],
            [
              -75.8936183,
              8.8651816
            ],
            [
              -75.8940426,
              8.8657617
            ],
            [
              -75.8949988,
              8.8669515
            ],
            [
              -75.8961375,
              8.8683158
            ],
            [
              -75.8974383,
              8.870111
            ],
            [
              -75.8979325,
              8.8709107
            ],
            [
              -75.8985577,
              8.8717753
            ],
            [
              -75.8983416,
              8.8728337
            ],
            [
              -75.8980628,
              8.8730594
            ],
            [
              -75.8996436,
              8.8745526
            ],
            [
              -75.9013875,
              8.8753229
            ],
            [
              -75.9041741,
              8.8758284
            ],
            [
              -75.9055732,
              8.8763714
            ],
            [
              -75.905591,
              8.8763178
            ],
            [
              -75.9057972,
              8.8759632
            ],
            [
              -75.9060872,
              8.8754749
            ],
            [
              -75.9063225,
              8.8752424
            ],
            [
              -75.906363,
              8.8751999
            ],
            [
              -75.9064168,
              8.8751346
            ],
            [
              -75.9064647,
              8.8750648
            ],
            [
              -75.9065065,
              8.8749912
            ],
            [
              -75.9065419,
              8.8749143
            ],
            [
              -75.9065704,
              8.8748346
            ],
            [
              -75.9065921,
              8.8747527
            ],
            [
              -75.9066027,
              8.8746959
            ],
            [
              -75.9066212,
              8.8745788
            ],
            [
              -75.9066438,
              8.8745131
            ],
            [
              -75.9078811,
              8.8752813
            ],
            [
              -75.9091343,
              8.8759102
            ],
            [
              -75.9105969,
              8.8764703
            ],
            [
              -75.91227,
              8.8766144
            ],
            [
              -75.9137355,
              8.8762718
            ],
            [
              -75.9147126,
              8.8759972
            ],
            [
              -75.9156904,
              8.8755142
            ],
            [
              -75.9168782,
              8.8747541
            ],
            [
              -75.9178564,
              8.8741322
            ],
            [
              -75.9189743,
              8.8734413
            ],
            [
              -75.919674,
              8.8726797
            ],
            [
              -75.9206283,
              8.8720504
            ],
            [
              -75.921194,
              8.8711851
            ],
            [
              -75.9223959,
              8.8708371
            ],
            [
              -75.9232513,
              8.8699779
            ],
            [
              -75.9243895,
              8.8686541
            ],
            [
              -75.9244363,
              8.8685513
            ],
            [
              -75.9245109,
              8.8685616
            ],
            [
              -75.9256079,
              8.868685
            ],
            [
              -75.926222,
              8.8687634
            ],
            [
              -75.9270234,
              8.8688888
            ],
            [
              -75.92847,
              8.8691393
            ],
            [
              -75.9292181,
              8.8692464
            ],
            [
              -75.9301492,
              8.8693693
            ],
            [
              -75.9308792,
              8.8694859
            ],
            [
              -75.9312463,
              8.869557
            ],
            [
              -75.9316137,
              8.8696381
            ],
            [
              -75.9319806,
              8.8697297
            ],
            [
              -75.9323755,
              8.8698407
            ],
            [
              -75.9327687,
              8.8699644
            ],
            [
              -75.9331595,
              8.8701009
            ],
            [
              -75.9335478,
              8.8702499
            ],
            [
              -75.9339434,
              8.8704154
            ],
            [
              -75.9343366,
              8.8705933
            ],
            [
              -75.9350097,
              8.870927
            ],
            [
              -75.9355707,
              8.871231
            ],
            [
              -75.9359602,
              8.8714541
            ],
            [
              -75.9375846,
              8.8724345
            ],
            [
              -75.9382987,
              8.8728565
            ],
            [
              -75.9389033,
              8.8731941
            ],
            [
              -75.9396202,
              8.8735615
            ],
            [
              -75.9401139,
              8.8737896
            ],
            [
              -75.9403617,
              8.8738956
            ],
            [
              -75.9406049,
              8.8739905
            ],
            [
              -75.9405919,
              8.8741071
            ],
            [
              -75.9405705,
              8.8743067
            ],
            [
              -75.9403113,
              8.8774174
            ],
            [
              -75.9410138,
              8.8803209
            ],
            [
              -75.9417128,
              8.8825405
            ],
            [
              -75.9419003,
              8.8856176
            ],
            [
              -75.9405437,
              8.8893865
            ],
            [
              -75.9400391,
              8.8916121
            ],
            [
              -75.9407312,
              8.8924637
            ],
            [
              -75.9417629,
              8.8924585
            ],
            [
              -75.9429692,
              8.8929655
            ],
            [
              -75.9441404,
              8.8939987
            ],
            [
              -75.9444469,
              8.8940458
            ],
            [
              -75.9448006,
              8.8940642
            ],
            [
              -75.945257,
              8.8940668
            ],
            [
              -75.9457689,
              8.8940464
            ],
            [
              -75.9460338,
              8.8940265
            ],
            [
              -75.9465667,
              8.8939679
            ],
            [
              -75.9470909,
              8.8938862
            ],
            [
              -75.9477384,
              8.8937555
            ],
            [
              -75.9497792,
              8.8932631
            ],
            [
              -75.9505652,
              8.8931058
            ],
            [
              -75.9509306,
              8.8930449
            ],
            [
              -75.9516529,
              8.8929464
            ],
            [
              -75.9530128,
              8.8927953
            ],
            [
              -75.9533972,
              8.8927461
            ],
            [
              -75.9537795,
              8.8926897
            ],
            [
              -75.9541721,
              8.8926223
            ],
            [
              -75.9545623,
              8.8925447
            ],
            [
              -75.9549497,
              8.8924568
            ],
            [
              -75.9553331,
              8.8923587
            ],
            [
              -75.9557134,
              8.8922504
            ],
            [
              -75.9562923,
              8.8920631
            ],
            [
              -75.9569642,
              8.8918099
            ],
            [
              -75.9573479,
              8.8916499
            ],
            [
              -75.9585735,
              8.8911135
            ],
            [
              -75.9589172,
              8.8909731
            ],
            [
              -75.9592627,
              8.8908435
            ],
            [
              -75.9596104,
              8.8907273
            ],
            [
              -75.9599609,
              8.8906263
            ],
            [
              -75.9603098,
              8.8905421
            ],
            [
              -75.960664,
              8.8904726
            ],
            [
              -75.9610236,
              8.8904169
            ],
            [
              -75.9613879,
              8.8903734
            ],
            [
              -75.9617496,
              8.8903406
            ],
            [
              -75.9621127,
              8.8903151
            ],
            [
              -75.9635341,
              8.8902387
            ],
            [
              -75.9643509,
              8.8901772
            ],
            [
              -75.964759,
              8.8901376
            ],
            [
              -75.9663108,
              8.8899634
            ],
            [
              -75.9666788,
              8.8899313
            ],
            [
              -75.9670405,
              8.889911
            ],
            [
              -75.9674243,
              8.8899061
            ],
            [
              -75.9678003,
              8.8899225
            ],
            [
              -75.9681659,
              8.8899631
            ],
            [
              -75.968518,
              8.8900298
            ],
            [
              -75.9688388,
              8.8901185
            ],
            [
              -75.9691433,
              8.8902318
            ],
            [
              -75.9694321,
              8.8903695
            ],
            [
              -75.9697388,
              8.8905521
            ],
            [
              -75.9700355,
              8.8907671
            ],
            [
              -75.9703238,
              8.891012
            ],
            [
              -75.9705711,
              8.8912477
            ],
            [
              -75.9708159,
              8.8914992
            ],
            [
              -75.9715355,
              8.8922702
            ],
            [
              -75.9717772,
              8.8925159
            ],
            [
              -75.9720237,
              8.8927517
            ],
            [
              -75.9722757,
              8.8929755
            ],
            [
              -75.9725338,
              8.893187
            ],
            [
              -75.9730024,
              8.8935326
            ],
            [
              -75.9741492,
              8.8942973
            ],
            [
              -75.9744617,
              8.8945168
            ],
            [
              -75.9747094,
              8.8947015
            ],
            [
              -75.9749529,
              8.8948949
            ],
            [
              -75.9751919,
              8.8950978
            ],
            [
              -75.9754364,
              8.8953201
            ],
            [
              -75.9756774,
              8.8955543
            ],
            [
              -75.9759324,
              8.8958181
            ],
            [
              -75.9761819,
              8.8960918
            ],
            [
              -75.9764454,
              8.8963978
            ],
            [
              -75.9767063,
              8.8967183
            ],
            [
              -75.9771547,
              8.89731
            ],
            [
              -75.978061,
              8.898607
            ],
            [
              -75.978576,
              8.8993165
            ],
            [
              -75.9788249,
              8.8996333
            ],
            [
              -75.9790512,
              8.8999014
            ],
            [
              -75.9792132,
              8.9000777
            ],
            [
              -75.9793361,
              8.9001972
            ],
            [
              -75.9794662,
              8.9002743
            ],
            [
              -75.9800045,
              8.8997884
            ],
            [
              -75.9803218,
              8.8994506
            ],
            [
              -75.9807126,
              8.8989437
            ],
            [
              -75.9814185,
              8.8988248
            ],
            [
              -75.9822697,
              8.8989483
            ],
            [
              -75.9827324,
              8.8988045
            ],
            [
              -75.9832439,
              8.8986125
            ],
            [
              -75.9836819,
              8.8985896
            ],
            [
              -75.9842898,
              8.8987123
            ],
            [
              -75.984727,
              8.8989556
            ],
            [
              -75.985455,
              8.8995868
            ],
            [
              -75.985697,
              8.8999988
            ],
            [
              -75.9861174,
              8.9005706
            ],
            [
              -75.9864732,
              8.9013857
            ],
            [
              -75.98997,
              8.9011958
            ],
            [
              -75.9920909,
              8.9011678
            ],
            [
              -75.994216,
              8.9014642
            ],
            [
              -75.9956973,
              8.9024182
            ],
            [
              -75.9994778,
              8.9044775
            ],
            [
              -76.0027407,
              8.9044342
            ],
            [
              -76.0056663,
              8.9035841
            ],
            [
              -76.0079524,
              8.903716
            ],
            [
              -76.0083048,
              8.9056585
            ],
            [
              -76.0102996,
              8.9083904
            ],
            [
              -76.0127685,
              8.9099802
            ],
            [
              -76.0142629,
              8.9119074
            ],
            [
              -76.0147873,
              8.9144966
            ],
            [
              -76.015777,
              8.9152948
            ],
            [
              -76.017415,
              8.9157597
            ],
            [
              -76.0198621,
              8.9157271
            ],
            [
              -76.0210172,
              8.9166853
            ],
            [
              -76.0223464,
              8.9184524
            ],
            [
              -76.0231862,
              8.920226
            ],
            [
              -76.0243655,
              8.9229687
            ],
            [
              -76.0255403,
              8.9253869
            ],
            [
              -76.027209,
              8.9281229
            ],
            [
              -76.0292085,
              8.9311791
            ],
            [
              -76.0300483,
              8.9329527
            ],
            [
              -76.0300266,
              8.9350699
            ],
            [
              -76.030055,
              8.9374818
            ],
            [
              -76.0300745,
              8.9389182
            ],
            [
              -76.0318409,
              8.9413367
            ],
            [
              -76.034031,
              8.9430312
            ],
            [
              -76.0358073,
              8.9461679
            ],
            [
              -76.0363793,
              8.9462577
            ],
            [
              -76.0374963,
              8.9463209
            ],
            [
              -76.0383431,
              8.9461688
            ],
            [
              -76.0397345,
              8.9456031
            ],
            [
              -76.040582,
              8.9454979
            ],
            [
              -76.0418035,
              8.9451533
            ],
            [
              -76.0424422,
              8.9453605
            ],
            [
              -76.0458933,
              8.9441649
            ],
            [
              -76.0487686,
              8.9431207
            ],
            [
              -76.0515111,
              8.9429401
            ],
            [
              -76.0545425,
              8.9427557
            ],
            [
              -76.0584425,
              8.9427032
            ],
            [
              -76.0630686,
              8.9429281
            ],
            [
              -76.0662385,
              8.9423108
            ],
            [
              -76.0705599,
              8.9413905
            ],
            [
              -76.0745846,
              8.9398997
            ],
            [
              -76.0770224,
              8.9385739
            ],
            [
              -76.0799013,
              8.9378167
            ],
            [
              -76.0827901,
              8.9377777
            ],
            [
              -76.0859814,
              8.93874
            ],
            [
              -76.0884664,
              8.940861
            ],
            [
              -76.0918934,
              8.9379417
            ],
            [
              -76.0934734,
              8.9352439
            ],
            [
              -76.093451,
              8.9335963
            ],
            [
              -76.0933372,
              8.9319618
            ],
            [
              -76.0933173,
              8.9305078
            ],
            [
              -76.0933838,
              8.9286891
            ],
            [
              -76.0938096,
              8.9264111
            ],
            [
              -76.0941515,
              8.9246796
            ],
            [
              -76.0950317,
              8.9222136
            ],
            [
              -76.0956577,
              8.9212054
            ],
            [
              -76.0968295,
              8.9200079
            ],
            [
              -76.098651,
              8.9195288
            ],
            [
              -76.1004787,
              8.9195041
            ],
            [
              -76.1027757,
              8.9203818
            ],
            [
              -76.1040762,
              8.9219093
            ],
            [
              -76.1053643,
              8.922528
            ],
            [
              -76.1063758,
              8.9229687
            ],
            [
              -76.1075713,
              8.9234978
            ],
            [
              -76.1086853,
              8.9247551
            ],
            [
              -76.1098833,
              8.925466
            ],
            [
              -76.1115269,
              8.9253527
            ],
            [
              -76.1134385,
              8.9247814
            ],
            [
              -76.1148067,
              8.9245811
            ],
            [
              -76.1163602,
              8.9245599
            ],
            [
              -76.1177385,
              8.9250865
            ],
            [
              -76.1184783,
              8.9257126
            ],
            [
              -76.1197589,
              8.9257861
            ],
            [
              -76.1209456,
              8.925679
            ],
            [
              -76.1223163,
              8.9256604
            ],
            [
              -76.1234229,
              8.9263724
            ],
            [
              -76.1244494,
              8.9279035
            ],
            [
              -76.125382,
              8.929254
            ],
            [
              -76.1262233,
              8.9306058
            ],
            [
              -76.127788,
              8.9314025
            ],
            [
              -76.1290749,
              8.9319302
            ],
            [
              -76.1321819,
              8.9318878
            ],
            [
              -76.1335438,
              8.931233
            ],
            [
              -76.1348144,
              8.9305795
            ],
            [
              -76.1359823,
              8.9291094
            ],
            [
              -76.1364216,
              8.927831
            ],
            [
              -76.137209,
              8.9262166
            ],
            [
              -76.1374335,
              8.9258096
            ],
            [
              -76.1376599,
              8.9253249
            ],
            [
              -76.137831,
              8.9248598
            ],
            [
              -76.1381322,
              8.9245246
            ],
            [
              -76.1382453,
              8.9243383
            ],
            [
              -76.138659,
              8.9240034
            ],
            [
              -76.1389599,
              8.9237802
            ],
            [
              -76.1393731,
              8.9236693
            ],
            [
              -76.1398236,
              8.9236331
            ],
            [
              -76.1403863,
              8.9237838
            ],
            [
              -76.1410615,
              8.9239349
            ],
            [
              -76.1416618,
              8.9240484
            ],
            [
              -76.1424125,
              8.9240503
            ],
            [
              -76.1428263,
              8.9237154
            ],
            [
              -76.1430151,
              8.923268
            ],
            [
              -76.1430165,
              8.9227081
            ],
            [
              -76.1429802,
              8.9222601
            ],
            [
              -76.1431688,
              8.9218873
            ],
            [
              -76.143544,
              8.9219629
            ],
            [
              -76.1440311,
              8.9223001
            ],
            [
              -76.144444,
              8.9223011
            ],
            [
              -76.1447077,
              8.9219285
            ],
            [
              -76.1447842,
              8.9213688
            ],
            [
              -76.1448599,
              8.9211078
            ],
            [
              -76.145161,
              8.9207726
            ],
            [
              -76.145612,
              8.9205498
            ],
            [
              -76.1459502,
              8.9204386
            ],
            [
              -76.1463322,
              8.9202251
            ],
            [
              -76.1468448,
              8.9199523
            ],
            [
              -76.1478272,
              8.9198591
            ],
            [
              -76.1487347,
              8.9193923
            ],
            [
              -76.149,
              8.9187525
            ],
            [
              -76.1494343,
              8.9171106
            ],
            [
              -76.1498497,
              8.9141058
            ],
            [
              -76.1497043,
              8.9101999
            ],
            [
              -76.1495915,
              8.9086564
            ],
            [
              -76.1498418,
              8.9069262
            ],
            [
              -76.1504538,
              8.9049185
            ],
            [
              -76.1505226,
              8.9032817
            ],
            [
              -76.1508767,
              8.9024589
            ],
            [
              -76.1518699,
              8.9011661
            ],
            [
              -76.1520941,
              8.9011477
            ],
            [
              -76.1523533,
              8.9010752
            ],
            [
              -76.152552,
              8.9009746
            ],
            [
              -76.1532688,
              8.9000863
            ],
            [
              -76.1533146,
              8.8990458
            ],
            [
              -76.1538029,
              8.8984207
            ],
            [
              -76.1541769,
              8.8980663
            ],
            [
              -76.154078,
              8.897344
            ],
            [
              -76.1543221,
              8.8969315
            ],
            [
              -76.1548252,
              8.8967175
            ],
            [
              -76.1555275,
              8.8969959
            ],
            [
              -76.1558784,
              8.8968765
            ],
            [
              -76.15597,
              8.8965055
            ],
            [
              -76.1555961,
              8.8960637
            ],
            [
              -76.1553826,
              8.8955589
            ],
            [
              -76.1551306,
              8.8951887
            ],
            [
              -76.1553063,
              8.8949257
            ],
            [
              -76.1555883,
              8.8943729
            ],
            [
              -76.1559621,
              8.8940015
            ],
            [
              -76.1562295,
              8.8936748
            ],
            [
              -76.1565346,
              8.8933116
            ],
            [
              -76.1571066,
              8.8926229
            ],
            [
              -76.1573508,
              8.892425
            ],
            [
              -76.1580219,
              8.8919028
            ],
            [
              -76.1587468,
              8.8918491
            ],
            [
              -76.1594949,
              8.8917828
            ],
            [
              -76.1604179,
              8.8912287
            ],
            [
              -76.1606007,
              8.8911091
            ],
            [
              -76.1609899,
              8.8908472
            ],
            [
              -76.1612723,
              8.8906716
            ],
            [
              -76.1615852,
              8.8904745
            ],
            [
              -76.162333,
              8.890363
            ],
            [
              -76.1627064,
              8.890309
            ],
            [
              -76.1633398,
              8.8903608
            ],
            [
              -76.1635537,
              8.8904206
            ],
            [
              -76.1639729,
              8.8905391
            ],
            [
              -76.164408,
              8.890775
            ],
            [
              -76.1647054,
              8.8909349
            ],
            [
              -76.1652409,
              8.8913802
            ],
            [
              -76.1654988,
              8.8913509
            ],
            [
              -76.1656805,
              8.8912742
            ],
            [
              -76.1658901,
              8.8911399
            ],
            [
              -76.1660725,
              8.8909799
            ],
            [
              -76.1664517,
              8.8905674
            ],
            [
              -76.1666064,
              8.8904136
            ],
            [
              -76.1667799,
              8.8902762
            ],
            [
              -76.1669709,
              8.8901686
            ],
            [
              -76.1671811,
              8.8900951
            ],
            [
              -76.1675101,
              8.8900517
            ],
            [
              -76.1678353,
              8.8900709
            ],
            [
              -76.1681644,
              8.8901338
            ],
            [
              -76.1685484,
              8.8902424
            ],
            [
              -76.1689889,
              8.8903994
            ],
            [
              -76.1692129,
              8.8904928
            ],
            [
              -76.1694411,
              8.8905981
            ],
            [
              -76.1697945,
              8.8907807
            ],
            [
              -76.1701443,
              8.8909848
            ],
            [
              -76.1704362,
              8.8910782
            ],
            [
              -76.1703753,
              8.8908796
            ],
            [
              -76.1700717,
              8.8901037
            ],
            [
              -76.1699094,
              8.8896573
            ],
            [
              -76.1698412,
              8.8894362
            ],
            [
              -76.1697571,
              8.8890941
            ],
            [
              -76.169725,
              8.8889222
            ],
            [
              -76.1696748,
              8.8885445
            ],
            [
              -76.1696039,
              8.8875351
            ],
            [
              -76.1695648,
              8.8871497
            ],
            [
              -76.1694949,
              8.886744
            ],
            [
              -76.1694467,
              8.8865465
            ],
            [
              -76.1693852,
              8.8863415
            ],
            [
              -76.1693126,
              8.8861409
            ],
            [
              -76.169229,
              8.8859448
            ],
            [
              -76.1691394,
              8.885763
            ],
            [
              -76.1690402,
              8.885586
            ],
            [
              -76.1689317,
              8.885414
            ],
            [
              -76.1688141,
              8.8852475
            ],
            [
              -76.1686915,
              8.885091
            ],
            [
              -76.1685608,
              8.88494
            ],
            [
              -76.1684224,
              8.8847947
            ],
            [
              -76.1681328,
              8.8845291
            ],
            [
              -76.1678272,
              8.8842936
            ],
            [
              -76.1674989,
              8.8840828
            ],
            [
              -76.1673268,
              8.8839883
            ],
            [
              -76.1671497,
              8.8839022
            ],
            [
              -76.1669739,
              8.883828
            ],
            [
              -76.166794,
              8.8837638
            ],
            [
              -76.1666098,
              8.8837109
            ],
            [
              -76.1664467,
              8.8836746
            ],
            [
              -76.16628,
              8.8836479
            ],
            [
              -76.1660347,
              8.8836271
            ],
            [
              -76.16578,
              8.8836271
            ],
            [
              -76.1655154,
              8.8836479
            ],
            [
              -76.1652417,
              8.8836882
            ],
            [
              -76.1649954,
              8.8837373
            ],
            [
              -76.163836,
              8.8840003
            ],
            [
              -76.1634848,
              8.8842552
            ],
            [
              -76.163355,
              8.8844909
            ],
            [
              -76.1633778,
              8.8847144
            ],
            [
              -76.1634466,
              8.8850257
            ],
            [
              -76.1635306,
              8.8854296
            ],
            [
              -76.163622,
              8.8859193
            ],
            [
              -76.1637063,
              8.8863627
            ],
            [
              -76.1636835,
              8.8866508
            ],
            [
              -76.1634771,
              8.886914
            ],
            [
              -76.1632331,
              8.8869515
            ],
            [
              -76.1628667,
              8.886826
            ],
            [
              -76.1626608,
              8.8866633
            ],
            [
              -76.162478,
              8.8863752
            ],
            [
              -76.1623633,
              8.8860686
            ],
            [
              -76.1621801,
              8.8858065
            ],
            [
              -76.1619287,
              8.8856351
            ],
            [
              -76.1616459,
              8.8855282
            ],
            [
              -76.1612725,
              8.885475
            ],
            [
              -76.1608983,
              8.8854669
            ],
            [
              -76.1604637,
              8.8855405
            ],
            [
              -76.1600211,
              8.885605
            ],
            [
              -76.1596627,
              8.8855878
            ],
            [
              -76.1591898,
              8.8855092
            ],
            [
              -76.1588539,
              8.8854636
            ],
            [
              -76.158587,
              8.885447
            ],
            [
              -76.158335,
              8.8854744
            ],
            [
              -76.1580983,
              8.8855932
            ],
            [
              -76.1579459,
              8.8857555
            ],
            [
              -76.1577708,
              8.8860185
            ],
            [
              -76.1576405,
              8.8862903
            ],
            [
              -76.1575264,
              8.8865891
            ],
            [
              -76.1574121,
              8.8870788
            ],
            [
              -76.1573128,
              8.8872861
            ],
            [
              -76.1571524,
              8.8874496
            ],
            [
              -76.1568626,
              8.8876048
            ],
            [
              -76.1564126,
              8.8877689
            ],
            [
              -76.1559625,
              8.8879148
            ],
            [
              -76.1550467,
              8.8882339
            ],
            [
              -76.1541159,
              8.8885259
            ],
            [
              -76.1537806,
              8.8885809
            ],
            [
              -76.1534448,
              8.8885556
            ],
            [
              -76.152834,
              8.8883862
            ],
            [
              -76.1522237,
              8.8882066
            ],
            [
              -76.1518348,
              8.8881263
            ],
            [
              -76.1514307,
              8.8880732
            ],
            [
              -76.1510565,
              8.8881645
            ],
            [
              -76.1508504,
              8.8882832
            ],
            [
              -76.1505914,
              8.8885647
            ],
            [
              -76.1503773,
              8.8888821
            ],
            [
              -76.1501108,
              8.8890542
            ],
            [
              -76.1494318,
              8.8890749
            ],
            [
              -76.1492951,
              8.8890752
            ],
            [
              -76.1477627,
              8.8885539
            ],
            [
              -76.1466358,
              8.8879624
            ],
            [
              -76.1450993,
              8.8871741
            ],
            [
              -76.1439765,
              8.8868859
            ],
            [
              -76.1425487,
              8.8866019
            ],
            [
              -76.1411236,
              8.8865202
            ],
            [
              -76.1402042,
              8.8862293
            ],
            [
              -76.1393865,
              8.885937
            ],
            [
              -76.1382568,
              8.8851431
            ],
            [
              -76.1377345,
              8.8841387
            ],
            [
              -76.137683,
              8.8803969
            ],
            [
              -76.1369531,
              8.8790919
            ],
            [
              -76.1361243,
              8.8779905
            ],
            [
              -76.1359098,
              8.8771842
            ],
            [
              -76.1351897,
              8.8765871
            ],
            [
              -76.1340683,
              8.8764
            ],
            [
              -76.1328439,
              8.8761132
            ],
            [
              -76.1322282,
              8.8757169
            ],
            [
              -76.1314008,
              8.8747166
            ],
            [
              -76.1307741,
              8.8735113
            ],
            [
              -76.1299481,
              8.8726122
            ],
            [
              -76.1294327,
              8.8721134
            ],
            [
              -76.1288129,
              8.8714138
            ],
            [
              -76.1282864,
              8.8701059
            ],
            [
              -76.1278561,
              8.8683922
            ],
            [
              -76.1274327,
              8.8671841
            ],
            [
              -76.1271069,
              8.8656713
            ],
            [
              -76.1271261,
              8.8641073
            ],
            [
              -76.1272232,
              8.862788
            ],
            [
              -76.1273796,
              8.8615826
            ],
            [
              -76.1272463,
              8.8602665
            ],
            [
              -76.1267005,
              8.8582684
            ],
            [
              -76.1263976,
              8.8571838
            ],
            [
              -76.126378,
              8.8557515
            ],
            [
              -76.1264113,
              8.8539747
            ],
            [
              -76.1275351,
              8.8518967
            ],
            [
              -76.1280916,
              8.8504567
            ],
            [
              -76.1292256,
              8.8491234
            ],
            [
              -76.131215,
              8.8471483
            ],
            [
              -76.1323552,
              8.8462733
            ],
            [
              -76.1337165,
              8.8447078
            ],
            [
              -76.1346106,
              8.8426902
            ],
            [
              -76.1356839,
              8.8411286
            ],
            [
              -76.1372077,
              8.838816
            ],
            [
              -76.1377034,
              8.8371476
            ],
            [
              -76.1379071,
              8.8351966
            ],
            [
              -76.1380027,
              8.8337628
            ],
            [
              -76.1381591,
              8.8325574
            ],
            [
              -76.1387645,
              8.8304864
            ],
            [
              -76.1390297,
              8.8288212
            ],
            [
              -76.1392343,
              8.8269275
            ],
            [
              -76.1399596,
              8.8251987
            ],
            [
              -76.1409152,
              8.8234668
            ],
            [
              -76.1419759,
              8.8209886
            ],
            [
              -76.142477,
              8.8197212
            ],
            [
              -76.1424496,
              8.8177161
            ],
            [
              -76.142367,
              8.8158836
            ],
            [
              -76.1423419,
              8.8140504
            ],
            [
              -76.1417986,
              8.8122241
            ],
            [
              -76.1411937,
              8.8101122
            ],
            [
              -76.1399102,
              8.8089263
            ],
            [
              -76.1382244,
              8.807803
            ],
            [
              -76.1372982,
              8.8074717
            ],
            [
              -76.137236,
              8.8052447
            ],
            [
              -76.1372154,
              8.8037336
            ],
            [
              -76.1370367,
              8.8017711
            ],
            [
              -76.1368642,
              8.800262
            ],
            [
              -76.1366979,
              8.7992063
            ],
            [
              -76.1362113,
              8.7969457
            ],
            [
              -76.1355708,
              8.794536
            ],
            [
              -76.1351006,
              8.7934844
            ],
            [
              -76.1346244,
              8.7919794
            ],
            [
              -76.1344437,
              8.7898658
            ],
            [
              -76.1342651,
              8.7879033
            ],
            [
              -76.1342404,
              8.78609
            ],
            [
              -76.13407,
              8.784732
            ],
            [
              -76.1337478,
              8.783376
            ],
            [
              -76.1329615,
              8.7814217
            ],
            [
              -76.1317258,
              8.7799269
            ],
            [
              -76.1294246,
              8.7782952
            ],
            [
              -76.1280369,
              8.7768024
            ],
            [
              -76.1275669,
              8.7757507
            ],
            [
              -76.1284619,
              8.7745295
            ],
            [
              -76.1292112,
              8.7737638
            ],
            [
              -76.1304203,
              8.7732941
            ],
            [
              -76.1313195,
              8.7723752
            ],
            [
              -76.1322104,
              8.7708518
            ],
            [
              -76.1326231,
              8.7676723
            ],
            [
              -76.1327443,
              8.7654035
            ],
            [
              -76.1328798,
              8.7641925
            ],
            [
              -76.1330051,
              8.762226
            ],
            [
              -76.1331283,
              8.7601083
            ],
            [
              -76.1330915,
              8.7573883
            ],
            [
              -76.1323013,
              8.7551317
            ],
            [
              -76.1315152,
              8.7531774
            ],
            [
              -76.1314887,
              8.7512129
            ],
            [
              -76.1329729,
              8.7486235
            ],
            [
              -76.1343174,
              8.746943
            ],
            [
              -76.1352145,
              8.745873
            ],
            [
              -76.1365652,
              8.7446458
            ],
            [
              -76.1385254,
              8.7435615
            ],
            [
              -76.1403256,
              8.7418748
            ],
            [
              -76.1415182,
              8.7401963
            ],
            [
              -76.1428607,
              8.7383646
            ],
            [
              -76.1451329,
              8.7378807
            ],
            [
              -76.1472388,
              8.7363411
            ],
            [
              -76.1475221,
              8.7348259
            ],
            [
              -76.1461408,
              8.7337865
            ],
            [
              -76.1441561,
              8.7330573
            ],
            [
              -76.1424751,
              8.7323242
            ],
            [
              -76.1411,
              8.731738
            ],
            [
              -76.1397187,
              8.7306985
            ],
            [
              -76.1384853,
              8.7293547
            ],
            [
              -76.1384608,
              8.7275413
            ],
            [
              -76.1399694,
              8.7267655
            ],
            [
              -76.1417859,
              8.7262877
            ],
            [
              -76.1435962,
              8.7253567
            ],
            [
              -76.1444994,
              8.72474
            ],
            [
              -76.1450824,
              8.7229185
            ],
            [
              -76.1450619,
              8.7214074
            ],
            [
              -76.1445797,
              8.719449
            ],
            [
              -76.1437856,
              8.7168903
            ],
            [
              -76.1423902,
              8.7147929
            ],
            [
              -76.1413148,
              8.7139005
            ],
            [
              -76.1402231,
              8.7117991
            ],
            [
              -76.1391477,
              8.7109066
            ],
            [
              -76.1385239,
              8.7097058
            ],
            [
              -76.1371326,
              8.7079106
            ],
            [
              -76.1361928,
              8.7058072
            ],
            [
              -76.1358647,
              8.7039978
            ],
            [
              -76.1358362,
              8.7018822
            ],
            [
              -76.1361054,
              8.6993092
            ],
            [
              -76.1375631,
              8.6947555
            ],
            [
              -76.1369353,
              8.6932525
            ],
            [
              -76.1354023,
              8.6922149
            ],
            [
              -76.132946,
              8.6902827
            ],
            [
              -76.1326098,
              8.6878689
            ],
            [
              -76.1325428,
              8.682882
            ],
            [
              -76.1332535,
              8.6792452
            ],
            [
              -76.1336665,
              8.6760657
            ],
            [
              -76.1345433,
              8.6734846
            ],
            [
              -76.13558,
              8.671506
            ],
            [
              -76.137218,
              8.6690659
            ],
            [
              -76.1396356,
              8.668127
            ],
            [
              -76.1425027,
              8.6667286
            ],
            [
              -76.1459934,
              8.6665311
            ],
            [
              -76.1497879,
              8.6663294
            ],
            [
              -76.152823,
              8.6661379
            ],
            [
              -76.1588972,
              8.666057
            ],
            [
              -76.1616286,
              8.6658694
            ],
            [
              -76.1642121,
              8.665986
            ],
            [
              -76.166176,
              8.6652042
            ],
            [
              -76.1679921,
              8.6647265
            ],
            [
              -76.1699621,
              8.6643979
            ],
            [
              -76.1723897,
              8.6642143
            ],
            [
              -76.1748275,
              8.6647863
            ],
            [
              -76.1768118,
              8.6655154
            ],
            [
              -76.1801484,
              8.6651685
            ],
            [
              -76.1825637,
              8.6640782
            ],
            [
              -76.1838739,
              8.6628442
            ],
            [
              -76.1843624,
              8.6624854
            ],
            [
              -76.184516,
              8.6626928
            ],
            [
              -76.1846757,
              8.6628883
            ],
            [
              -76.1852371,
              8.6635208
            ],
            [
              -76.1854674,
              8.6637916
            ],
            [
              -76.1856488,
              8.6640202
            ],
            [
              -76.1858846,
              8.6643457
            ],
            [
              -76.1860296,
              8.6645663
            ],
            [
              -76.1861805,
              8.6648177
            ],
            [
              -76.1863179,
              8.6650722
            ],
            [
              -76.1864934,
              8.6654516
            ],
            [
              -76.1866039,
              8.6657526
            ],
            [
              -76.1866463,
              8.665905
            ],
            [
              -76.186649,
              8.6668262
            ],
            [
              -76.1867384,
              8.6666607
            ],
            [
              -76.1869278,
              8.6663473
            ],
            [
              -76.1870823,
              8.6661153
            ],
            [
              -76.187246,
              8.6658872
            ],
            [
              -76.1875696,
              8.6654747
            ],
            [
              -76.1877973,
              8.6652061
            ],
            [
              -76.1882713,
              8.6646833
            ],
            [
              -76.1887181,
              8.6642194
            ],
            [
              -76.189582,
              8.6633511
            ],
            [
              -76.1898382,
              8.6630818
            ],
            [
              -76.190082,
              8.6628055
            ],
            [
              -76.1903345,
              8.6624806
            ],
            [
              -76.1904633,
              8.66229
            ],
            [
              -76.190563,
              8.6621253
            ],
            [
              -76.190655,
              8.6619559
            ],
            [
              -76.1908062,
              8.6616269
            ],
            [
              -76.1908997,
              8.6613785
            ],
            [
              -76.1909818,
              8.66112
            ],
            [
              -76.1910625,
              8.6608149
            ],
            [
              -76.1911303,
              8.6605051
            ],
            [
              -76.1911877,
              8.6601917
            ],
            [
              -76.1912654,
              8.6596494
            ],
            [
              -76.1913009,
              8.6593033
            ],
            [
              -76.1913231,
              8.658956
            ],
            [
              -76.1913287,
              8.6587476
            ],
            [
              -76.1913215,
              8.6583737
            ],
            [
              -76.1912923,
              8.6580133
            ],
            [
              -76.1912608,
              8.657773
            ],
            [
              -76.1912205,
              8.6575322
            ],
            [
              -76.191158,
              8.6572213
            ],
            [
              -76.191033,
              8.6566939
            ],
            [
              -76.1909239,
              8.6562777
            ],
            [
              -76.1906871,
              8.6554461
            ],
            [
              -76.1900899,
              8.6535069
            ],
            [
              -76.1899678,
              8.6530684
            ],
            [
              -76.1898859,
              8.6527217
            ],
            [
              -76.1898257,
              8.6523794
            ],
            [
              -76.1898056,
              8.6522022
            ],
            [
              -76.1897953,
              8.6520317
            ],
            [
              -76.1897961,
              8.6518407
            ],
            [
              -76.189811,
              8.6516555
            ],
            [
              -76.1898449,
              8.6514553
            ],
            [
              -76.1898986,
              8.6512593
            ],
            [
              -76.189998,
              8.6510151
            ],
            [
              -76.1901248,
              8.6507946
            ],
            [
              -76.1901589,
              8.6507502
            ],
            [
              -76.1919677,
              8.6478665
            ],
            [
              -76.193124,
              8.6443466
            ],
            [
              -76.1931211,
              8.6441347
            ],
            [
              -76.1931515,
              8.6438003
            ],
            [
              -76.1931934,
              8.6435386
            ],
            [
              -76.1932645,
              8.6431836
            ],
            [
              -76.1935139,
              8.6420864
            ],
            [
              -76.1936989,
              8.6413376
            ],
            [
              -76.1937907,
              8.6410013
            ],
            [
              -76.1939763,
              8.6404023
            ],
            [
              -76.1940825,
              8.6401032
            ],
            [
              -76.1942471,
              8.6396916
            ],
            [
              -76.1944337,
              8.6392886
            ],
            [
              -76.1946404,
              8.6389041
            ],
            [
              -76.1948717,
              8.6385342
            ],
            [
              -76.1950124,
              8.6383342
            ],
            [
              -76.1951612,
              8.6381395
            ],
            [
              -76.1953717,
              8.6378885
            ],
            [
              -76.1955956,
              8.6376472
            ],
            [
              -76.1958233,
              8.6374226
            ],
            [
              -76.1960615,
              8.6372044
            ],
            [
              -76.1963109,
              8.6369886
            ],
            [
              -76.197358,
              8.6361104
            ],
            [
              -76.1975806,
              8.6359107
            ],
            [
              -76.1978689,
              8.6356371
            ],
            [
              -76.1981372,
              8.6353629
            ],
            [
              -76.1984388,
              8.6350218
            ],
            [
              -76.1985826,
              8.6348386
            ],
            [
              -76.1986882,
              8.6346863
            ],
            [
              -76.1987731,
              8.6344428
            ],
            [
              -76.1989007,
              8.6341829
            ],
            [
              -76.1989911,
              8.6340228
            ],
            [
              -76.1990768,
              8.6338977
            ],
            [
              -76.1991958,
              8.6337608
            ],
            [
              -76.1993485,
              8.6336274
            ],
            [
              -76.1994955,
              8.6335297
            ],
            [
              -76.1996465,
              8.633453
            ],
            [
              -76.199803,
              8.6333964
            ],
            [
              -76.1999655,
              8.6333621
            ],
            [
              -76.2001351,
              8.6333492
            ],
            [
              -76.2003095,
              8.6333557
            ],
            [
              -76.200486,
              8.6333833
            ],
            [
              -76.2006294,
              8.6334243
            ],
            [
              -76.2008026,
              8.6334967
            ],
            [
              -76.2013316,
              8.6337631
            ],
            [
              -76.2021955,
              8.6331079
            ],
            [
              -76.2033304,
              8.6324537
            ],
            [
              -76.2041136,
              8.6319892
            ],
            [
              -76.2043756,
              8.6318575
            ],
            [
              -76.2045375,
              8.6317915
            ],
            [
              -76.2047665,
              8.6317235
            ],
            [
              -76.2049121,
              8.6316968
            ],
            [
              -76.2050653,
              8.6316823
            ],
            [
              -76.2052434,
              8.631682
            ],
            [
              -76.2054356,
              8.6316994
            ],
            [
              -76.205609,
              8.6317281
            ],
            [
              -76.2057883,
              8.6317677
            ],
            [
              -76.2063354,
              8.6319096
            ],
            [
              -76.2065475,
              8.631955
            ],
            [
              -76.2067148,
              8.6319805
            ],
            [
              -76.2068741,
              8.6319934
            ],
            [
              -76.2070938,
              8.63199
            ],
            [
              -76.2072336,
              8.6319735
            ],
            [
              -76.2073738,
              8.6319453
            ],
            [
              -76.207515,
              8.6319049
            ],
            [
              -76.2076607,
              8.6318508
            ],
            [
              -76.2078497,
              8.6317632
            ],
            [
              -76.2081701,
              8.6315768
            ],
            [
              -76.2086369,
              8.6312535
            ],
            [
              -76.209777,
              8.6304112
            ],
            [
              -76.2102462,
              8.6300309
            ],
            [
              -76.210549,
              8.6297605
            ],
            [
              -76.2108918,
              8.6294264
            ],
            [
              -76.21113,
              8.629177
            ],
            [
              -76.2122663,
              8.6279189
            ],
            [
              -76.2125152,
              8.6276577
            ],
            [
              -76.2129868,
              8.6271949
            ],
            [
              -76.2133608,
              8.6268584
            ],
            [
              -76.2137803,
              8.6265086
            ],
            [
              -76.215363,
              8.625291
            ],
            [
              -76.2154348,
              8.6251976
            ],
            [
              -76.2156824,
              8.6246589
            ],
            [
              -76.2161592,
              8.6239716
            ],
            [
              -76.2164874,
              8.6235568
            ],
            [
              -76.217119,
              8.6232286
            ],
            [
              -76.2175782,
              8.6230722
            ],
            [
              -76.2177986,
              8.6230179
            ],
            [
              -76.218074,
              8.6229912
            ],
            [
              -76.2187623,
              8.6229927
            ],
            [
              -76.2190377,
              8.6229659
            ],
            [
              -76.2193131,
              8.6229117
            ],
            [
              -76.2195337,
              8.6227752
            ],
            [
              -76.2197815,
              8.6227484
            ],
            [
              -76.2202498,
              8.6226673
            ],
            [
              -76.2207182,
              8.6225039
            ],
            [
              -76.2209941,
              8.6222305
            ],
            [
              -76.2214352,
              8.6219849
            ],
            [
              -76.2218486,
              8.6218215
            ],
            [
              -76.2221245,
              8.6215481
            ],
            [
              -76.2221251,
              8.6212741
            ],
            [
              -76.2222906,
              8.6211648
            ],
            [
              -76.2226766,
              8.6209191
            ],
            [
              -76.2229523,
              8.6207279
            ],
            [
              -76.223476,
              8.6204825
            ],
            [
              -76.2238343,
              8.6202915
            ],
            [
              -76.2243027,
              8.6201281
            ],
            [
              -76.2247435,
              8.6200195
            ],
            [
              -76.2252391,
              8.6199932
            ],
            [
              -76.2256247,
              8.6199393
            ],
            [
              -76.2259827,
              8.6199127
            ],
            [
              -76.2265336,
              8.6198043
            ],
            [
              -76.2269194,
              8.6196408
            ],
            [
              -76.2272499,
              8.6195867
            ],
            [
              -76.2276353,
              8.619615
            ],
            [
              -76.2282134,
              8.6196437
            ],
            [
              -76.2287363,
              8.6197271
            ],
            [
              -76.2292045,
              8.6196733
            ],
            [
              -76.229535,
              8.6196192
            ],
            [
              -76.2301685,
              8.6194836
            ],
            [
              -76.2306644,
              8.6193477
            ],
            [
              -76.2311329,
              8.619157
            ],
            [
              -76.2315739,
              8.6189114
            ],
            [
              -76.231767,
              8.6187474
            ],
            [
              -76.2319326,
              8.6185834
            ],
            [
              -76.2322083,
              8.6183922
            ],
            [
              -76.2324012,
              8.6183378
            ],
            [
              -76.2327593,
              8.618229
            ],
            [
              -76.2330348,
              8.6181748
            ],
            [
              -76.2333101,
              8.618148
            ],
            [
              -76.2338608,
              8.6181218
            ],
            [
              -76.2341913,
              8.6180952
            ],
            [
              -76.2348245,
              8.6180966
            ],
            [
              -76.235375,
              8.6181526
            ],
            [
              -76.2359256,
              8.6181812
            ],
            [
              -76.2360908,
              8.6181816
            ],
            [
              -76.236311,
              8.6182095
            ],
            [
              -76.2365861,
              8.6182649
            ],
            [
              -76.2370267,
              8.6182658
            ],
            [
              -76.2375222,
              8.6182943
            ],
            [
              -76.2383757,
              8.6182962
            ],
            [
              -76.238761,
              8.6183245
            ],
            [
              -76.2395866,
              8.6184907
            ],
            [
              -76.2399992,
              8.6186834
            ],
            [
              -76.2405492,
              8.6189586
            ],
            [
              -76.2410716,
              8.6192886
            ],
            [
              -76.2416208,
              8.6199474
            ],
            [
              -76.2418128,
              8.6202492
            ],
            [
              -76.2419499,
              8.6204961
            ],
            [
              -76.2421144,
              8.6208253
            ],
            [
              -76.2424715,
              8.6212097
            ],
            [
              -76.2427464,
              8.6213747
            ],
            [
              -76.2430212,
              8.6215945
            ],
            [
              -76.2432137,
              8.6217319
            ],
            [
              -76.2437911,
              8.622062
            ],
            [
              -76.2442861,
              8.6223097
            ],
            [
              -76.2446163,
              8.6223926
            ],
            [
              -76.2448915,
              8.6224754
            ],
            [
              -76.2453868,
              8.6225861
            ],
            [
              -76.2459922,
              8.6227244
            ],
            [
              -76.2463776,
              8.62278
            ],
            [
              -76.2468178,
              8.6228906
            ],
            [
              -76.2473409,
              8.6229191
            ],
            [
              -76.2479189,
              8.6229752
            ],
            [
              -76.248387,
              8.6229762
            ],
            [
              -76.2487723,
              8.6230319
            ],
            [
              -76.2493228,
              8.6230879
            ],
            [
              -76.2496806,
              8.6231708
            ],
            [
              -76.2499281,
              8.6233084
            ],
            [
              -76.250148,
              8.6234733
            ],
            [
              -76.2503946,
              8.6239944
            ],
            [
              -76.250504,
              8.6243509
            ],
            [
              -76.2506406,
              8.624817
            ],
            [
              -76.2506677,
              8.6250088
            ],
            [
              -76.250667,
              8.6253376
            ],
            [
              -76.2507214,
              8.6256391
            ],
            [
              -76.2508034,
              8.6259133
            ],
            [
              -76.251023,
              8.6261878
            ],
            [
              -76.2511602,
              8.6264073
            ],
            [
              -76.2513801,
              8.6265996
            ],
            [
              -76.2516825,
              8.6267921
            ],
            [
              -76.2522601,
              8.6270399
            ],
            [
              -76.2527003,
              8.6271779
            ],
            [
              -76.2535534,
              8.6273715
            ],
            [
              -76.2541039,
              8.6274549
            ],
            [
              -76.2544892,
              8.6275379
            ],
            [
              -76.2551495,
              8.6277586
            ],
            [
              -76.2555069,
              8.628006
            ],
            [
              -76.2558917,
              8.6282808
            ],
            [
              -76.2561392,
              8.6284457
            ],
            [
              -76.2565518,
              8.628611
            ],
            [
              -76.2569645,
              8.6287215
            ],
            [
              -76.2573499,
              8.6287772
            ],
            [
              -76.2576802,
              8.6288053
            ],
            [
              -76.2580658,
              8.6287239
            ],
            [
              -76.2584238,
              8.6286973
            ],
            [
              -76.2587263,
              8.6288897
            ],
            [
              -76.2587807,
              8.6291638
            ],
            [
              -76.2588352,
              8.6294654
            ],
            [
              -76.2593301,
              8.6297404
            ],
            [
              -76.2594949,
              8.6299326
            ],
            [
              -76.2599077,
              8.6300431
            ],
            [
              -76.2601278,
              8.6300984
            ],
            [
              -76.2603752,
              8.6303181
            ],
            [
              -76.2608697,
              8.630785
            ],
            [
              -76.2612271,
              8.6310323
            ],
            [
              -76.2618311,
              8.6318282
            ],
            [
              -76.2618852,
              8.6322942
            ],
            [
              -76.2618567,
              8.6327325
            ],
            [
              -76.2618283,
              8.6331161
            ],
            [
              -76.2618275,
              8.6334997
            ],
            [
              -76.2619093,
              8.6338561
            ],
            [
              -76.2623488,
              8.6343228
            ],
            [
              -76.2623759,
              8.6345421
            ],
            [
              -76.2623753,
              8.6347887
            ],
            [
              -76.2623469,
              8.635227
            ],
            [
              -76.2623735,
              8.6356381
            ],
            [
              -76.2624822,
              8.6362959
            ],
            [
              -76.2624538,
              8.6367069
            ],
            [
              -76.2628215,
              8.6373838
            ],
            [
              -76.2632727,
              8.6377581
            ],
            [
              -76.2637274,
              8.6383861
            ],
            [
              -76.2643776,
              8.6393286
            ],
            [
              -76.265026,
              8.6401442
            ],
            [
              -76.2682249,
              8.6401985
            ],
            [
              -76.2716958,
              8.6404464
            ],
            [
              -76.2749807,
              8.6414381
            ],
            [
              -76.2768401,
              8.6430496
            ],
            [
              -76.2781417,
              8.6439793
            ],
            [
              -76.2788082,
              8.6441935
            ]
          ]
        ]
      }
    }
  ]
}