id,estado_verificacion,fecha_accidente,fecha_publicacion,fuente,titulo,direccion_lugar,direccion_especifica,barrio_sector,municipio,vehiculos_involucrados,cantidad_fallecidos,cantidad_heridos,precision_geo,latitud,longitud,url,link_noticia_html,link_noticia_md,descripcion_contexto,hash_duplicados,fecha_extraccion
1,🟡 Pendiente (Verificar Noticia),2026-08-13,2026-08-13,La Guajira Hoy.com,Bus que habría cubierto Montería–Maicao se volcó cerca de Riohacha: reportan 20 heridos - La Guajira Hoy.com,Montería (Casco Urbano / Sector en investigación),Montería (Casco Urbano / Sector en investigación),,Montería,Bus / Transporte Público,0,1,Baja (Centroide General Montería),8.7508,-75.8814,https://news.google.com/rss/articles/CBMixgFBVV95cUxPQXo0c2NJYjRaYWg2c2dKWFh2aWhLVzZmUENBSExtZnVWMDFzMTNZSUNjdFpycDBRTnFaSWdtRzd6ZXFIR0g0X2pDODJVaERzSndkeVVNR215dEtqSnl5X2dxR3l1TTBuN3JidFVIdXZpamZGaG04SHdBbTVVZ0I2WG94a0F0TFg1c0ZZUFNXaU5zalZLSVkyRmlOWHFHZXRtZmtKRGItUlVZSkVxbG81R2JfT3lhRDNTVVgtXzc3S1RoV3BpbkE?oc=5,"<a href=""https://news.google.com/rss/articles/CBMixgFBVV95cUxPQXo0c2NJYjRaYWg2c2dKWFh2aWhLVzZmUENBSExtZnVWMDFzMTNZSUNjdFpycDBRTnFaSWdtRzd6ZXFIR0g0X2pDODJVaERzSndkeVVNR215dEtqSnl5X2dxR3l1TTBuN3JidFVIdXZpamZGaG04SHdBbTVVZ0I2WG94a0F0TFg1c0ZZUFNXaU5zalZLSVkyRmlOWHFHZXRtZmtKRGItUlVZSkVxbG81R2JfT3lhRDNTVVgtXzc3S1RoV3BpbkE?oc=5"" target=""_blank"" class=""btn-link"">🔗 Abrir Noticia</a>",[🔗 Abrir Noticia](https://news.google.com/rss/articles/CBMixgFBVV95cUxPQXo0c2NJYjRaYWg2c2dKWFh2aWhLVzZmUENBSExtZnVWMDFzMTNZSUNjdFpycDBRTnFaSWdtRzd6ZXFIR0g0X2pDODJVaERzSndkeVVNR215dEtqSnl5X2dxR3l1TTBuN3JidFVIdXZpamZGaG04SHdBbTVVZ0I2WG94a0F0TFg1c0ZZUFNXaU5zalZLSVkyRmlOWHFHZXRtZmtKRGItUlVZSkVxbG81R2JfT3lhRDNTVVgtXzc3S1RoV3BpbkE?oc=5),Bus que habría cubierto Montería–Maicao se volcó cerca de Riohacha: reportan 20 heridos La Guajira Hoy.com,6adade5ed3e0b6da688683cde65381e6f962d497696531a605fc57c5efd9ec93,2026-08-13 17:04:49
2,🟡 Pendiente (Verificar Noticia),2026-08-13,2026-08-13,Caracol Radio,"Dos personas muertas y seis más heridas deja accidente de tránsito en Buenavista, Córdoba - Caracol Radio",Montería (Casco Urbano / Sector en investigación),Montería (Casco Urbano / Sector en investigación),,Montería,No especificado,0,1,Baja (Centroide General Montería),8.7508,-75.8814,https://news.google.com/rss/articles/CBMiwAFBVV95cUxOTnpPME1JamkwRVZwQmM0cnJScXBKZkNvQng0WmtsWDR1WjczX0owRG1iYm03RXBHQzNnYnJFaEd2TEVnOXdreVVuaDJNS29teHVPNWJJNUh2QzlsSTZYRklpNi1QOHFzQzE0WFdoOURQa3FQUTI1TmlBZEJ0VDR5S0JpNm94ODl2M19pQXhHOUZuT0NDemlST0RjcU5zMlhsa1RGOGtmWFBXV2p1Y1BBcTdLaHNvbXJqNkE4bEU3SEnSAdQBQVVfeXFMTVFfcEpERjJpZDcyQmRDejZCVUdXZkcySjRHdEVjMjZmVVpNX2w0aUpacVQ5ZzNxdnBUNjIxRVp2UmkzR21keXZQbWxxRmR1aTdtN2dadF9DSWFuMjB3LTlkd20wWFQ1bHNvcVVKaG5kTmF3dzlSV3Z4WkxjVm13WHZKek0zRmoxamd6Mm16MHo2aS1QM3BTQXhEd3FldXNwNTVXNUJfdUo1aDZiV0wtc2VEUEgxSkpkcFdmaVJKbU5qeTVhMmdlYjJwME04ZWR0TmNxNkc?oc=5,"<a href=""https://news.google.com/rss/articles/CBMiwAFBVV95cUxOTnpPME1JamkwRVZwQmM0cnJScXBKZkNvQng0WmtsWDR1WjczX0owRG1iYm03RXBHQzNnYnJFaEd2TEVnOXdreVVuaDJNS29teHVPNWJJNUh2QzlsSTZYRklpNi1QOHFzQzE0WFdoOURQa3FQUTI1TmlBZEJ0VDR5S0JpNm94ODl2M19pQXhHOUZuT0NDemlST0RjcU5zMlhsa1RGOGtmWFBXV2p1Y1BBcTdLaHNvbXJqNkE4bEU3SEnSAdQBQVVfeXFMTVFfcEpERjJpZDcyQmRDejZCVUdXZkcySjRHdEVjMjZmVVpNX2w0aUpacVQ5ZzNxdnBUNjIxRVp2UmkzR21keXZQbWxxRmR1aTdtN2dadF9DSWFuMjB3LTlkd20wWFQ1bHNvcVVKaG5kTmF3dzlSV3Z4WkxjVm13WHZKek0zRmoxamd6Mm16MHo2aS1QM3BTQXhEd3FldXNwNTVXNUJfdUo1aDZiV0wtc2VEUEgxSkpkcFdmaVJKbU5qeTVhMmdlYjJwME04ZWR0TmNxNkc?oc=5"" target=""_blank"" class=""btn-link"">🔗 Abrir Noticia</a>",[🔗 Abrir Noticia](https://news.google.com/rss/articles/CBMiwAFBVV95cUxOTnpPME1JamkwRVZwQmM0cnJScXBKZkNvQng0WmtsWDR1WjczX0owRG1iYm03RXBHQzNnYnJFaEd2TEVnOXdreVVuaDJNS29teHVPNWJJNUh2QzlsSTZYRklpNi1QOHFzQzE0WFdoOURQa3FQUTI1TmlBZEJ0VDR5S0JpNm94ODl2M19pQXhHOUZuT0NDemlST0RjcU5zMlhsa1RGOGtmWFBXV2p1Y1BBcTdLaHNvbXJqNkE4bEU3SEnSAdQBQVVfeXFMTVFfcEpERjJpZDcyQmRDejZCVUdXZkcySjRHdEVjMjZmVVpNX2w0aUpacVQ5ZzNxdnBUNjIxRVp2UmkzR21keXZQbWxxRmR1aTdtN2dadF9DSWFuMjB3LTlkd20wWFQ1bHNvcVVKaG5kTmF3dzlSV3Z4WkxjVm13WHZKek0zRmoxamd6Mm16MHo2aS1QM3BTQXhEd3FldXNwNTVXNUJfdUo1aDZiV0wtc2VEUEgxSkpkcFdmaVJKbU5qeTVhMmdlYjJwME04ZWR0TmNxNkc?oc=5),"Dos personas muertas y seis más heridas deja accidente de tránsito en Buenavista, Córdoba Caracol Radio",4a006e4f1354c1997093e82fc44cd56965e7450f64bb9fba94b5fcf8ec180e37,2026-08-13 17:04:49
3,🟡 Pendiente (Verificar Noticia),2026-08-13,2026-08-13,wradio.com.co,Muertes en accidentes de tránsito se aumentaron en un 200% en Montería - wradio.com.co,Montería (Casco Urbano / Sector en investigación),Montería (Casco Urbano / Sector en investigación),,Montería,No especificado,0,0,Baja (Centroide General Montería),8.7508,-75.8814,https://news.google.com/rss/articles/CBMiqwFBVV95cUxPUG5mQ0ktZ0JiUzhsY24tY1Y0VmRhTjNzUTJaVExtempuZE84LWxna19RaEdmYzkzSkRSakxWSXFTb2NQRFhocHNWVjNlaEd0cDFEZTlxVmVta2JKNnNaNWxoZmdlLUZ3eVNxbXZMYkxlY2NGa1dyWUxVeHQ2a3E3WUFBbW9KTUxRVHVQYzNXLVR2VFJ3SEdpa1FubkE0V3JlbkoxWUcxbDVoZzDSAb8BQVVfeXFMTzFJSWdBYXdwbkV1Skdxb0ZoUW0wWkJMX3c5ZnF2MC0zRC1yZkl0dGI0akV1NlA1OWV6NUFFdktxdDhVekg5dUFaUTlZSnFvb1p5eG1mdzJBcVc0TDlSMFVacDFEcXZPaC1mbDIzdG1uNjg1SzdPelRZNmRNMTFyNmtZa2c1dUdKXzlVMzhpY2dXNS1BblpOR2FmQ1NhR2g4Y3hEb0FFMUIzdzU5ckhWVjhscmh1Um5EQ2pzQWJpTm8?oc=5,"<a href=""https://news.google.com/rss/articles/CBMiqwFBVV95cUxPUG5mQ0ktZ0JiUzhsY24tY1Y0VmRhTjNzUTJaVExtempuZE84LWxna19RaEdmYzkzSkRSakxWSXFTb2NQRFhocHNWVjNlaEd0cDFEZTlxVmVta2JKNnNaNWxoZmdlLUZ3eVNxbXZMYkxlY2NGa1dyWUxVeHQ2a3E3WUFBbW9KTUxRVHVQYzNXLVR2VFJ3SEdpa1FubkE0V3JlbkoxWUcxbDVoZzDSAb8BQVVfeXFMTzFJSWdBYXdwbkV1Skdxb0ZoUW0wWkJMX3c5ZnF2MC0zRC1yZkl0dGI0akV1NlA1OWV6NUFFdktxdDhVekg5dUFaUTlZSnFvb1p5eG1mdzJBcVc0TDlSMFVacDFEcXZPaC1mbDIzdG1uNjg1SzdPelRZNmRNMTFyNmtZa2c1dUdKXzlVMzhpY2dXNS1BblpOR2FmQ1NhR2g4Y3hEb0FFMUIzdzU5ckhWVjhscmh1Um5EQ2pzQWJpTm8?oc=5"" target=""_blank"" class=""btn-link"">🔗 Abrir Noticia</a>",[🔗 Abrir Noticia](https://news.google.com/rss/articles/CBMiqwFBVV95cUxPUG5mQ0ktZ0JiUzhsY24tY1Y0VmRhTjNzUTJaVExtempuZE84LWxna19RaEdmYzkzSkRSakxWSXFTb2NQRFhocHNWVjNlaEd0cDFEZTlxVmVta2JKNnNaNWxoZmdlLUZ3eVNxbXZMYkxlY2NGa1dyWUxVeHQ2a3E3WUFBbW9KTUxRVHVQYzNXLVR2VFJ3SEdpa1FubkE0V3JlbkoxWUcxbDVoZzDSAb8BQVVfeXFMTzFJSWdBYXdwbkV1Skdxb0ZoUW0wWkJMX3c5ZnF2MC0zRC1yZkl0dGI0akV1NlA1OWV6NUFFdktxdDhVekg5dUFaUTlZSnFvb1p5eG1mdzJBcVc0TDlSMFVacDFEcXZPaC1mbDIzdG1uNjg1SzdPelRZNmRNMTFyNmtZa2c1dUdKXzlVMzhpY2dXNS1BblpOR2FmQ1NhR2g4Y3hEb0FFMUIzdzU5ckhWVjhscmh1Um5EQ2pzQWJpTm8?oc=5),Muertes en accidentes de tránsito se aumentaron en un 200% en Montería wradio.com.co,ddb234825c55f47f38e24b6a1e8315d82a66153376c68882eb199d28bf268494,2026-08-13 17:04:49
4,🟡 Pendiente (Verificar Noticia),2026-08-13,2026-08-13,larazon.co,Murió reconocido árbitro de fútbol en accidente de tránsito entre Montería y Cereté - larazon.co,"Municipio de Cereté, Córdoba","Municipio de Cereté, Córdoba",,Montería,No especificado,1,0,Baja (Centroide General Montería),8.7508,-75.8814,https://news.google.com/rss/articles/CBMipgFBVV95cUxQMjlCQTUtRGtMVThrREpzbG1QOFBlNTNvVHZSdS1uYm1XQ01kakFnVk85MFY1Z0dBc2dGZVRVYmpOWmxFRWtuQ2lYVWtMZURNZFdWMDZjeWtkRTR4NG1uaExVb2dCekhtZEJDLVFpU0ZVRnBlblZjN3dvbzk4NEpGaUFrMkJZWGUwMVJtWkZJX0JvN2RkVFlVdVVnamRvYkQ0NVRjNzl3?oc=5,"<a href=""https://news.google.com/rss/articles/CBMipgFBVV95cUxQMjlCQTUtRGtMVThrREpzbG1QOFBlNTNvVHZSdS1uYm1XQ01kakFnVk85MFY1Z0dBc2dGZVRVYmpOWmxFRWtuQ2lYVWtMZURNZFdWMDZjeWtkRTR4NG1uaExVb2dCekhtZEJDLVFpU0ZVRnBlblZjN3dvbzk4NEpGaUFrMkJZWGUwMVJtWkZJX0JvN2RkVFlVdVVnamRvYkQ0NVRjNzl3?oc=5"" target=""_blank"" class=""btn-link"">🔗 Abrir Noticia</a>",[🔗 Abrir Noticia](https://news.google.com/rss/articles/CBMipgFBVV95cUxQMjlCQTUtRGtMVThrREpzbG1QOFBlNTNvVHZSdS1uYm1XQ01kakFnVk85MFY1Z0dBc2dGZVRVYmpOWmxFRWtuQ2lYVWtMZURNZFdWMDZjeWtkRTR4NG1uaExVb2dCekhtZEJDLVFpU0ZVRnBlblZjN3dvbzk4NEpGaUFrMkJZWGUwMVJtWkZJX0JvN2RkVFlVdVVnamRvYkQ0NVRjNzl3?oc=5),Murió reconocido árbitro de fútbol en accidente de tránsito entre Montería y Cereté larazon.co,d8a3783dd3840f4d0b1299d483a18cee448f4389e31644d99c4a7cc016eaceaa,2026-08-13 17:04:49
5,🟡 Pendiente (Verificar Noticia),2026-08-13,2026-08-13,El Meridiano,Comerciante murió en accidente - El Meridiano,Montería (Casco Urbano / Sector en investigación),Montería (Casco Urbano / Sector en investigación),,Montería,No especificado,1,0,Baja (Centroide General Montería),8.7508,-75.8814,https://news.google.com/rss/articles/CBMigwFBVV95cUxOQzBiLU9UY0lLNUF2cnpKNV8yaVNNNkZzSlRLLVFiSDdwQzVRUGlFb1dMMGZsWk5lM0NUX2Q4MjJWdEpMVHBPb3Z3RVpWOElQS2gxaGVlSU1oOXRpZ2dfeEpqSi1hc1gweGRhR1pjSXp3UkQtRHdoZG1NWU4tcDJNNWxNOA?oc=5,"<a href=""https://news.google.com/rss/articles/CBMigwFBVV95cUxOQzBiLU9UY0lLNUF2cnpKNV8yaVNNNkZzSlRLLVFiSDdwQzVRUGlFb1dMMGZsWk5lM0NUX2Q4MjJWdEpMVHBPb3Z3RVpWOElQS2gxaGVlSU1oOXRpZ2dfeEpqSi1hc1gweGRhR1pjSXp3UkQtRHdoZG1NWU4tcDJNNWxNOA?oc=5"" target=""_blank"" class=""btn-link"">🔗 Abrir Noticia</a>",[🔗 Abrir Noticia](https://news.google.com/rss/articles/CBMigwFBVV95cUxOQzBiLU9UY0lLNUF2cnpKNV8yaVNNNkZzSlRLLVFiSDdwQzVRUGlFb1dMMGZsWk5lM0NUX2Q4MjJWdEpMVHBPb3Z3RVpWOElQS2gxaGVlSU1oOXRpZ2dfeEpqSi1hc1gweGRhR1pjSXp3UkQtRHdoZG1NWU4tcDJNNWxNOA?oc=5),Comerciante murió en accidente El Meridiano,d89c384d5bedb1a34c895e2cabe4752d506619f7e517ef161f73d72efc794e3c,2026-08-13 17:04:49
6,🟡 Pendiente (Verificar Noticia),2026-08-13,2026-08-13,Caracol Radio,Accidentes de tránsito dejan cinco personas muertas en vías de Córdoba durante Semana Santa - Caracol Radio,Montería (Casco Urbano / Sector en investigación),Montería (Casco Urbano / Sector en investigación),,Montería,No especificado,0,0,Baja (Centroide General Montería),8.7508,-75.8814,https://news.google.com/rss/articles/CBMixAFBVV95cUxPN0lpemgzTE5TNnFNWXdDeW9jWTZ5eGlyc1JHZE1UME1RMy1SdEUzcW41T3RVLXMtaDlGXzQybUpzR1JCZ0ROb2t3QnljNWN3aDBydHI1Njc1TUZhb1FnaldBdFNkRmZ1bGxjNW56RWNlNy1PSHpGdjdGZ1FBbHVfQjJsZnVmOFNDZzdrZUZXcEtETTFHa3h2VmNvQmJCMGtHLWlpRjlFNFZrUlFTeGg2RUx6ZmROcGVjQklkenJRYzNSTFpp0gHYAUFVX3lxTE5YZURST1Mtdk4wdzlqZjNkTWdmM3JCQ1doYUNlQ29mOElBVUlEVDZNMVczVzhjckZWamZEX2tYV0ZzeFVLbGVNbGt0ektHN3FaUTdkR3diWnhIc2FWa18yTlk3aVhBVW0wNi1nSlhveC1WbmFBOTd4TS1kcGctTWtDVk0xQVJ2bkR3NGRuUVJzOC1aVm5nME9rNGEzc3NrejJrZkk2ZlZ3MWVyM2ZlTWJYSC0yT0owbDhlbHloZWc2Z0U1d3RDXzVDQU1uQjdBZ05NSkVUSWtwUw?oc=5,"<a href=""https://news.google.com/rss/articles/CBMixAFBVV95cUxPN0lpemgzTE5TNnFNWXdDeW9jWTZ5eGlyc1JHZE1UME1RMy1SdEUzcW41T3RVLXMtaDlGXzQybUpzR1JCZ0ROb2t3QnljNWN3aDBydHI1Njc1TUZhb1FnaldBdFNkRmZ1bGxjNW56RWNlNy1PSHpGdjdGZ1FBbHVfQjJsZnVmOFNDZzdrZUZXcEtETTFHa3h2VmNvQmJCMGtHLWlpRjlFNFZrUlFTeGg2RUx6ZmROcGVjQklkenJRYzNSTFpp0gHYAUFVX3lxTE5YZURST1Mtdk4wdzlqZjNkTWdmM3JCQ1doYUNlQ29mOElBVUlEVDZNMVczVzhjckZWamZEX2tYV0ZzeFVLbGVNbGt0ektHN3FaUTdkR3diWnhIc2FWa18yTlk3aVhBVW0wNi1nSlhveC1WbmFBOTd4TS1kcGctTWtDVk0xQVJ2bkR3NGRuUVJzOC1aVm5nME9rNGEzc3NrejJrZkk2ZlZ3MWVyM2ZlTWJYSC0yT0owbDhlbHloZWc2Z0U1d3RDXzVDQU1uQjdBZ05NSkVUSWtwUw?oc=5"" target=""_blank"" class=""btn-link"">🔗 Abrir Noticia</a>",[🔗 Abrir Noticia](https://news.google.com/rss/articles/CBMixAFBVV95cUxPN0lpemgzTE5TNnFNWXdDeW9jWTZ5eGlyc1JHZE1UME1RMy1SdEUzcW41T3RVLXMtaDlGXzQybUpzR1JCZ0ROb2t3QnljNWN3aDBydHI1Njc1TUZhb1FnaldBdFNkRmZ1bGxjNW56RWNlNy1PSHpGdjdGZ1FBbHVfQjJsZnVmOFNDZzdrZUZXcEtETTFHa3h2VmNvQmJCMGtHLWlpRjlFNFZrUlFTeGg2RUx6ZmROcGVjQklkenJRYzNSTFpp0gHYAUFVX3lxTE5YZURST1Mtdk4wdzlqZjNkTWdmM3JCQ1doYUNlQ29mOElBVUlEVDZNMVczVzhjckZWamZEX2tYV0ZzeFVLbGVNbGt0ektHN3FaUTdkR3diWnhIc2FWa18yTlk3aVhBVW0wNi1nSlhveC1WbmFBOTd4TS1kcGctTWtDVk0xQVJ2bkR3NGRuUVJzOC1aVm5nME9rNGEzc3NrejJrZkk2ZlZ3MWVyM2ZlTWJYSC0yT0owbDhlbHloZWc2Z0U1d3RDXzVDQU1uQjdBZ05NSkVUSWtwUw?oc=5),Accidentes de tránsito dejan cinco personas muertas en vías de Córdoba durante Semana Santa Caracol Radio,5cbf79e2f85d0293827b0060de1571df2513e3674bbca37177c52c7c4f40094f,2026-08-13 17:04:49
7,🟡 Pendiente (Verificar Noticia),2026-08-13,2026-08-13,ELHERALDO.CO,Asesinaron a un ingeniero en Montería tras choque de motocicletas que terminó en discusión - ELHERALDO.CO,Montería (Casco Urbano / Sector en investigación),Montería (Casco Urbano / Sector en investigación),,Montería,No especificado,0,0,Baja (Centroide General Montería),8.7508,-75.8814,https://news.google.com/rss/articles/CBMi0AFBVV95cUxNLVAzWld6dkRvX1lNcnhnS0FSVlJZd2xGUzh0bFlrVHFzWi1GWEI2VzR1YXhpWWlUeEY4cFdUdi16VVNxel9HUEVBaTZURlBxMnItSkFUSmhzaGk5TkdYSTdoLTh5c2pCV1k3dzVyTzZnM3V0bEF0WVcxMlVnTUtsdFN4dDNMM1dVNTlzR0JESmNxM3A0dnE0MmRzaDdXaVFfenZmMWdESTRUZFhXY2ZzQXpXMkpWaGRHRDZsSmhhT00yaExMRXlyUzhZcWdPdFlK0gHrAUFVX3lxTE5adXFBdFlBVktheHBmaWZtc1RQUzJvS3JJVUlLSzZPWmNqUmdNdzVCeUFoanA3VFlveFFGSFNYUTVFQk0tSVV6UmFRMzA1U0ZfUFRXTTNZWXJhQm1JaUNqcWZXR0ZJY3hQUkF4aU5JMy16RzExRXR2bkQ1OGtKekZ5STFEWlJJYy1XMGZhNldyZ1ZRcWJFSnFMWkdNQ1NWVHRDS0V4dTVRZ1BxTGd1UHdUcGdJT2RwY1pKWkJoR2U4QkJ2S2FxRWJabXZRQWpvVXFyTUFqSWE0VGdpeXM5cVNmV2RUdWo5dHdoU1k?oc=5,"<a href=""https://news.google.com/rss/articles/CBMi0AFBVV95cUxNLVAzWld6dkRvX1lNcnhnS0FSVlJZd2xGUzh0bFlrVHFzWi1GWEI2VzR1YXhpWWlUeEY4cFdUdi16VVNxel9HUEVBaTZURlBxMnItSkFUSmhzaGk5TkdYSTdoLTh5c2pCV1k3dzVyTzZnM3V0bEF0WVcxMlVnTUtsdFN4dDNMM1dVNTlzR0JESmNxM3A0dnE0MmRzaDdXaVFfenZmMWdESTRUZFhXY2ZzQXpXMkpWaGRHRDZsSmhhT00yaExMRXlyUzhZcWdPdFlK0gHrAUFVX3lxTE5adXFBdFlBVktheHBmaWZtc1RQUzJvS3JJVUlLSzZPWmNqUmdNdzVCeUFoanA3VFlveFFGSFNYUTVFQk0tSVV6UmFRMzA1U0ZfUFRXTTNZWXJhQm1JaUNqcWZXR0ZJY3hQUkF4aU5JMy16RzExRXR2bkQ1OGtKekZ5STFEWlJJYy1XMGZhNldyZ1ZRcWJFSnFMWkdNQ1NWVHRDS0V4dTVRZ1BxTGd1UHdUcGdJT2RwY1pKWkJoR2U4QkJ2S2FxRWJabXZRQWpvVXFyTUFqSWE0VGdpeXM5cVNmV2RUdWo5dHdoU1k?oc=5"" target=""_blank"" class=""btn-link"">🔗 Abrir Noticia</a>",[🔗 Abrir Noticia](https://news.google.com/rss/articles/CBMi0AFBVV95cUxNLVAzWld6dkRvX1lNcnhnS0FSVlJZd2xGUzh0bFlrVHFzWi1GWEI2VzR1YXhpWWlUeEY4cFdUdi16VVNxel9HUEVBaTZURlBxMnItSkFUSmhzaGk5TkdYSTdoLTh5c2pCV1k3dzVyTzZnM3V0bEF0WVcxMlVnTUtsdFN4dDNMM1dVNTlzR0JESmNxM3A0dnE0MmRzaDdXaVFfenZmMWdESTRUZFhXY2ZzQXpXMkpWaGRHRDZsSmhhT00yaExMRXlyUzhZcWdPdFlK0gHrAUFVX3lxTE5adXFBdFlBVktheHBmaWZtc1RQUzJvS3JJVUlLSzZPWmNqUmdNdzVCeUFoanA3VFlveFFGSFNYUTVFQk0tSVV6UmFRMzA1U0ZfUFRXTTNZWXJhQm1JaUNqcWZXR0ZJY3hQUkF4aU5JMy16RzExRXR2bkQ1OGtKekZ5STFEWlJJYy1XMGZhNldyZ1ZRcWJFSnFMWkdNQ1NWVHRDS0V4dTVRZ1BxTGd1UHdUcGdJT2RwY1pKWkJoR2U4QkJ2S2FxRWJabXZRQWpvVXFyTUFqSWE0VGdpeXM5cVNmV2RUdWo5dHdoU1k?oc=5),Asesinaron a un ingeniero en Montería tras choque de motocicletas que terminó en discusión ELHERALDO.CO,6f6f77ee45f8a5b52bb380c710001a3ab2e0f059bae2c64b80aa312209f56d0b,2026-08-13 17:04:49
8,🟡 Pendiente (Verificar Noticia),2026-08-13,2026-08-13,larazon.co,Un hombre perdió la vida este miércoles 1° de abril en accidente de tránsito registrado en Montería - larazon.co,Montería (Casco Urbano / Sector en investigación),Montería (Casco Urbano / Sector en investigación),,Montería,No especificado,1,0,Baja (Centroide General Montería),8.7508,-75.8814,https://news.google.com/rss/articles/CBMiugFBVV95cUxQRmJYVW52VFF2T21VUFlBc2N5ZEg3b18tMlp2eXBfZDAtcW5ybGp6ZlljMmV6MWw2TTZzLTdFYTNqSmRjY2szczdicE5wcVhrUWFEOE84cFBOazRhbjVPOWIyeXIyaG5jYUJibXBvLXdYTjl3N2pXZFFDR0l4LXI3aHM2c3FuN0ltWnR5dnl1Nl9ZWlR4OEg3X3hacGNtaFBOZFZqWWxCckNUTk1HT0NpdGt0dFVUN2djQ0E?oc=5,"<a href=""https://news.google.com/rss/articles/CBMiugFBVV95cUxQRmJYVW52VFF2T21VUFlBc2N5ZEg3b18tMlp2eXBfZDAtcW5ybGp6ZlljMmV6MWw2TTZzLTdFYTNqSmRjY2szczdicE5wcVhrUWFEOE84cFBOazRhbjVPOWIyeXIyaG5jYUJibXBvLXdYTjl3N2pXZFFDR0l4LXI3aHM2c3FuN0ltWnR5dnl1Nl9ZWlR4OEg3X3hacGNtaFBOZFZqWWxCckNUTk1HT0NpdGt0dFVUN2djQ0E?oc=5"" target=""_blank"" class=""btn-link"">🔗 Abrir Noticia</a>",[🔗 Abrir Noticia](https://news.google.com/rss/articles/CBMiugFBVV95cUxQRmJYVW52VFF2T21VUFlBc2N5ZEg3b18tMlp2eXBfZDAtcW5ybGp6ZlljMmV6MWw2TTZzLTdFYTNqSmRjY2szczdicE5wcVhrUWFEOE84cFBOazRhbjVPOWIyeXIyaG5jYUJibXBvLXdYTjl3N2pXZFFDR0l4LXI3aHM2c3FuN0ltWnR5dnl1Nl9ZWlR4OEg3X3hacGNtaFBOZFZqWWxCckNUTk1HT0NpdGt0dFVUN2djQ0E?oc=5),Un hombre perdió la vida este miércoles 1° de abril en accidente de tránsito registrado en Montería larazon.co,9728341ebdbedcdcd5eb2cc26b2a8ca90831fbb3ebe099356863d0262e4014ac,2026-08-13 17:04:49
9,🟡 Pendiente (Verificar Noticia),2026-08-13,2026-08-13,wradio.com.co,Accidentes de tránsito han dejado más de 300 personas muertas en Córdoba - wradio.com.co,Montería (Casco Urbano / Sector en investigación),Montería (Casco Urbano / Sector en investigación),,Montería,No especificado,0,0,Baja (Centroide General Montería),8.7508,-75.8814,https://news.google.com/rss/articles/CBMirwFBVV95cUxPVUFuRTBhQ0ZUWGtOMXlLdzdSWWg5aHBTWVZuMnlSejhJTEQwTHplaTlaTmJzUzlCRGl3ZXZhZGw3VkRSU3p2NG9zcWFwVE9tNVV3UXNEZVhFZzRTekRfWk95aUJReENSQlBjYkJ2Yk82LVRxOFpGU2VCLVJ4U3ByUGVrcjZYdFpBNW9Kd2Rqa2lXMkxTSkFtSU5ldUR5QXpyUEw2ZFFxY0xVWVdLUUtj0gHDAUFVX3lxTE1NakEtakJ5ZXpIM1RNbkNJMExucDV0aFNDX095M3RQeTY0X3QtSS1SaUljOGFjSkxMWDNQUS1zTWpMLU1PRjFkQ0dJSUx2WHhYMWtESzRxRFUyQWJkTkQwMXoyMmx6UEMwNmNMd0c0elNrR1NTZ2pHMHFaNXlFOXUwNHhxb1A2OEVkSUx6UW5NNkJQV2dMRWpGc0xubEJzVHRYbmRuTkVteTd2Zm1sRHVtRU1LU05iRUpobno3bVZXVVQ2UQ?oc=5,"<a href=""https://news.google.com/rss/articles/CBMirwFBVV95cUxPVUFuRTBhQ0ZUWGtOMXlLdzdSWWg5aHBTWVZuMnlSejhJTEQwTHplaTlaTmJzUzlCRGl3ZXZhZGw3VkRSU3p2NG9zcWFwVE9tNVV3UXNEZVhFZzRTekRfWk95aUJReENSQlBjYkJ2Yk82LVRxOFpGU2VCLVJ4U3ByUGVrcjZYdFpBNW9Kd2Rqa2lXMkxTSkFtSU5ldUR5QXpyUEw2ZFFxY0xVWVdLUUtj0gHDAUFVX3lxTE1NakEtakJ5ZXpIM1RNbkNJMExucDV0aFNDX095M3RQeTY0X3QtSS1SaUljOGFjSkxMWDNQUS1zTWpMLU1PRjFkQ0dJSUx2WHhYMWtESzRxRFUyQWJkTkQwMXoyMmx6UEMwNmNMd0c0elNrR1NTZ2pHMHFaNXlFOXUwNHhxb1A2OEVkSUx6UW5NNkJQV2dMRWpGc0xubEJzVHRYbmRuTkVteTd2Zm1sRHVtRU1LU05iRUpobno3bVZXVVQ2UQ?oc=5"" target=""_blank"" class=""btn-link"">🔗 Abrir Noticia</a>",[🔗 Abrir Noticia](https://news.google.com/rss/articles/CBMirwFBVV95cUxPVUFuRTBhQ0ZUWGtOMXlLdzdSWWg5aHBTWVZuMnlSejhJTEQwTHplaTlaTmJzUzlCRGl3ZXZhZGw3VkRSU3p2NG9zcWFwVE9tNVV3UXNEZVhFZzRTekRfWk95aUJReENSQlBjYkJ2Yk82LVRxOFpGU2VCLVJ4U3ByUGVrcjZYdFpBNW9Kd2Rqa2lXMkxTSkFtSU5ldUR5QXpyUEw2ZFFxY0xVWVdLUUtj0gHDAUFVX3lxTE1NakEtakJ5ZXpIM1RNbkNJMExucDV0aFNDX095M3RQeTY0X3QtSS1SaUljOGFjSkxMWDNQUS1zTWpMLU1PRjFkQ0dJSUx2WHhYMWtESzRxRFUyQWJkTkQwMXoyMmx6UEMwNmNMd0c0elNrR1NTZ2pHMHFaNXlFOXUwNHhxb1A2OEVkSUx6UW5NNkJQV2dMRWpGc0xubEJzVHRYbmRuTkVteTd2Zm1sRHVtRU1LU05iRUpobno3bVZXVVQ2UQ?oc=5),Accidentes de tránsito han dejado más de 300 personas muertas en Córdoba wradio.com.co,527c4b267211f54af1ccf4e86e321a76419a3be3c3fc311fbe7f9fbf8591b18c,2026-08-13 17:04:49
10,🟡 Pendiente (Verificar Noticia),2026-08-13,2026-08-13,El Meridiano,Tragedia vial en Montería: dos menores pierden la vida - El Meridiano,Montería (Casco Urbano / Sector en investigación),Montería (Casco Urbano / Sector en investigación),,Montería,No especificado,0,0,Baja (Centroide General Montería),8.7508,-75.8814,https://news.google.com/rss/articles/CBMiowFBVV95cUxNZzFWbnloTWx2NE1ncWZGbkRhUzJLVWdYN0RmMkU5eXNtQzF5aEpTZFVfdFRNSXEtZU1VcDhaOXdhY2l6NExYOWo2a2w3bVBpbE1SbHAzODhMVFBZc3FVbmh0Q180SWZEMDZjSTBhcWo0Vm5XVWJnMXl1SUl4Y0Z3VXc4Qkh6cHZOYlkzRTdvMVg5eGFKdWhfWmEyRTNQVG9pSW5z?oc=5,"<a href=""https://news.google.com/rss/articles/CBMiowFBVV95cUxNZzFWbnloTWx2NE1ncWZGbkRhUzJLVWdYN0RmMkU5eXNtQzF5aEpTZFVfdFRNSXEtZU1VcDhaOXdhY2l6NExYOWo2a2w3bVBpbE1SbHAzODhMVFBZc3FVbmh0Q180SWZEMDZjSTBhcWo0Vm5XVWJnMXl1SUl4Y0Z3VXc4Qkh6cHZOYlkzRTdvMVg5eGFKdWhfWmEyRTNQVG9pSW5z?oc=5"" target=""_blank"" class=""btn-link"">🔗 Abrir Noticia</a>",[🔗 Abrir Noticia](https://news.google.com/rss/articles/CBMiowFBVV95cUxNZzFWbnloTWx2NE1ncWZGbkRhUzJLVWdYN0RmMkU5eXNtQzF5aEpTZFVfdFRNSXEtZU1VcDhaOXdhY2l6NExYOWo2a2w3bVBpbE1SbHAzODhMVFBZc3FVbmh0Q180SWZEMDZjSTBhcWo0Vm5XVWJnMXl1SUl4Y0Z3VXc4Qkh6cHZOYlkzRTdvMVg5eGFKdWhfWmEyRTNQVG9pSW5z?oc=5),Tragedia vial en Montería: dos menores pierden la vida El Meridiano,7489ba29fa14f9b1600cfe2e6093adcdf0854cc1a2d214df753ebec9acedeb34,2026-08-13 17:04:49
11,🟡 Pendiente (Verificar Noticia),2026-08-13,2026-08-13,Caracol Radio,Intolerancia fatal en Montería: Asesinaron a ingeniero civil que medió en accidente de tránsito - Caracol Radio,Montería (Casco Urbano / Sector en investigación),Montería (Casco Urbano / Sector en investigación),,Montería,No especificado,0,0,Baja (Centroide General Montería),8.7508,-75.8814,https://news.google.com/rss/articles/CBMiyAFBVV95cUxOZGhqaWZtSy1xQUV3TDlkUXFhOHNJVnEwZExWZm9rdExZaU9kT2tBLXJjazZqdmNzR0VhVlFuMUZxcXN1aHI2cGcwaGJKY3VfVGFYYjgyTFFOOVFsLU0tR1MxWVlxNXlaU3M1amZMUWU5NXE2WjBzcUhYcEU2SjYzQldzbF9JNnZ3VlVaZ1pzSlBKSDhyR2RzOUtyTzFzeURXd3p4ZWlDX1hGN2tscUxjWDYxVnJmc2tkN01aTWxsdzdrbGtkNG1lR9IB3AFBVV95cUxOM3hVZ3NXXzJjZkdwMUlJU29iT3QwdzhvSWVYcFF6SmFVSjFOczFCU3FwZS1wTjlwU3l3TmdqQkE4MFl0dlNoTUJmR19hb1lpNURsTWQ3R01BZS1qeUlJX0xtbkNSaTZoV0lnQ3BZZ1IxMWVPcDRLUEdtcUp2em96ZTZpanpoWkVCdTJvTFNXTFNEZVhuMlJTc3ZCckhNVWtNd1htX1p2ZHBfYVdCV1U2OFZKUGlmOUJjNkdRQ2M4dnNIcnA2d3R4Qk9TUHk3TVlaUXNheHFocGh1eVFL?oc=5,"<a href=""https://news.google.com/rss/articles/CBMiyAFBVV95cUxOZGhqaWZtSy1xQUV3TDlkUXFhOHNJVnEwZExWZm9rdExZaU9kT2tBLXJjazZqdmNzR0VhVlFuMUZxcXN1aHI2cGcwaGJKY3VfVGFYYjgyTFFOOVFsLU0tR1MxWVlxNXlaU3M1amZMUWU5NXE2WjBzcUhYcEU2SjYzQldzbF9JNnZ3VlVaZ1pzSlBKSDhyR2RzOUtyTzFzeURXd3p4ZWlDX1hGN2tscUxjWDYxVnJmc2tkN01aTWxsdzdrbGtkNG1lR9IB3AFBVV95cUxOM3hVZ3NXXzJjZkdwMUlJU29iT3QwdzhvSWVYcFF6SmFVSjFOczFCU3FwZS1wTjlwU3l3TmdqQkE4MFl0dlNoTUJmR19hb1lpNURsTWQ3R01BZS1qeUlJX0xtbkNSaTZoV0lnQ3BZZ1IxMWVPcDRLUEdtcUp2em96ZTZpanpoWkVCdTJvTFNXTFNEZVhuMlJTc3ZCckhNVWtNd1htX1p2ZHBfYVdCV1U2OFZKUGlmOUJjNkdRQ2M4dnNIcnA2d3R4Qk9TUHk3TVlaUXNheHFocGh1eVFL?oc=5"" target=""_blank"" class=""btn-link"">🔗 Abrir Noticia</a>",[🔗 Abrir Noticia](https://news.google.com/rss/articles/CBMiyAFBVV95cUxOZGhqaWZtSy1xQUV3TDlkUXFhOHNJVnEwZExWZm9rdExZaU9kT2tBLXJjazZqdmNzR0VhVlFuMUZxcXN1aHI2cGcwaGJKY3VfVGFYYjgyTFFOOVFsLU0tR1MxWVlxNXlaU3M1amZMUWU5NXE2WjBzcUhYcEU2SjYzQldzbF9JNnZ3VlVaZ1pzSlBKSDhyR2RzOUtyTzFzeURXd3p4ZWlDX1hGN2tscUxjWDYxVnJmc2tkN01aTWxsdzdrbGtkNG1lR9IB3AFBVV95cUxOM3hVZ3NXXzJjZkdwMUlJU29iT3QwdzhvSWVYcFF6SmFVSjFOczFCU3FwZS1wTjlwU3l3TmdqQkE4MFl0dlNoTUJmR19hb1lpNURsTWQ3R01BZS1qeUlJX0xtbkNSaTZoV0lnQ3BZZ1IxMWVPcDRLUEdtcUp2em96ZTZpanpoWkVCdTJvTFNXTFNEZVhuMlJTc3ZCckhNVWtNd1htX1p2ZHBfYVdCV1U2OFZKUGlmOUJjNkdRQ2M4dnNIcnA2d3R4Qk9TUHk3TVlaUXNheHFocGh1eVFL?oc=5),Intolerancia fatal en Montería: Asesinaron a ingeniero civil que medió en accidente de tránsito Caracol Radio,6febdaedeb943ebea3edc53eb2dedd2500bf3b2775117186d64dc2417b451e4d,2026-08-13 17:04:49
12,🟡 Pendiente (Verificar Noticia),2026-08-13,2026-08-13,larazon.co,Choque múltiple deja cuatro personas heridas en la vía Montería–Arboletes - larazon.co,Montería (Casco Urbano / Sector en investigación),Montería (Casco Urbano / Sector en investigación),,Montería,No especificado,0,4,Baja (Centroide General Montería),8.7508,-75.8814,https://news.google.com/rss/articles/CBMivAFBVV95cUxOXy0wQmdiTk5aemlDdzM1eTNHdmlGTGRYc1kwWTBtWHBGcjJ0NmFKMW50MnEtVnVOSEE3YWNlaXctQTk2RVI4aEpwNE53R1d4a3lGaFYyX0hJd1RYUF8wQ0s2MlRSSXhwSFlOMmFfSjZWcWdwd1lWMkFHTFo4NGJjaHZTTUFPX3drQjR3bHA0WHNYY3dKR201TXJBN2ZGdUN2RFhtbF9VTi1lNWhFVlJNc1c3Z2hqSzV3Y053Tg?oc=5,"<a href=""https://news.google.com/rss/articles/CBMivAFBVV95cUxOXy0wQmdiTk5aemlDdzM1eTNHdmlGTGRYc1kwWTBtWHBGcjJ0NmFKMW50MnEtVnVOSEE3YWNlaXctQTk2RVI4aEpwNE53R1d4a3lGaFYyX0hJd1RYUF8wQ0s2MlRSSXhwSFlOMmFfSjZWcWdwd1lWMkFHTFo4NGJjaHZTTUFPX3drQjR3bHA0WHNYY3dKR201TXJBN2ZGdUN2RFhtbF9VTi1lNWhFVlJNc1c3Z2hqSzV3Y053Tg?oc=5"" target=""_blank"" class=""btn-link"">🔗 Abrir Noticia</a>",[🔗 Abrir Noticia](https://news.google.com/rss/articles/CBMivAFBVV95cUxOXy0wQmdiTk5aemlDdzM1eTNHdmlGTGRYc1kwWTBtWHBGcjJ0NmFKMW50MnEtVnVOSEE3YWNlaXctQTk2RVI4aEpwNE53R1d4a3lGaFYyX0hJd1RYUF8wQ0s2MlRSSXhwSFlOMmFfSjZWcWdwd1lWMkFHTFo4NGJjaHZTTUFPX3drQjR3bHA0WHNYY3dKR201TXJBN2ZGdUN2RFhtbF9VTi1lNWhFVlJNc1c3Z2hqSzV3Y053Tg?oc=5),Choque múltiple deja cuatro personas heridas en la vía Montería–Arboletes larazon.co,9ae998080348f52927220e37ad2089c44eee235cc9f9e6825d86688ee5967f32,2026-08-13 17:04:49
13,🟡 Pendiente (Verificar Noticia),2026-08-13,2026-08-13,El Meridiano,María José y Adriana fueron las víctimas del accidente - El Meridiano,Montería (Casco Urbano / Sector en investigación),Montería (Casco Urbano / Sector en investigación),,Montería,No especificado,0,0,Baja (Centroide General Montería),8.7508,-75.8814,https://news.google.com/rss/articles/CBMiowFBVV95cUxQVUJROUhzYlQxY0ZhWHEyX1o5M2U5RHY4UGY3VkZTX1FiYXVUN0MyR1NoS3pVZUpRZ2g1X1EtZ0F3dUVZNFhWTVlMUFI1R180RTZleWtHLWNZdXlORUpwLXU5Z3lwaTdSdXFDLVBwcVdSMjlteGhkQlU0TXY4aHZYd3MtUmdEd19NNmp6OV85Z2t3aTR1SFNnN0d4QnBIQVpkZ1k4?oc=5,"<a href=""https://news.google.com/rss/articles/CBMiowFBVV95cUxQVUJROUhzYlQxY0ZhWHEyX1o5M2U5RHY4UGY3VkZTX1FiYXVUN0MyR1NoS3pVZUpRZ2g1X1EtZ0F3dUVZNFhWTVlMUFI1R180RTZleWtHLWNZdXlORUpwLXU5Z3lwaTdSdXFDLVBwcVdSMjlteGhkQlU0TXY4aHZYd3MtUmdEd19NNmp6OV85Z2t3aTR1SFNnN0d4QnBIQVpkZ1k4?oc=5"" target=""_blank"" class=""btn-link"">🔗 Abrir Noticia</a>",[🔗 Abrir Noticia](https://news.google.com/rss/articles/CBMiowFBVV95cUxQVUJROUhzYlQxY0ZhWHEyX1o5M2U5RHY4UGY3VkZTX1FiYXVUN0MyR1NoS3pVZUpRZ2g1X1EtZ0F3dUVZNFhWTVlMUFI1R180RTZleWtHLWNZdXlORUpwLXU5Z3lwaTdSdXFDLVBwcVdSMjlteGhkQlU0TXY4aHZYd3MtUmdEd19NNmp6OV85Z2t3aTR1SFNnN0d4QnBIQVpkZ1k4?oc=5),María José y Adriana fueron las víctimas del accidente El Meridiano,e8b10431651fd2ebe4d0b31a7deb919a7dfd913779cf9a38b3a96716b390f18f,2026-08-13 17:04:49
14,🟡 Pendiente (Verificar Noticia),2026-08-13,2026-08-13,Caracol Radio,Tres personas muertas y una menor herida deja grave accidente de tránsito en la vía Cereté – Ciénaga - Caracol Radio,"Municipio de Cereté, Córdoba","Municipio de Cereté, Córdoba",,Cereté,No especificado,0,1,Media (Centroide Municipio Córdoba),8.8844,-75.7908,https://news.google.com/rss/articles/CBMizgFBVV95cUxNLXZPU1o1cGl0TGx5WW1SMXhaaFRkdjd4S1FxT1pEWFhvcDJfZjBhNDZWR1dnVTVwWG0zak1BSlcyYkdEVlk3WDBINHlyS2E4ZkdpclRiaUQ1eFpuZGh3cE5UUG1ENDAyblI3bDlSR2RQZDRzUGFLU0NrZFZlX3FmeDF0eXN2SjFLTU9DZnQ2TF8zTG9Od256TFB2NjNsUWJjZUZ3aUI2YlJWQ3BFZFhLcGI0eEdzM1RhQndSdmtzbURkRk5TenVEVUo0bi1KZ9IB4gFBVV95cUxOdnBKN2tsczU3VVhxVDdRWjJsOFp2aUZERkJkamo5SENYR21PYzZkTWVOeERob09wa0FyQ1dXUWFTMVgwLWhJQjNaZEpwbnVWYjRhMU9HZ3BCSGlwNm5raDU0UW9ZYVl0Ni1Pa19wTlBMREtkc2xJZTZqSWxXQW95c05XOW5UNU5sNGlTbWFacVB3NDl0M0NrdUhCUEt2ZFlncEhJaHY1b1g1X0NhT1Q2Skhodm5VTGhldVQ0Y2dFSTh2VVpVTmU5UzBfdEhaRFZNLTNfRENXVnNDTUJYWWJhSjhB?oc=5,"<a href=""https://news.google.com/rss/articles/CBMizgFBVV95cUxNLXZPU1o1cGl0TGx5WW1SMXhaaFRkdjd4S1FxT1pEWFhvcDJfZjBhNDZWR1dnVTVwWG0zak1BSlcyYkdEVlk3WDBINHlyS2E4ZkdpclRiaUQ1eFpuZGh3cE5UUG1ENDAyblI3bDlSR2RQZDRzUGFLU0NrZFZlX3FmeDF0eXN2SjFLTU9DZnQ2TF8zTG9Od256TFB2NjNsUWJjZUZ3aUI2YlJWQ3BFZFhLcGI0eEdzM1RhQndSdmtzbURkRk5TenVEVUo0bi1KZ9IB4gFBVV95cUxOdnBKN2tsczU3VVhxVDdRWjJsOFp2aUZERkJkamo5SENYR21PYzZkTWVOeERob09wa0FyQ1dXUWFTMVgwLWhJQjNaZEpwbnVWYjRhMU9HZ3BCSGlwNm5raDU0UW9ZYVl0Ni1Pa19wTlBMREtkc2xJZTZqSWxXQW95c05XOW5UNU5sNGlTbWFacVB3NDl0M0NrdUhCUEt2ZFlncEhJaHY1b1g1X0NhT1Q2Skhodm5VTGhldVQ0Y2dFSTh2VVpVTmU5UzBfdEhaRFZNLTNfRENXVnNDTUJYWWJhSjhB?oc=5"" target=""_blank"" class=""btn-link"">🔗 Abrir Noticia</a>",[🔗 Abrir Noticia](https://news.google.com/rss/articles/CBMizgFBVV95cUxNLXZPU1o1cGl0TGx5WW1SMXhaaFRkdjd4S1FxT1pEWFhvcDJfZjBhNDZWR1dnVTVwWG0zak1BSlcyYkdEVlk3WDBINHlyS2E4ZkdpclRiaUQ1eFpuZGh3cE5UUG1ENDAyblI3bDlSR2RQZDRzUGFLU0NrZFZlX3FmeDF0eXN2SjFLTU9DZnQ2TF8zTG9Od256TFB2NjNsUWJjZUZ3aUI2YlJWQ3BFZFhLcGI0eEdzM1RhQndSdmtzbURkRk5TenVEVUo0bi1KZ9IB4gFBVV95cUxOdnBKN2tsczU3VVhxVDdRWjJsOFp2aUZERkJkamo5SENYR21PYzZkTWVOeERob09wa0FyQ1dXUWFTMVgwLWhJQjNaZEpwbnVWYjRhMU9HZ3BCSGlwNm5raDU0UW9ZYVl0Ni1Pa19wTlBMREtkc2xJZTZqSWxXQW95c05XOW5UNU5sNGlTbWFacVB3NDl0M0NrdUhCUEt2ZFlncEhJaHY1b1g1X0NhT1Q2Skhodm5VTGhldVQ0Y2dFSTh2VVpVTmU5UzBfdEhaRFZNLTNfRENXVnNDTUJYWWJhSjhB?oc=5),Tres personas muertas y una menor herida deja grave accidente de tránsito en la vía Cereté – Ciénaga Caracol Radio,4cd1b0c02875d6881662f504c88cd95ffba0593bd1511556c081580fb70f8ccf,2026-08-13 17:04:49
15,🟡 Pendiente (Verificar Noticia),2026-08-13,2026-08-13,larazon.co,Muere motociclista en choque frontal en la vía Montería–Planeta Rica - larazon.co,"Municipio de Planeta Rica, Córdoba","Municipio de Planeta Rica, Córdoba",,Montería,No especificado,0,0,Baja (Centroide General Montería),8.7508,-75.8814,https://news.google.com/rss/articles/CBMijgFBVV95cUxPWGJmazBtdDJDVFprakZ4X3FkUXItbzI2WlFZcU5UeGE1aTlNbzlBNGZTcXVuTWxBcjhrdW5JM00wbEliZDY3cG1oZ1hhUVYxbkx5OE5EWXNUQ21hRDg1RWlYbjBtQjh6TW1sRWxXcVc2dF91bk1DNWVQbVBaRzNSTG4tcF9QVXdiWmVyaF93?oc=5,"<a href=""https://news.google.com/rss/articles/CBMijgFBVV95cUxPWGJmazBtdDJDVFprakZ4X3FkUXItbzI2WlFZcU5UeGE1aTlNbzlBNGZTcXVuTWxBcjhrdW5JM00wbEliZDY3cG1oZ1hhUVYxbkx5OE5EWXNUQ21hRDg1RWlYbjBtQjh6TW1sRWxXcVc2dF91bk1DNWVQbVBaRzNSTG4tcF9QVXdiWmVyaF93?oc=5"" target=""_blank"" class=""btn-link"">🔗 Abrir Noticia</a>",[🔗 Abrir Noticia](https://news.google.com/rss/articles/CBMijgFBVV95cUxPWGJmazBtdDJDVFprakZ4X3FkUXItbzI2WlFZcU5UeGE1aTlNbzlBNGZTcXVuTWxBcjhrdW5JM00wbEliZDY3cG1oZ1hhUVYxbkx5OE5EWXNUQ21hRDg1RWlYbjBtQjh6TW1sRWxXcVc2dF91bk1DNWVQbVBaRzNSTG4tcF9QVXdiWmVyaF93?oc=5),Muere motociclista en choque frontal en la vía Montería–Planeta Rica larazon.co,f499e5db38162d0a09534b446d94e7721b23681bb219ac26ba03129455c75bd4,2026-08-13 17:04:49
16,🟡 Pendiente (Verificar Noticia),2026-08-13,2026-08-13,larazon.co,Conductor de empresa de mensajería resulta herido tras colisionar con poste en variante de Montería - larazon.co,Montería (Casco Urbano / Sector en investigación),Montería (Casco Urbano / Sector en investigación),,Montería,No especificado,0,1,Baja (Centroide General Montería),8.7508,-75.8814,https://news.google.com/rss/articles/CBMiuwFBVV95cUxQWWdMa1ZUckFZYkFCYjhYQ2lMa21yc0duc3Q1WTYtNzlLbktNTjdFbkloSnBlc3NnQ3R4N2VPbVhZVUwzcmpUOXQzbVJGZ0FXVURzb3o3VkZ1dTJwZzc0MWY0VmZTSkJMaGM2dzZMNWxSVktEV2V1ck9iMzBSVm9HYVZ2NUo5TDUzeFBpdHh3cEpsWURhTkFBdXduSHM0TDFDMDAtV3hLeWFWOHh1UHcyQmRzTTFWUnhqVXUw?oc=5,"<a href=""https://news.google.com/rss/articles/CBMiuwFBVV95cUxQWWdMa1ZUckFZYkFCYjhYQ2lMa21yc0duc3Q1WTYtNzlLbktNTjdFbkloSnBlc3NnQ3R4N2VPbVhZVUwzcmpUOXQzbVJGZ0FXVURzb3o3VkZ1dTJwZzc0MWY0VmZTSkJMaGM2dzZMNWxSVktEV2V1ck9iMzBSVm9HYVZ2NUo5TDUzeFBpdHh3cEpsWURhTkFBdXduSHM0TDFDMDAtV3hLeWFWOHh1UHcyQmRzTTFWUnhqVXUw?oc=5"" target=""_blank"" class=""btn-link"">🔗 Abrir Noticia</a>",[🔗 Abrir Noticia](https://news.google.com/rss/articles/CBMiuwFBVV95cUxQWWdMa1ZUckFZYkFCYjhYQ2lMa21yc0duc3Q1WTYtNzlLbktNTjdFbkloSnBlc3NnQ3R4N2VPbVhZVUwzcmpUOXQzbVJGZ0FXVURzb3o3VkZ1dTJwZzc0MWY0VmZTSkJMaGM2dzZMNWxSVktEV2V1ck9iMzBSVm9HYVZ2NUo5TDUzeFBpdHh3cEpsWURhTkFBdXduSHM0TDFDMDAtV3hLeWFWOHh1UHcyQmRzTTFWUnhqVXUw?oc=5),Conductor de empresa de mensajería resulta herido tras colisionar con poste en variante de Montería larazon.co,6fe9537ed94feb35beb8df26fe1aa7088626b4750754913e47ac5210cd96626a,2026-08-13 17:04:49
17,🟡 Pendiente (Verificar Noticia),2026-08-13,2026-08-13,larazon.co,Mujer murió en choque entre motocicleta y volqueta en la vía Tierralta-Montería - larazon.co,"Municipio de Tierralta, Córdoba","Municipio de Tierralta, Córdoba",,Montería,"Motocicleta, Camión / Carga",1,0,Baja (Centroide General Montería),8.7508,-75.8814,https://news.google.com/rss/articles/CBMioAFBVV95cUxOVWZac3djc1dhaVNmajF1MTY5Nnp6bTk5cFp2OXNxLVBFak5JSkQtbDk1bzgwWDBhQzJNS2g2Y3BPdF9kblJMRlBLNV9Odk1DdEYydUpyY3R2R3IyZENrUy13X05xRENFSHlwVlpUdENNNVBlNF9HTEdIMEpPeUFjVGRNaGt2d0UwQTVtQWZoa2VvYzVORVh4RzNoWUh6cExJ?oc=5,"<a href=""https://news.google.com/rss/articles/CBMioAFBVV95cUxOVWZac3djc1dhaVNmajF1MTY5Nnp6bTk5cFp2OXNxLVBFak5JSkQtbDk1bzgwWDBhQzJNS2g2Y3BPdF9kblJMRlBLNV9Odk1DdEYydUpyY3R2R3IyZENrUy13X05xRENFSHlwVlpUdENNNVBlNF9HTEdIMEpPeUFjVGRNaGt2d0UwQTVtQWZoa2VvYzVORVh4RzNoWUh6cExJ?oc=5"" target=""_blank"" class=""btn-link"">🔗 Abrir Noticia</a>",[🔗 Abrir Noticia](https://news.google.com/rss/articles/CBMioAFBVV95cUxOVWZac3djc1dhaVNmajF1MTY5Nnp6bTk5cFp2OXNxLVBFak5JSkQtbDk1bzgwWDBhQzJNS2g2Y3BPdF9kblJMRlBLNV9Odk1DdEYydUpyY3R2R3IyZENrUy13X05xRENFSHlwVlpUdENNNVBlNF9HTEdIMEpPeUFjVGRNaGt2d0UwQTVtQWZoa2VvYzVORVh4RzNoWUh6cExJ?oc=5),Mujer murió en choque entre motocicleta y volqueta en la vía Tierralta-Montería larazon.co,0a164c4095e3a3be4fed0145bcbe285618c9587856b43b2126370a1a0af4ac51,2026-08-13 17:04:49
18,🟡 Pendiente (Verificar Noticia),2026-08-13,2026-08-13,larazon.co,"Córdoba registra casi un muerto por día en accidentes durante mayo, tragedias viales en ascenso - larazon.co",Montería (Casco Urbano / Sector en investigación),Montería (Casco Urbano / Sector en investigación),,Montería,No especificado,1,0,Baja (Centroide General Montería),8.7508,-75.8814,https://news.google.com/rss/articles/CBMitAFBVV95cUxObmhrZ3BuazhieFkwbjJhUHhxeU5pdGxuTFFBenBBR0xPbFRtbFEtOXdocTZCZ0JjUV9NUFM3S0FhZ3JJV2cwa19LeGhqNFplbmsyOEJYRlBScjlWMTlaUl9kZUNfWjBSTG9OMXF6RURvR2x5b2xBZkpZQjRST2trVnpDUFhUX1VmT3hsM1hRazVEZVZOUTBTRmJlMEhyLU0tSmo4b09xamd5Y3cyckt5a3JTcEw?oc=5,"<a href=""https://news.google.com/rss/articles/CBMitAFBVV95cUxObmhrZ3BuazhieFkwbjJhUHhxeU5pdGxuTFFBenBBR0xPbFRtbFEtOXdocTZCZ0JjUV9NUFM3S0FhZ3JJV2cwa19LeGhqNFplbmsyOEJYRlBScjlWMTlaUl9kZUNfWjBSTG9OMXF6RURvR2x5b2xBZkpZQjRST2trVnpDUFhUX1VmT3hsM1hRazVEZVZOUTBTRmJlMEhyLU0tSmo4b09xamd5Y3cyckt5a3JTcEw?oc=5"" target=""_blank"" class=""btn-link"">🔗 Abrir Noticia</a>",[🔗 Abrir Noticia](https://news.google.com/rss/articles/CBMitAFBVV95cUxObmhrZ3BuazhieFkwbjJhUHhxeU5pdGxuTFFBenBBR0xPbFRtbFEtOXdocTZCZ0JjUV9NUFM3S0FhZ3JJV2cwa19LeGhqNFplbmsyOEJYRlBScjlWMTlaUl9kZUNfWjBSTG9OMXF6RURvR2x5b2xBZkpZQjRST2trVnpDUFhUX1VmT3hsM1hRazVEZVZOUTBTRmJlMEhyLU0tSmo4b09xamd5Y3cyckt5a3JTcEw?oc=5),"Córdoba registra casi un muerto por día en accidentes durante mayo, tragedias viales en ascenso larazon.co",e6b15241eb5c040397a6b0c57d4aa2e98caa410aa89165fb262a5035d98dff7f,2026-08-13 17:04:49
19,🟡 Pendiente (Verificar Noticia),2026-08-13,2026-08-13,larazon.co,Murió adolescente que luchó seis días por su vida tras accidente en Montería - larazon.co,Montería (Casco Urbano / Sector en investigación),Montería (Casco Urbano / Sector en investigación),,Montería,No especificado,1,0,Baja (Centroide General Montería),8.7508,-75.8814,https://news.google.com/rss/articles/CBMinAFBVV95cUxQMDBzUnMxNXhxUWRkUFdwZ2xPWmZDckgtX1MwZ1JZdFZzYVllMHViX1o2THBkcmZLN2dBU3ptODlGYUdpbGh3QkJVRkxOM050QlV6NlprajZCNFdHRnhTQktEc2lxYVBvRVRyYkg2RUduakJWbDI1b1hZZ3hsOG41VlliVmg3U0g5Qk00MkMzWmRGalhnZVF2QWVRaXg?oc=5,"<a href=""https://news.google.com/rss/articles/CBMinAFBVV95cUxQMDBzUnMxNXhxUWRkUFdwZ2xPWmZDckgtX1MwZ1JZdFZzYVllMHViX1o2THBkcmZLN2dBU3ptODlGYUdpbGh3QkJVRkxOM050QlV6NlprajZCNFdHRnhTQktEc2lxYVBvRVRyYkg2RUduakJWbDI1b1hZZ3hsOG41VlliVmg3U0g5Qk00MkMzWmRGalhnZVF2QWVRaXg?oc=5"" target=""_blank"" class=""btn-link"">🔗 Abrir Noticia</a>",[🔗 Abrir Noticia](https://news.google.com/rss/articles/CBMinAFBVV95cUxQMDBzUnMxNXhxUWRkUFdwZ2xPWmZDckgtX1MwZ1JZdFZzYVllMHViX1o2THBkcmZLN2dBU3ptODlGYUdpbGh3QkJVRkxOM050QlV6NlprajZCNFdHRnhTQktEc2lxYVBvRVRyYkg2RUduakJWbDI1b1hZZ3hsOG41VlliVmg3U0g5Qk00MkMzWmRGalhnZVF2QWVRaXg?oc=5),Murió adolescente que luchó seis días por su vida tras accidente en Montería larazon.co,5cf1c58aa303eed43de37f92e58b6ed5b8123f9612816f0b4fadf9077f3cacc5,2026-08-13 17:04:49
20,🟡 Pendiente (Verificar Noticia),2026-08-13,2026-08-13,larazon.co,Mujer falleció y otras 5 personas resultaron heridas en accidente de tránsito en Montería - larazon.co,Montería (Casco Urbano / Sector en investigación),Montería (Casco Urbano / Sector en investigación),,Montería,No especificado,1,1,Baja (Centroide General Montería),8.7508,-75.8814,https://news.google.com/rss/articles/CBMirgFBVV95cUxPTHJXd2xidFYxZUs2cC12alNkb1Iwcmd4ajFZSWgyUTMwdWpyRWJlVFIzejFQWlFSSHVfWHAxOXEwakdLWUZFaFd0ai1xV3A1eTFZZ1RSN3QxZEpXUXFObjhJN1RpSVc1RmVVc2dRUGh2MkxUcl83NGN6WlFfc1dJNi1ZeFppQXMySWpESUtSTnpzblZEdEVFLWt4TmxFM0JjbnkyZ1lVOURmWUlUSUE?oc=5,"<a href=""https://news.google.com/rss/articles/CBMirgFBVV95cUxPTHJXd2xidFYxZUs2cC12alNkb1Iwcmd4ajFZSWgyUTMwdWpyRWJlVFIzejFQWlFSSHVfWHAxOXEwakdLWUZFaFd0ai1xV3A1eTFZZ1RSN3QxZEpXUXFObjhJN1RpSVc1RmVVc2dRUGh2MkxUcl83NGN6WlFfc1dJNi1ZeFppQXMySWpESUtSTnpzblZEdEVFLWt4TmxFM0JjbnkyZ1lVOURmWUlUSUE?oc=5"" target=""_blank"" class=""btn-link"">🔗 Abrir Noticia</a>",[🔗 Abrir Noticia](https://news.google.com/rss/articles/CBMirgFBVV95cUxPTHJXd2xidFYxZUs2cC12alNkb1Iwcmd4ajFZSWgyUTMwdWpyRWJlVFIzejFQWlFSSHVfWHAxOXEwakdLWUZFaFd0ai1xV3A1eTFZZ1RSN3QxZEpXUXFObjhJN1RpSVc1RmVVc2dRUGh2MkxUcl83NGN6WlFfc1dJNi1ZeFppQXMySWpESUtSTnpzblZEdEVFLWt4TmxFM0JjbnkyZ1lVOURmWUlUSUE?oc=5),Mujer falleció y otras 5 personas resultaron heridas en accidente de tránsito en Montería larazon.co,8c8cb30c691c8ca1517f0a14743794ec1147010f4213b6b53f6acc04f0d46a59,2026-08-13 17:04:49
21,🟡 Pendiente (Verificar Noticia),2026-08-13,2026-08-13,Caracol Radio,Trágico inicio de 2026 en Tierralta: tres personas fallecidas en accidentes en la vía a Urrá - Caracol Radio,"Municipio de Tierralta, Córdoba","Municipio de Tierralta, Córdoba",,Tierralta,No especificado,0,0,Media (Centroide Municipio Córdoba),8.1722,-76.0594,https://news.google.com/rss/articles/CBMixAFBVV95cUxPY2VaYnQ1VEJHUFdoT0pVbGoycWd2cl9taExGYVRHZlhrUU0yc2NDUzEwazdsR2d2dDhmX2JvSXRzbjhnd1IxclpMRFh6OUkzRkZHSXY2N2JyaTc0aXlJd2pWTkFXS05haWJhRlF4N1lqR2ducXhkYjhWQi1JaHQyZ0JWdUxtcnZUZUh1NGdpajZ3ZkE2QXRySFlFUGlkUmlsaXZRUjFzdUpBNmZTN1BDb3VhZXE3cDhseDVra3J3b3lDMm1y0gHYAUFVX3lxTFBKTWpOQ2dELWZocVpkWUU2bHFJT3VNNzRSSWlIMkVhWDk2Y0pOblowcEoxMjBieEpYeFp5REtNOUpTZ09BblZHWGpWMTA5VmxJZVA0THJzc05PSC1kUHk5X0VvVWxjR1F0UHQ3RnFOT25KTnVBWXIwY2xkTHp2N3UybkcweFJNSmY0VTNtcXlYczJZRXNZaUFwek1TY01tazVXSmd3cEtIaFRRWXFndmJZS3J4REVteklwYmJGMEFRdllsdmZXQ1c4TzViRURtR1A3NGIzME5Jbw?oc=5,"<a href=""https://news.google.com/rss/articles/CBMixAFBVV95cUxPY2VaYnQ1VEJHUFdoT0pVbGoycWd2cl9taExGYVRHZlhrUU0yc2NDUzEwazdsR2d2dDhmX2JvSXRzbjhnd1IxclpMRFh6OUkzRkZHSXY2N2JyaTc0aXlJd2pWTkFXS05haWJhRlF4N1lqR2ducXhkYjhWQi1JaHQyZ0JWdUxtcnZUZUh1NGdpajZ3ZkE2QXRySFlFUGlkUmlsaXZRUjFzdUpBNmZTN1BDb3VhZXE3cDhseDVra3J3b3lDMm1y0gHYAUFVX3lxTFBKTWpOQ2dELWZocVpkWUU2bHFJT3VNNzRSSWlIMkVhWDk2Y0pOblowcEoxMjBieEpYeFp5REtNOUpTZ09BblZHWGpWMTA5VmxJZVA0THJzc05PSC1kUHk5X0VvVWxjR1F0UHQ3RnFOT25KTnVBWXIwY2xkTHp2N3UybkcweFJNSmY0VTNtcXlYczJZRXNZaUFwek1TY01tazVXSmd3cEtIaFRRWXFndmJZS3J4REVteklwYmJGMEFRdllsdmZXQ1c4TzViRURtR1A3NGIzME5Jbw?oc=5"" target=""_blank"" class=""btn-link"">🔗 Abrir Noticia</a>",[🔗 Abrir Noticia](https://news.google.com/rss/articles/CBMixAFBVV95cUxPY2VaYnQ1VEJHUFdoT0pVbGoycWd2cl9taExGYVRHZlhrUU0yc2NDUzEwazdsR2d2dDhmX2JvSXRzbjhnd1IxclpMRFh6OUkzRkZHSXY2N2JyaTc0aXlJd2pWTkFXS05haWJhRlF4N1lqR2ducXhkYjhWQi1JaHQyZ0JWdUxtcnZUZUh1NGdpajZ3ZkE2QXRySFlFUGlkUmlsaXZRUjFzdUpBNmZTN1BDb3VhZXE3cDhseDVra3J3b3lDMm1y0gHYAUFVX3lxTFBKTWpOQ2dELWZocVpkWUU2bHFJT3VNNzRSSWlIMkVhWDk2Y0pOblowcEoxMjBieEpYeFp5REtNOUpTZ09BblZHWGpWMTA5VmxJZVA0THJzc05PSC1kUHk5X0VvVWxjR1F0UHQ3RnFOT25KTnVBWXIwY2xkTHp2N3UybkcweFJNSmY0VTNtcXlYczJZRXNZaUFwek1TY01tazVXSmd3cEtIaFRRWXFndmJZS3J4REVteklwYmJGMEFRdllsdmZXQ1c4TzViRURtR1A3NGIzME5Jbw?oc=5),Trágico inicio de 2026 en Tierralta: tres personas fallecidas en accidentes en la vía a Urrá Caracol Radio,dfe40ef9a618c47c065af6f4a19a4feebb4639a8de91b829bcd86e6afad7dc0f,2026-08-13 17:04:49
22,🟡 Pendiente (Verificar Noticia),2026-08-13,2026-08-13,larazon.co,"Dos niños de 2 y 3 años, entre los 14 heridos del accidente en la vía Buenavista-La Apartada - larazon.co",Montería (Casco Urbano / Sector en investigación),Montería (Casco Urbano / Sector en investigación),,Montería,No especificado,0,1,Baja (Centroide General Montería),8.7508,-75.8814,https://news.google.com/rss/articles/CBMisAFBVV95cUxQeDJEYURkRzN6eDlUMGx5UG1ib1BHMHhYc1phYWo2anhLbnJFWU15eVJlNUhIZF9VVzQzVURWMGszVU9NNTRuSnNna2JETDgzdFNnSGxjV3h0a3A1S0wyb3F1OXQ0VTZ0M3JsYUhwVVV4b0xyQklRTU5QckRRUEhZWGoyVXl5ZWk1eUVLWllBSFExQ1ZZa1BnN2czOWo2RHFpTU1zUHFsZ2J3S2F4V0p1Qg?oc=5,"<a href=""https://news.google.com/rss/articles/CBMisAFBVV95cUxQeDJEYURkRzN6eDlUMGx5UG1ib1BHMHhYc1phYWo2anhLbnJFWU15eVJlNUhIZF9VVzQzVURWMGszVU9NNTRuSnNna2JETDgzdFNnSGxjV3h0a3A1S0wyb3F1OXQ0VTZ0M3JsYUhwVVV4b0xyQklRTU5QckRRUEhZWGoyVXl5ZWk1eUVLWllBSFExQ1ZZa1BnN2czOWo2RHFpTU1zUHFsZ2J3S2F4V0p1Qg?oc=5"" target=""_blank"" class=""btn-link"">🔗 Abrir Noticia</a>",[🔗 Abrir Noticia](https://news.google.com/rss/articles/CBMisAFBVV95cUxQeDJEYURkRzN6eDlUMGx5UG1ib1BHMHhYc1phYWo2anhLbnJFWU15eVJlNUhIZF9VVzQzVURWMGszVU9NNTRuSnNna2JETDgzdFNnSGxjV3h0a3A1S0wyb3F1OXQ0VTZ0M3JsYUhwVVV4b0xyQklRTU5QckRRUEhZWGoyVXl5ZWk1eUVLWllBSFExQ1ZZa1BnN2czOWo2RHFpTU1zUHFsZ2J3S2F4V0p1Qg?oc=5),"Dos niños de 2 y 3 años, entre los 14 heridos del accidente en la vía Buenavista-La Apartada larazon.co",4af4a6bbd58c5a856df148a675ed203df8a27ec08480aa18218ad49e16d969ae,2026-08-13 17:04:49
23,🟡 Pendiente (Verificar Noticia),2026-08-13,2026-08-13,larazon.co,Joven murió a dos cuadras de su casa en accidente en el día de Navidad en Montería - larazon.co,Montería (Casco Urbano / Sector en investigación),Montería (Casco Urbano / Sector en investigación),,Montería,No especificado,1,0,Baja (Centroide General Montería),8.7508,-75.8814,https://news.google.com/rss/articles/CBMipAFBVV95cUxPMW5qVkJJWlUxX20xNnpFSzVXaEVrZGY5LU5Da2xtVEU1NG1QTDNwOVFfZTE4Um4zR3RURXZaRTJaU21iWjlZU1ZlM2VIX2xxdWZhcHFhanhqcmJSMUVVN0RrR3Rac0ZaaWlsYlQ3UlpyUUF4TW1zYjRGczd6QXJOdGp5X2ktNzFjUkxseEhtZHpYeUpJNlRDbENYX0tDTkJUTjd3bw?oc=5,"<a href=""https://news.google.com/rss/articles/CBMipAFBVV95cUxPMW5qVkJJWlUxX20xNnpFSzVXaEVrZGY5LU5Da2xtVEU1NG1QTDNwOVFfZTE4Um4zR3RURXZaRTJaU21iWjlZU1ZlM2VIX2xxdWZhcHFhanhqcmJSMUVVN0RrR3Rac0ZaaWlsYlQ3UlpyUUF4TW1zYjRGczd6QXJOdGp5X2ktNzFjUkxseEhtZHpYeUpJNlRDbENYX0tDTkJUTjd3bw?oc=5"" target=""_blank"" class=""btn-link"">🔗 Abrir Noticia</a>",[🔗 Abrir Noticia](https://news.google.com/rss/articles/CBMipAFBVV95cUxPMW5qVkJJWlUxX20xNnpFSzVXaEVrZGY5LU5Da2xtVEU1NG1QTDNwOVFfZTE4Um4zR3RURXZaRTJaU21iWjlZU1ZlM2VIX2xxdWZhcHFhanhqcmJSMUVVN0RrR3Rac0ZaaWlsYlQ3UlpyUUF4TW1zYjRGczd6QXJOdGp5X2ktNzFjUkxseEhtZHpYeUpJNlRDbENYX0tDTkJUTjd3bw?oc=5),Joven murió a dos cuadras de su casa en accidente en el día de Navidad en Montería larazon.co,7008272f3615997de9322123398aaee94bbfb32702d9ea70b258c02a6aa22754,2026-08-13 17:04:49
24,🟡 Pendiente (Verificar Noticia),2026-08-13,2026-08-13,larazon.co,Mujer que sufrió accidente automovilístico en Ciénaga de Oro falleció - larazon.co,"Municipio de Ciénaga de Oro, Córdoba","Municipio de Ciénaga de Oro, Córdoba",,Ciénaga de Oro,No especificado,1,0,Media (Centroide Municipio Córdoba),8.8786,-75.6231,https://news.google.com/rss/articles/CBMikwFBVV95cUxNWlBXcjhDRzFiMmZrZExldndySUVnMWhXSUVTa1JaR2tlU0J6RVZDb1VvWGdITnBBaGFFV1Ruc21mUXRXck1vaWpyQXYwZjFQMVRUZWMwenhHRWR1OXFZcDZvTzZpVEpsRmw3bkhwcUhxVFRHWWNVTHhRUzk1Tml2YkpYaE9QTU04OUdUZkM4bjBiNDA?oc=5,"<a href=""https://news.google.com/rss/articles/CBMikwFBVV95cUxNWlBXcjhDRzFiMmZrZExldndySUVnMWhXSUVTa1JaR2tlU0J6RVZDb1VvWGdITnBBaGFFV1Ruc21mUXRXck1vaWpyQXYwZjFQMVRUZWMwenhHRWR1OXFZcDZvTzZpVEpsRmw3bkhwcUhxVFRHWWNVTHhRUzk1Tml2YkpYaE9QTU04OUdUZkM4bjBiNDA?oc=5"" target=""_blank"" class=""btn-link"">🔗 Abrir Noticia</a>",[🔗 Abrir Noticia](https://news.google.com/rss/articles/CBMikwFBVV95cUxNWlBXcjhDRzFiMmZrZExldndySUVnMWhXSUVTa1JaR2tlU0J6RVZDb1VvWGdITnBBaGFFV1Ruc21mUXRXck1vaWpyQXYwZjFQMVRUZWMwenhHRWR1OXFZcDZvTzZpVEpsRmw3bkhwcUhxVFRHWWNVTHhRUzk1Tml2YkpYaE9QTU04OUdUZkM4bjBiNDA?oc=5),Mujer que sufrió accidente automovilístico en Ciénaga de Oro falleció larazon.co,4779870a971895bb4840c912378bb9bf0330e58143b24ba205aea036e66dc0b4,2026-08-13 17:04:49
25,🟡 Pendiente (Verificar Noticia),2026-08-13,2026-08-13,Alcaldía de Montería,"Alcaldía de Montería y Policía Metropolitana realizan controles a piques, autoridades desmienten persecución de motociclista accidentado - Alcaldía de Montería",Montería (Casco Urbano / Sector en investigación),Montería (Casco Urbano / Sector en investigación),,Montería,No especificado,0,0,Baja (Centroide General Montería),8.7508,-75.8814,https://news.google.com/rss/articles/CBMikAJBVV95cUxPbVRyZFVqNFNGSWZHbV9DZEVuVG52OU9qTDFib0FsSkVObGJpN2FHOGVVWHVGQzJ1WWdGdmd1VTQ3NTFEQ0ktcFBXREhPS3Z1SXkxdk1fck5EQ0JaWUVtMzJUQko2bDBBY256aFZueV9lUm5LdXRRd3Fic1k1Rmw2a2R2cE1pdWxnN21POUNYUHRJRUk3NFhqWWRQU1hER01aT285SGhSWE9lUEtDYnBTakZsd3ZWRGNDVmZ0eE9URXdNWjFGbW9qLVh5QnBHQkNpMHgzRm1FYm9pNm03SU9NN2h5MkpJbnNnYlpfZXlVYXRXdHFjaGR6bVBBNGE3U0hlZnliYW1hUUFDU1NXOTlxRg?oc=5,"<a href=""https://news.google.com/rss/articles/CBMikAJBVV95cUxPbVRyZFVqNFNGSWZHbV9DZEVuVG52OU9qTDFib0FsSkVObGJpN2FHOGVVWHVGQzJ1WWdGdmd1VTQ3NTFEQ0ktcFBXREhPS3Z1SXkxdk1fck5EQ0JaWUVtMzJUQko2bDBBY256aFZueV9lUm5LdXRRd3Fic1k1Rmw2a2R2cE1pdWxnN21POUNYUHRJRUk3NFhqWWRQU1hER01aT285SGhSWE9lUEtDYnBTakZsd3ZWRGNDVmZ0eE9URXdNWjFGbW9qLVh5QnBHQkNpMHgzRm1FYm9pNm03SU9NN2h5MkpJbnNnYlpfZXlVYXRXdHFjaGR6bVBBNGE3U0hlZnliYW1hUUFDU1NXOTlxRg?oc=5"" target=""_blank"" class=""btn-link"">🔗 Abrir Noticia</a>",[🔗 Abrir Noticia](https://news.google.com/rss/articles/CBMikAJBVV95cUxPbVRyZFVqNFNGSWZHbV9DZEVuVG52OU9qTDFib0FsSkVObGJpN2FHOGVVWHVGQzJ1WWdGdmd1VTQ3NTFEQ0ktcFBXREhPS3Z1SXkxdk1fck5EQ0JaWUVtMzJUQko2bDBBY256aFZueV9lUm5LdXRRd3Fic1k1Rmw2a2R2cE1pdWxnN21POUNYUHRJRUk3NFhqWWRQU1hER01aT285SGhSWE9lUEtDYnBTakZsd3ZWRGNDVmZ0eE9URXdNWjFGbW9qLVh5QnBHQkNpMHgzRm1FYm9pNm03SU9NN2h5MkpJbnNnYlpfZXlVYXRXdHFjaGR6bVBBNGE3U0hlZnliYW1hUUFDU1NXOTlxRg?oc=5),"Alcaldía de Montería y Policía Metropolitana realizan controles a piques, autoridades desmienten persecución de motociclista accidentado Alcaldía de Montería",63e461daebe9ec4f71f523659a704713eaea238b99ddbd6e9244b39437db18ef,2026-08-13 17:04:49
26,🟡 Pendiente (Verificar Noticia),2026-08-13,2026-08-13,larazon.co,Cinco heridos tras volcamiento de bus Rápido Ochoa en vía Medellín-Montería en Valdivia - larazon.co,Montería (Casco Urbano / Sector en investigación),Montería (Casco Urbano / Sector en investigación),,Montería,Bus / Transporte Público,0,1,Baja (Centroide General Montería),8.7508,-75.8814,https://news.google.com/rss/articles/CBMiqwFBVV95cUxOTlpSSVVVOFhhZFhvVEdiV2lxTnFaWUpkUEVQdk9JTFlFajUxNERmSF8ycjd1aC1kal9qTFlGMVUxOFlhWVoxT2ZrLVhTbEs5ZFROSFRrck9CQlVaS1JUTTBfazJaSWozbkk1VVpYYlg5WnFORGNRQ01CSjhfREY0bWdjemlsNFJUTU5Sd05tYzFqVGxkSHQ4MTI4WVZmQ200dEc1eUxSY0doNXc?oc=5,"<a href=""https://news.google.com/rss/articles/CBMiqwFBVV95cUxOTlpSSVVVOFhhZFhvVEdiV2lxTnFaWUpkUEVQdk9JTFlFajUxNERmSF8ycjd1aC1kal9qTFlGMVUxOFlhWVoxT2ZrLVhTbEs5ZFROSFRrck9CQlVaS1JUTTBfazJaSWozbkk1VVpYYlg5WnFORGNRQ01CSjhfREY0bWdjemlsNFJUTU5Sd05tYzFqVGxkSHQ4MTI4WVZmQ200dEc1eUxSY0doNXc?oc=5"" target=""_blank"" class=""btn-link"">🔗 Abrir Noticia</a>",[🔗 Abrir Noticia](https://news.google.com/rss/articles/CBMiqwFBVV95cUxOTlpSSVVVOFhhZFhvVEdiV2lxTnFaWUpkUEVQdk9JTFlFajUxNERmSF8ycjd1aC1kal9qTFlGMVUxOFlhWVoxT2ZrLVhTbEs5ZFROSFRrck9CQlVaS1JUTTBfazJaSWozbkk1VVpYYlg5WnFORGNRQ01CSjhfREY0bWdjemlsNFJUTU5Sd05tYzFqVGxkSHQ4MTI4WVZmQ200dEc1eUxSY0doNXc?oc=5),Cinco heridos tras volcamiento de bus Rápido Ochoa en vía Medellín-Montería en Valdivia larazon.co,d660cef8f563c0e1588914a01f9d3eff62009578fce7090978ee6be08c5bf9f1,2026-08-13 17:04:49
27,🟡 Pendiente (Verificar Noticia),2026-08-13,2026-08-13,Caracol Radio,La tragedia vuelve a golpear al Alcalde de San Antero: pierde un segundo hijo en accidente vial - Caracol Radio,"Municipio de San Antero, Córdoba","Municipio de San Antero, Córdoba",,San Antero,No especificado,0,0,Media (Centroide Municipio Córdoba),9.3736,-75.7592,https://news.google.com/rss/articles/CBMiyAFBVV95cUxNUzVpSFp4OXhlMHNjOS1aYzZ1TzFJYXg2NzNrTm9RRkEzX3lUZm5QNnF2dGpPdEwzazMyTmFQX0RzLUVMRFhiYWZud1laX2c2Z0FwYnVhOGdLZ2hBRDR5M09ZMVJFV2VhQkxYR1dneFBvOHhkWEs0cENfS2ZWaEVLeFNvUEFrMmNxVVEzdnh3TnpjZTZ2dWlSUDFBMjd0bUctWmRFcDR1TUtVMkc1Rndwek9WXy05R3BpNEpmcFBfTDlUalBidzJRWtIB3AFBVV95cUxOWDQ4MFAycVgtMTc1SzBrdmxWRWZoV29sSnE3bGdzUDBYY1RJUmpfWkYzOGczbXhDLXVldXJNdUszZ0tVUXpsdEtaWjlBZVU0dVUxSmR5dzBFSmFQNlVEVWdHZkFrMko3MmpRZWhVWklMZVBtRlVKSVFNdjViTENFdXRFaU9nV0RSa1J3c2FzdERSSlhKZUtWTWowVWd3RlhVRkRXRDNqRUpydG9GN2sySVoxYzdsaUs1Ulo3UHBKelVVeU5ZaTVFS0NqU2JMY3E4QW4wQmQ0Q0ZmQVBx?oc=5,"<a href=""https://news.google.com/rss/articles/CBMiyAFBVV95cUxNUzVpSFp4OXhlMHNjOS1aYzZ1TzFJYXg2NzNrTm9RRkEzX3lUZm5QNnF2dGpPdEwzazMyTmFQX0RzLUVMRFhiYWZud1laX2c2Z0FwYnVhOGdLZ2hBRDR5M09ZMVJFV2VhQkxYR1dneFBvOHhkWEs0cENfS2ZWaEVLeFNvUEFrMmNxVVEzdnh3TnpjZTZ2dWlSUDFBMjd0bUctWmRFcDR1TUtVMkc1Rndwek9WXy05R3BpNEpmcFBfTDlUalBidzJRWtIB3AFBVV95cUxOWDQ4MFAycVgtMTc1SzBrdmxWRWZoV29sSnE3bGdzUDBYY1RJUmpfWkYzOGczbXhDLXVldXJNdUszZ0tVUXpsdEtaWjlBZVU0dVUxSmR5dzBFSmFQNlVEVWdHZkFrMko3MmpRZWhVWklMZVBtRlVKSVFNdjViTENFdXRFaU9nV0RSa1J3c2FzdERSSlhKZUtWTWowVWd3RlhVRkRXRDNqRUpydG9GN2sySVoxYzdsaUs1Ulo3UHBKelVVeU5ZaTVFS0NqU2JMY3E4QW4wQmQ0Q0ZmQVBx?oc=5"" target=""_blank"" class=""btn-link"">🔗 Abrir Noticia</a>",[🔗 Abrir Noticia](https://news.google.com/rss/articles/CBMiyAFBVV95cUxNUzVpSFp4OXhlMHNjOS1aYzZ1TzFJYXg2NzNrTm9RRkEzX3lUZm5QNnF2dGpPdEwzazMyTmFQX0RzLUVMRFhiYWZud1laX2c2Z0FwYnVhOGdLZ2hBRDR5M09ZMVJFV2VhQkxYR1dneFBvOHhkWEs0cENfS2ZWaEVLeFNvUEFrMmNxVVEzdnh3TnpjZTZ2dWlSUDFBMjd0bUctWmRFcDR1TUtVMkc1Rndwek9WXy05R3BpNEpmcFBfTDlUalBidzJRWtIB3AFBVV95cUxOWDQ4MFAycVgtMTc1SzBrdmxWRWZoV29sSnE3bGdzUDBYY1RJUmpfWkYzOGczbXhDLXVldXJNdUszZ0tVUXpsdEtaWjlBZVU0dVUxSmR5dzBFSmFQNlVEVWdHZkFrMko3MmpRZWhVWklMZVBtRlVKSVFNdjViTENFdXRFaU9nV0RSa1J3c2FzdERSSlhKZUtWTWowVWd3RlhVRkRXRDNqRUpydG9GN2sySVoxYzdsaUs1Ulo3UHBKelVVeU5ZaTVFS0NqU2JMY3E4QW4wQmQ0Q0ZmQVBx?oc=5),La tragedia vuelve a golpear al Alcalde de San Antero: pierde un segundo hijo en accidente vial Caracol Radio,55b611373425889815fd2ff1915fee5eeb3c13b39a3cb0d34dbbbcf483f4efe5,2026-08-13 17:04:49
28,🟡 Pendiente (Verificar Noticia),2026-08-13,2026-08-13,larazon.co,Ingeniero civil fue asesinado en un hecho de intolerancia en Montería - larazon.co,Montería (Casco Urbano / Sector en investigación),Montería (Casco Urbano / Sector en investigación),,Montería,No especificado,0,0,Baja (Centroide General Montería),8.7508,-75.8814,https://news.google.com/rss/articles/CBMikwFBVV95cUxNQTlTdWcta2lVZWJ6UERrMVo3dmtMNU81MDI0STBXVC1OQVptQjRhQTJkYS1tTWdVT1FnQlVHVWQtclJaWG9oMlhhcFZWTDEwYlRkSXFCR1BoaWN3eDAtM1ZXUmxoVFkxM0w3R0VCRzNNQWJHWWVJb1V0c1c4UThSUDlVTFBzbm5uQ0c4cW9GV1U3TG8?oc=5,"<a href=""https://news.google.com/rss/articles/CBMikwFBVV95cUxNQTlTdWcta2lVZWJ6UERrMVo3dmtMNU81MDI0STBXVC1OQVptQjRhQTJkYS1tTWdVT1FnQlVHVWQtclJaWG9oMlhhcFZWTDEwYlRkSXFCR1BoaWN3eDAtM1ZXUmxoVFkxM0w3R0VCRzNNQWJHWWVJb1V0c1c4UThSUDlVTFBzbm5uQ0c4cW9GV1U3TG8?oc=5"" target=""_blank"" class=""btn-link"">🔗 Abrir Noticia</a>",[🔗 Abrir Noticia](https://news.google.com/rss/articles/CBMikwFBVV95cUxNQTlTdWcta2lVZWJ6UERrMVo3dmtMNU81MDI0STBXVC1OQVptQjRhQTJkYS1tTWdVT1FnQlVHVWQtclJaWG9oMlhhcFZWTDEwYlRkSXFCR1BoaWN3eDAtM1ZXUmxoVFkxM0w3R0VCRzNNQWJHWWVJb1V0c1c4UThSUDlVTFBzbm5uQ0c4cW9GV1U3TG8?oc=5),Ingeniero civil fue asesinado en un hecho de intolerancia en Montería larazon.co,f60dc04c8e8505cb524d96c8763f72c9861fd2f0222efd65238f67b53a24dcff,2026-08-13 17:04:49
29,🟡 Pendiente (Verificar Noticia),2026-08-13,2026-08-13,El Meridiano,"Se chocaron, uno perdió el ojo - El Meridiano",Montería (Casco Urbano / Sector en investigación),Montería (Casco Urbano / Sector en investigación),,Montería,No especificado,0,0,Baja (Centroide General Montería),8.7508,-75.8814,https://news.google.com/rss/articles/CBMiggFBVV95cUxOeE1uWWpzZC1GeGV4N25pSDZlUFFPMmItZkdWTl9xRmJwQ3hlaDU5YVJpaFF4ekJWWjE0WmJURlVCTjJsOEg5NEFpdGRqZm5fUlBOZjdqZGFzTEhKempJWnEyWC1wU2dXVVdHNkdOZ25NaFBGS3RKTUVhRzRXNjV5R3lB?oc=5,"<a href=""https://news.google.com/rss/articles/CBMiggFBVV95cUxOeE1uWWpzZC1GeGV4N25pSDZlUFFPMmItZkdWTl9xRmJwQ3hlaDU5YVJpaFF4ekJWWjE0WmJURlVCTjJsOEg5NEFpdGRqZm5fUlBOZjdqZGFzTEhKempJWnEyWC1wU2dXVVdHNkdOZ25NaFBGS3RKTUVhRzRXNjV5R3lB?oc=5"" target=""_blank"" class=""btn-link"">🔗 Abrir Noticia</a>",[🔗 Abrir Noticia](https://news.google.com/rss/articles/CBMiggFBVV95cUxOeE1uWWpzZC1GeGV4N25pSDZlUFFPMmItZkdWTl9xRmJwQ3hlaDU5YVJpaFF4ekJWWjE0WmJURlVCTjJsOEg5NEFpdGRqZm5fUlBOZjdqZGFzTEhKempJWnEyWC1wU2dXVVdHNkdOZ25NaFBGS3RKTUVhRzRXNjV5R3lB?oc=5),"Se chocaron, uno perdió el ojo El Meridiano",bdba3233a95ca44efe643bbc3f3d069868446f4cbf01f3b8d6180150606e53a8,2026-08-13 17:04:49
30,🟡 Pendiente (Verificar Noticia),2026-08-13,2026-08-13,larazon.co,Pareja de esposos falleció en accidente en la vía Planeta Rica – Montería - larazon.co,"Municipio de Planeta Rica, Córdoba","Municipio de Planeta Rica, Córdoba",,Montería,No especificado,1,0,Baja (Centroide General Montería),8.7508,-75.8814,https://news.google.com/rss/articles/CBMilgFBVV95cUxPNHQtYXgtVENaRzdqT24xSU5PUU8xLWhsd3ZuTjk5MzlyckFYbTU2WTNMeXk5YzVpam5yejhvTVBnRGc1dWVzUEJqMEd5YXZmbG02eGxqWEZ4MXJIbk1fRXJCeHdvUkxoVkpBX0U1NTlIREYyaTFleDZGVU5TSDZqblpWYk04T1Bla0NKMV9pVndRUlRZc1E?oc=5,"<a href=""https://news.google.com/rss/articles/CBMilgFBVV95cUxPNHQtYXgtVENaRzdqT24xSU5PUU8xLWhsd3ZuTjk5MzlyckFYbTU2WTNMeXk5YzVpam5yejhvTVBnRGc1dWVzUEJqMEd5YXZmbG02eGxqWEZ4MXJIbk1fRXJCeHdvUkxoVkpBX0U1NTlIREYyaTFleDZGVU5TSDZqblpWYk04T1Bla0NKMV9pVndRUlRZc1E?oc=5"" target=""_blank"" class=""btn-link"">🔗 Abrir Noticia</a>",[🔗 Abrir Noticia](https://news.google.com/rss/articles/CBMilgFBVV95cUxPNHQtYXgtVENaRzdqT24xSU5PUU8xLWhsd3ZuTjk5MzlyckFYbTU2WTNMeXk5YzVpam5yejhvTVBnRGc1dWVzUEJqMEd5YXZmbG02eGxqWEZ4MXJIbk1fRXJCeHdvUkxoVkpBX0U1NTlIREYyaTFleDZGVU5TSDZqblpWYk04T1Bla0NKMV9pVndRUlRZc1E?oc=5),Pareja de esposos falleció en accidente en la vía Planeta Rica – Montería larazon.co,3f5d2e7b9706010340e0d96d15b732e3d3391f71d4a2ddaf53ce73d5411920b2,2026-08-13 17:04:49
31,🟡 Pendiente (Verificar Noticia),2026-08-13,2026-08-13,Análisis Urbano,Cinco personas heridas tras volcamiento de bus en la ruta Medellín – Montería - Análisis Urbano,Montería (Casco Urbano / Sector en investigación),Montería (Casco Urbano / Sector en investigación),,Montería,Bus / Transporte Público,0,5,Baja (Centroide General Montería),8.7508,-75.8814,https://news.google.com/rss/articles/CBMipgFBVV95cUxNdjF4VE1TcDBGV1RRRkJkLXl3dFV6WHhueDB2ZHg1V0FSVjhfOUZVX0FNdlpUVTRUSlZ5c2VvOTJ6dEN2dnF6a244MXNPQVVVdWhDVTdOZ2ZjNkhoT2M2RW9yUTNhQ2RqdkNKTmpOR3hHam40SzRZSzYtX1RGVUVRZWZoOFFsMnBRWngzNlVua3FVV2tMRHBSdmw3WlZhMlJtaXhVa1Jn?oc=5,"<a href=""https://news.google.com/rss/articles/CBMipgFBVV95cUxNdjF4VE1TcDBGV1RRRkJkLXl3dFV6WHhueDB2ZHg1V0FSVjhfOUZVX0FNdlpUVTRUSlZ5c2VvOTJ6dEN2dnF6a244MXNPQVVVdWhDVTdOZ2ZjNkhoT2M2RW9yUTNhQ2RqdkNKTmpOR3hHam40SzRZSzYtX1RGVUVRZWZoOFFsMnBRWngzNlVua3FVV2tMRHBSdmw3WlZhMlJtaXhVa1Jn?oc=5"" target=""_blank"" class=""btn-link"">🔗 Abrir Noticia</a>",[🔗 Abrir Noticia](https://news.google.com/rss/articles/CBMipgFBVV95cUxNdjF4VE1TcDBGV1RRRkJkLXl3dFV6WHhueDB2ZHg1V0FSVjhfOUZVX0FNdlpUVTRUSlZ5c2VvOTJ6dEN2dnF6a244MXNPQVVVdWhDVTdOZ2ZjNkhoT2M2RW9yUTNhQ2RqdkNKTmpOR3hHam40SzRZSzYtX1RGVUVRZWZoOFFsMnBRWngzNlVua3FVV2tMRHBSdmw3WlZhMlJtaXhVa1Jn?oc=5),Cinco personas heridas tras volcamiento de bus en la ruta Medellín – Montería Análisis Urbano,ecb59916a0c73760a407e416257e48503f8bf183fbf23e9af088d05da32c9c91,2026-08-13 17:04:49
32,🟡 Pendiente (Verificar Noticia),2026-08-13,2026-08-13,larazon.co,Exigen justicia en caso de joven monteriano que murió arrollado en La Floresta - larazon.co,Montería (Casco Urbano / Sector en investigación),Montería (Casco Urbano / Sector en investigación),,Montería,No especificado,1,0,Baja (Centroide General Montería),8.7508,-75.8814,https://news.google.com/rss/articles/CBMinwFBVV95cUxNNEZWZTFXQkdBdkNtNUNrNm9PSE1fMk5xTDhWWXRESUVxVFJ6Z1dyU3BpZWNnMUgzOVVzRkhJbVpJMk9MT0xXZ0JqS0VkUWpUblBZaEs0cE1KTXA1WDA0X0RhS1AzOFRsYU1RTTBoQ0x0blVuVHRQR3Vja1ZlR0RwSFVXZlBPT3BMRXJJcTRmYjBHSjllcFpwdExPa3Z4MzA?oc=5,"<a href=""https://news.google.com/rss/articles/CBMinwFBVV95cUxNNEZWZTFXQkdBdkNtNUNrNm9PSE1fMk5xTDhWWXRESUVxVFJ6Z1dyU3BpZWNnMUgzOVVzRkhJbVpJMk9MT0xXZ0JqS0VkUWpUblBZaEs0cE1KTXA1WDA0X0RhS1AzOFRsYU1RTTBoQ0x0blVuVHRQR3Vja1ZlR0RwSFVXZlBPT3BMRXJJcTRmYjBHSjllcFpwdExPa3Z4MzA?oc=5"" target=""_blank"" class=""btn-link"">🔗 Abrir Noticia</a>",[🔗 Abrir Noticia](https://news.google.com/rss/articles/CBMinwFBVV95cUxNNEZWZTFXQkdBdkNtNUNrNm9PSE1fMk5xTDhWWXRESUVxVFJ6Z1dyU3BpZWNnMUgzOVVzRkhJbVpJMk9MT0xXZ0JqS0VkUWpUblBZaEs0cE1KTXA1WDA0X0RhS1AzOFRsYU1RTTBoQ0x0blVuVHRQR3Vja1ZlR0RwSFVXZlBPT3BMRXJJcTRmYjBHSjllcFpwdExPa3Z4MzA?oc=5),Exigen justicia en caso de joven monteriano que murió arrollado en La Floresta larazon.co,3853a028ca88d3df2603d858ca6a2dd16b3d76f9d32cdbff0a77ff84d765d9f5,2026-08-13 17:04:49
33,🟡 Pendiente (Verificar Noticia),2026-08-13,2026-08-13,El Tiempo,Accidente de tránsito en Córdoba: choque entre bus y ambulancia deja cuatro muertos en la vía Montería - Planeta Rica - El Tiempo,"Municipio de Planeta Rica, Córdoba","Municipio de Planeta Rica, Córdoba",,Montería,Bus / Transporte Público,1,0,Baja (Centroide General Montería),8.7508,-75.8814,https://news.google.com/rss/articles/CBMigAJBVV95cUxNd0w4amgwS0xoaU9VZE5XT0lEMWM1NWhUZEluWFBka2NwVVA2X1ZTc2s0b1VMbmg4b2paeDV4ZElabGRrdmFNdTBwOGh6b3JLeWw1ZFFzQ1E3UWViYlgzaDluQm9kTkdNQkRuOXZlVkRPRmRUWHF2d1hrNVc5bXA2V1g5a1BpMW5mSlNMTXpfWDlmZmE0X2ZjWnJvNnE0cmNVWEdxS2stVVFYTDB6Z2dBOWRTeUh1ZkhCczNzQjNqRV9faEVVYVhBT2w2Wm1XSy1LS3MwT3BnWHNrbGZEOXRvcDdhN2IyT3ZWTmJfbUE2NV9ocy1oamhtMTZhZHFwTGJz0gGGAkFVX3lxTE5RekRzczd4WlV1QkR3bmhhOWkzYlk5WWhjSk8yTENPS3JiYm1xZ1lOcjhUUGdjeHc5em5DMGg5YXZPczJHSFlVZU5Vb3Voam9wVjVSa0JKOHdveW1DQ0hIV2R4UWJleDZEd3U3dG95U3l4TGQ5Q0pCbE1mV3UtcEZvSjFWczduSm5Jc21NR2pUMnZZWDBaMlBqYU9YZzFlM3RuVExYdVRqTFhzcXM4bUxxR1JScDFZWEQ5TkppWUFtNVk2MDBBeXV1ZnZYOG5IcGhfVlNmanFDcDRUdkZmWUNzQU44SzNaTDIwUERlRmxhVVB1Y0tscWhIb29tN2kzdXpMV0cxR2c?oc=5,"<a href=""https://news.google.com/rss/articles/CBMigAJBVV95cUxNd0w4amgwS0xoaU9VZE5XT0lEMWM1NWhUZEluWFBka2NwVVA2X1ZTc2s0b1VMbmg4b2paeDV4ZElabGRrdmFNdTBwOGh6b3JLeWw1ZFFzQ1E3UWViYlgzaDluQm9kTkdNQkRuOXZlVkRPRmRUWHF2d1hrNVc5bXA2V1g5a1BpMW5mSlNMTXpfWDlmZmE0X2ZjWnJvNnE0cmNVWEdxS2stVVFYTDB6Z2dBOWRTeUh1ZkhCczNzQjNqRV9faEVVYVhBT2w2Wm1XSy1LS3MwT3BnWHNrbGZEOXRvcDdhN2IyT3ZWTmJfbUE2NV9ocy1oamhtMTZhZHFwTGJz0gGGAkFVX3lxTE5RekRzczd4WlV1QkR3bmhhOWkzYlk5WWhjSk8yTENPS3JiYm1xZ1lOcjhUUGdjeHc5em5DMGg5YXZPczJHSFlVZU5Vb3Voam9wVjVSa0JKOHdveW1DQ0hIV2R4UWJleDZEd3U3dG95U3l4TGQ5Q0pCbE1mV3UtcEZvSjFWczduSm5Jc21NR2pUMnZZWDBaMlBqYU9YZzFlM3RuVExYdVRqTFhzcXM4bUxxR1JScDFZWEQ5TkppWUFtNVk2MDBBeXV1ZnZYOG5IcGhfVlNmanFDcDRUdkZmWUNzQU44SzNaTDIwUERlRmxhVVB1Y0tscWhIb29tN2kzdXpMV0cxR2c?oc=5"" target=""_blank"" class=""btn-link"">🔗 Abrir Noticia</a>",[🔗 Abrir Noticia](https://news.google.com/rss/articles/CBMigAJBVV95cUxNd0w4amgwS0xoaU9VZE5XT0lEMWM1NWhUZEluWFBka2NwVVA2X1ZTc2s0b1VMbmg4b2paeDV4ZElabGRrdmFNdTBwOGh6b3JLeWw1ZFFzQ1E3UWViYlgzaDluQm9kTkdNQkRuOXZlVkRPRmRUWHF2d1hrNVc5bXA2V1g5a1BpMW5mSlNMTXpfWDlmZmE0X2ZjWnJvNnE0cmNVWEdxS2stVVFYTDB6Z2dBOWRTeUh1ZkhCczNzQjNqRV9faEVVYVhBT2w2Wm1XSy1LS3MwT3BnWHNrbGZEOXRvcDdhN2IyT3ZWTmJfbUE2NV9ocy1oamhtMTZhZHFwTGJz0gGGAkFVX3lxTE5RekRzczd4WlV1QkR3bmhhOWkzYlk5WWhjSk8yTENPS3JiYm1xZ1lOcjhUUGdjeHc5em5DMGg5YXZPczJHSFlVZU5Vb3Voam9wVjVSa0JKOHdveW1DQ0hIV2R4UWJleDZEd3U3dG95U3l4TGQ5Q0pCbE1mV3UtcEZvSjFWczduSm5Jc21NR2pUMnZZWDBaMlBqYU9YZzFlM3RuVExYdVRqTFhzcXM4bUxxR1JScDFZWEQ5TkppWUFtNVk2MDBBeXV1ZnZYOG5IcGhfVlNmanFDcDRUdkZmWUNzQU44SzNaTDIwUERlRmxhVVB1Y0tscWhIb29tN2kzdXpMV0cxR2c?oc=5),Accidente de tránsito en Córdoba: choque entre bus y ambulancia deja cuatro muertos en la vía Montería - Planeta Rica El Tiempo,dab8bf0e42b5a1937fa8a89f88cfda1742ed2744f40e542a152d6c1912559a16,2026-08-13 17:04:49
34,🟡 Pendiente (Verificar Noticia),2026-08-13,2026-08-13,El Tiempo,Conmoción por conductor que mató a un perrito y luego arrolló a funcionaria de la Alcaldía de Montería - El Tiempo,Montería (Casco Urbano / Sector en investigación),Montería (Casco Urbano / Sector en investigación),,Montería,No especificado,0,0,Baja (Centroide General Montería),8.7508,-75.8814,https://news.google.com/rss/articles/CBMi7gFBVV95cUxNb1BhU25RVm9HSGRrZUpLLVBVN3NmcC05ME5FX0VpUmlaTUc3RlJ6QnpJYzNVdVlfMVpuallVdmVDcEhPcnZHQXBRLUIxenZMUzBoSFhkZXNpSUdNM3ZhcENwNWRId3FSajVvTHd3b1dWWmk1TGR1UlBFUDA3enRhSTdVaDh4eTE3ZVFxU3JMQVlkOUI4M2dqWGhtR2FZZzFvTHE2MzRNdVpscGZHWlVaWlVEeHlZejNfRVlQbkZRZ0hXQkNQT0lHRFFJQm9IVmpid2R6OWE4S2cxTnpydDhfS3VVTFhyQjZOdktZQjRn0gHzAUFVX3lxTE1RcE1IdkFwMGtEeWdzQmZaRFVveHBuTl9GY0VXakpmVjMxR091ZTZ3cEEyT1RVUTlTSGcyTzBHVlJPOFZmNzhHWFJMLURSRTJuTlBQTnQxbjQ2OXlINWtOOF9iTi1fZTZzbFI2VWdyUkF3ZGR1N0gwYlhUTmtjX2JFdk1reWxHbUNiMGo3NE1jakFtcVJERGZpekhOTDZFSjBTTHRDV1RoUTA2WVExN0FNUmpqZzMzMTlucXRkYm1oaTlYeUJXLUdJdUFTNTdiTU1BTzBqVWJ2NWJNanNtUHNyT2h0cWxLbkMyb01xTm9QTmhTcw?oc=5,"<a href=""https://news.google.com/rss/articles/CBMi7gFBVV95cUxNb1BhU25RVm9HSGRrZUpLLVBVN3NmcC05ME5FX0VpUmlaTUc3RlJ6QnpJYzNVdVlfMVpuallVdmVDcEhPcnZHQXBRLUIxenZMUzBoSFhkZXNpSUdNM3ZhcENwNWRId3FSajVvTHd3b1dWWmk1TGR1UlBFUDA3enRhSTdVaDh4eTE3ZVFxU3JMQVlkOUI4M2dqWGhtR2FZZzFvTHE2MzRNdVpscGZHWlVaWlVEeHlZejNfRVlQbkZRZ0hXQkNQT0lHRFFJQm9IVmpid2R6OWE4S2cxTnpydDhfS3VVTFhyQjZOdktZQjRn0gHzAUFVX3lxTE1RcE1IdkFwMGtEeWdzQmZaRFVveHBuTl9GY0VXakpmVjMxR091ZTZ3cEEyT1RVUTlTSGcyTzBHVlJPOFZmNzhHWFJMLURSRTJuTlBQTnQxbjQ2OXlINWtOOF9iTi1fZTZzbFI2VWdyUkF3ZGR1N0gwYlhUTmtjX2JFdk1reWxHbUNiMGo3NE1jakFtcVJERGZpekhOTDZFSjBTTHRDV1RoUTA2WVExN0FNUmpqZzMzMTlucXRkYm1oaTlYeUJXLUdJdUFTNTdiTU1BTzBqVWJ2NWJNanNtUHNyT2h0cWxLbkMyb01xTm9QTmhTcw?oc=5"" target=""_blank"" class=""btn-link"">🔗 Abrir Noticia</a>",[🔗 Abrir Noticia](https://news.google.com/rss/articles/CBMi7gFBVV95cUxNb1BhU25RVm9HSGRrZUpLLVBVN3NmcC05ME5FX0VpUmlaTUc3RlJ6QnpJYzNVdVlfMVpuallVdmVDcEhPcnZHQXBRLUIxenZMUzBoSFhkZXNpSUdNM3ZhcENwNWRId3FSajVvTHd3b1dWWmk1TGR1UlBFUDA3enRhSTdVaDh4eTE3ZVFxU3JMQVlkOUI4M2dqWGhtR2FZZzFvTHE2MzRNdVpscGZHWlVaWlVEeHlZejNfRVlQbkZRZ0hXQkNQT0lHRFFJQm9IVmpid2R6OWE4S2cxTnpydDhfS3VVTFhyQjZOdktZQjRn0gHzAUFVX3lxTE1RcE1IdkFwMGtEeWdzQmZaRFVveHBuTl9GY0VXakpmVjMxR091ZTZ3cEEyT1RVUTlTSGcyTzBHVlJPOFZmNzhHWFJMLURSRTJuTlBQTnQxbjQ2OXlINWtOOF9iTi1fZTZzbFI2VWdyUkF3ZGR1N0gwYlhUTmtjX2JFdk1reWxHbUNiMGo3NE1jakFtcVJERGZpekhOTDZFSjBTTHRDV1RoUTA2WVExN0FNUmpqZzMzMTlucXRkYm1oaTlYeUJXLUdJdUFTNTdiTU1BTzBqVWJ2NWJNanNtUHNyT2h0cWxLbkMyb01xTm9QTmhTcw?oc=5),Conmoción por conductor que mató a un perrito y luego arrolló a funcionaria de la Alcaldía de Montería El Tiempo,302db42077c2b93d9a3169c8941288dfb50a20ff965c75f961c8b36f34f6770e,2026-08-13 17:04:49
35,🟡 Pendiente (Verificar Noticia),2026-08-13,2026-08-13,Caracol Radio,Tragedia en Montería: estudiante de enfermería pierde la vida en accidente de tránsito - Caracol Radio,Montería (Casco Urbano / Sector en investigación),Montería (Casco Urbano / Sector en investigación),,Montería,No especificado,0,0,Baja (Centroide General Montería),8.7508,-75.8814,https://news.google.com/rss/articles/CBMivAFBVV95cUxPd0JVSVpRZXRtLXBCbldlTXFveHpPZ09FX3QydTZ2MEZ4SW1qTjhaNWM5aGdrSWhmaE5LT1JDdmcxVmI1OFVpZ1NVYU8xekIweWN5ZnIzb0dvRHN5eHBWMW9hMUpsZWRlcHhlcWhoY0lKOXlKM2ExTnE0MFNfMUs5RUZVamphY2l2cGdxVmdpZzd5WWtSYVI1aVQ1bTZBTmY0NDE1ZmFiM3IwRDhhXy1aSlNoSU14S0VkZVlrbtIB0AFBVV95cUxNa3VKV2ZUMTdpRjlCeVItaWY0TFJSTHFOZFVHdUdfd1BfNXR3TFU4WTVLSmItc0Q4VGdMdEhfc3REaHZ1bWNPSmdaQldkZmpJRUNqaERIRS1mcG1FcTMzSXF3R3h3ZEhkbzA4V3g5UTc1SWUyYkpvTDJqTmZpc3hsejNBd1BuVWM4Yk9OcThHN0FMeE0tWk83ZjNKQVV3T0xaY3hva204YXozdUNvWVRNTGxteXpDTE9lbGxNbE5QV0lGNDk0bWtfLVZOU1prRm5B?oc=5,"<a href=""https://news.google.com/rss/articles/CBMivAFBVV95cUxPd0JVSVpRZXRtLXBCbldlTXFveHpPZ09FX3QydTZ2MEZ4SW1qTjhaNWM5aGdrSWhmaE5LT1JDdmcxVmI1OFVpZ1NVYU8xekIweWN5ZnIzb0dvRHN5eHBWMW9hMUpsZWRlcHhlcWhoY0lKOXlKM2ExTnE0MFNfMUs5RUZVamphY2l2cGdxVmdpZzd5WWtSYVI1aVQ1bTZBTmY0NDE1ZmFiM3IwRDhhXy1aSlNoSU14S0VkZVlrbtIB0AFBVV95cUxNa3VKV2ZUMTdpRjlCeVItaWY0TFJSTHFOZFVHdUdfd1BfNXR3TFU4WTVLSmItc0Q4VGdMdEhfc3REaHZ1bWNPSmdaQldkZmpJRUNqaERIRS1mcG1FcTMzSXF3R3h3ZEhkbzA4V3g5UTc1SWUyYkpvTDJqTmZpc3hsejNBd1BuVWM4Yk9OcThHN0FMeE0tWk83ZjNKQVV3T0xaY3hva204YXozdUNvWVRNTGxteXpDTE9lbGxNbE5QV0lGNDk0bWtfLVZOU1prRm5B?oc=5"" target=""_blank"" class=""btn-link"">🔗 Abrir Noticia</a>",[🔗 Abrir Noticia](https://news.google.com/rss/articles/CBMivAFBVV95cUxPd0JVSVpRZXRtLXBCbldlTXFveHpPZ09FX3QydTZ2MEZ4SW1qTjhaNWM5aGdrSWhmaE5LT1JDdmcxVmI1OFVpZ1NVYU8xekIweWN5ZnIzb0dvRHN5eHBWMW9hMUpsZWRlcHhlcWhoY0lKOXlKM2ExTnE0MFNfMUs5RUZVamphY2l2cGdxVmdpZzd5WWtSYVI1aVQ1bTZBTmY0NDE1ZmFiM3IwRDhhXy1aSlNoSU14S0VkZVlrbtIB0AFBVV95cUxNa3VKV2ZUMTdpRjlCeVItaWY0TFJSTHFOZFVHdUdfd1BfNXR3TFU4WTVLSmItc0Q4VGdMdEhfc3REaHZ1bWNPSmdaQldkZmpJRUNqaERIRS1mcG1FcTMzSXF3R3h3ZEhkbzA4V3g5UTc1SWUyYkpvTDJqTmZpc3hsejNBd1BuVWM4Yk9OcThHN0FMeE0tWk83ZjNKQVV3T0xaY3hva204YXozdUNvWVRNTGxteXpDTE9lbGxNbE5QV0lGNDk0bWtfLVZOU1prRm5B?oc=5),Tragedia en Montería: estudiante de enfermería pierde la vida en accidente de tránsito Caracol Radio,9b1940ae343c6c60a1f470ab66bdf4856ba1175672cd2b58a4afd692fbe7f11c,2026-08-13 17:04:49
36,🟡 Pendiente (Verificar Noticia),2026-08-13,2026-08-13,Caracol Radio,Confirman identidades de las víctimas del fatal accidente entre Montería y Planeta Rica - Caracol Radio,"Municipio de Planeta Rica, Córdoba","Municipio de Planeta Rica, Córdoba",,Montería,No especificado,0,0,Baja (Centroide General Montería),8.7508,-75.8814,https://news.google.com/rss/articles/CBMivwFBVV95cUxOV1RnMElaZjdTRUgxR1JaM095SklvLUUzYllXazlxbnBHTUpWMWRVdkpiVmFGaUFCdFM0RUhTWmVXaVBXN3A3cUc0OG9aVGV5YmMtUUN1Y0dsdjdSZGN5Tm8teVMtZlJsM3hrWUx1VUtILUdiOGZSVzhpN3VoYV9Rbmp6c1lkZGU5YVV2VkhlZnNXalQ3a1RvVDNUVWpnYTNXWWpPUjlKaDJNVUVjdGM3dTRkR0FCakgxdHRGLVAzSdIB0wFBVV95cUxOUlM2UURndWYxZE5ha0pMbzNMc1BYajNQd2I3Z0VzMmFITWRMTVAyejEzWGdKTUZJYm5vMDhvMlVRNkxaRWUzRmpHYVdrYUxNTVd3S1hMbmxTTzNLZTBRZ2RIN2NsblJBNWFvX2dBSHJiQWFIUXBXalM2MDRyYUgta3ROQno0bGdZVzQ4NXJtWEdJdjVUYmFTNXFvMnRqeHc4OW9wbHhOT1cyNGFxTXBSd3p3aVpoeDJFM1RvVm1NRFRlRlpoejZQTXpuT1RLaVZyY0tJ?oc=5,"<a href=""https://news.google.com/rss/articles/CBMivwFBVV95cUxOV1RnMElaZjdTRUgxR1JaM095SklvLUUzYllXazlxbnBHTUpWMWRVdkpiVmFGaUFCdFM0RUhTWmVXaVBXN3A3cUc0OG9aVGV5YmMtUUN1Y0dsdjdSZGN5Tm8teVMtZlJsM3hrWUx1VUtILUdiOGZSVzhpN3VoYV9Rbmp6c1lkZGU5YVV2VkhlZnNXalQ3a1RvVDNUVWpnYTNXWWpPUjlKaDJNVUVjdGM3dTRkR0FCakgxdHRGLVAzSdIB0wFBVV95cUxOUlM2UURndWYxZE5ha0pMbzNMc1BYajNQd2I3Z0VzMmFITWRMTVAyejEzWGdKTUZJYm5vMDhvMlVRNkxaRWUzRmpHYVdrYUxNTVd3S1hMbmxTTzNLZTBRZ2RIN2NsblJBNWFvX2dBSHJiQWFIUXBXalM2MDRyYUgta3ROQno0bGdZVzQ4NXJtWEdJdjVUYmFTNXFvMnRqeHc4OW9wbHhOT1cyNGFxTXBSd3p3aVpoeDJFM1RvVm1NRFRlRlpoejZQTXpuT1RLaVZyY0tJ?oc=5"" target=""_blank"" class=""btn-link"">🔗 Abrir Noticia</a>",[🔗 Abrir Noticia](https://news.google.com/rss/articles/CBMivwFBVV95cUxOV1RnMElaZjdTRUgxR1JaM095SklvLUUzYllXazlxbnBHTUpWMWRVdkpiVmFGaUFCdFM0RUhTWmVXaVBXN3A3cUc0OG9aVGV5YmMtUUN1Y0dsdjdSZGN5Tm8teVMtZlJsM3hrWUx1VUtILUdiOGZSVzhpN3VoYV9Rbmp6c1lkZGU5YVV2VkhlZnNXalQ3a1RvVDNUVWpnYTNXWWpPUjlKaDJNVUVjdGM3dTRkR0FCakgxdHRGLVAzSdIB0wFBVV95cUxOUlM2UURndWYxZE5ha0pMbzNMc1BYajNQd2I3Z0VzMmFITWRMTVAyejEzWGdKTUZJYm5vMDhvMlVRNkxaRWUzRmpHYVdrYUxNTVd3S1hMbmxTTzNLZTBRZ2RIN2NsblJBNWFvX2dBSHJiQWFIUXBXalM2MDRyYUgta3ROQno0bGdZVzQ4NXJtWEdJdjVUYmFTNXFvMnRqeHc4OW9wbHhOT1cyNGFxTXBSd3p3aVpoeDJFM1RvVm1NRFRlRlpoejZQTXpuT1RLaVZyY0tJ?oc=5),Confirman identidades de las víctimas del fatal accidente entre Montería y Planeta Rica Caracol Radio,94a469d5a870f0b4da1ba1009eebb01c145dbd2bb3ae54f949310fe2bb8798ec,2026-08-13 17:04:49
37,🟡 Pendiente (Verificar Noticia),2026-08-13,2026-08-13,El Meridiano,Grave accidente dejó 4 heridos en Montería - El Meridiano,Montería (Casco Urbano / Sector en investigación),Montería (Casco Urbano / Sector en investigación),,Montería,No especificado,0,1,Baja (Centroide General Montería),8.7508,-75.8814,https://news.google.com/rss/articles/CBMiigFBVV95cUxPQlJnbmo5REM3aHZaYm1nVlpncFFkUUtCSmI1aWROWkdJX0MtdThZOGVlTVR4MTY4SzF1aFdNOXlNbWdMY015RTJ3Y3k0azF0VG1GMjYxNE82Q2Q0RkpJbThHMno4SkhXYndISXQ0OFBYOHB4bllkbUNCQUE5dzZVNi03SWc3VnloT3c?oc=5,"<a href=""https://news.google.com/rss/articles/CBMiigFBVV95cUxPQlJnbmo5REM3aHZaYm1nVlpncFFkUUtCSmI1aWROWkdJX0MtdThZOGVlTVR4MTY4SzF1aFdNOXlNbWdMY015RTJ3Y3k0azF0VG1GMjYxNE82Q2Q0RkpJbThHMno4SkhXYndISXQ0OFBYOHB4bllkbUNCQUE5dzZVNi03SWc3VnloT3c?oc=5"" target=""_blank"" class=""btn-link"">🔗 Abrir Noticia</a>",[🔗 Abrir Noticia](https://news.google.com/rss/articles/CBMiigFBVV95cUxPQlJnbmo5REM3aHZaYm1nVlpncFFkUUtCSmI1aWROWkdJX0MtdThZOGVlTVR4MTY4SzF1aFdNOXlNbWdMY015RTJ3Y3k0azF0VG1GMjYxNE82Q2Q0RkpJbThHMno4SkhXYndISXQ0OFBYOHB4bllkbUNCQUE5dzZVNi03SWc3VnloT3c?oc=5),Grave accidente dejó 4 heridos en Montería El Meridiano,276b71b101d896df3abf70a16edd3d10b96591fc71279e0db1b364067ed2ba3f,2026-08-13 17:04:49
38,🟡 Pendiente (Verificar Noticia),2026-08-13,2026-08-13,El Meridiano,Fue identificada la mujer que perdió la vida en accidente de tránsito en Montería - El Meridiano,Montería (Casco Urbano / Sector en investigación),Montería (Casco Urbano / Sector en investigación),,Montería,No especificado,1,0,Baja (Centroide General Montería),8.7508,-75.8814,https://news.google.com/rss/articles/CBMivgFBVV95cUxOYjJfbG9WQmhtc0JCclhpUlNmVndCaHNZQU5ZYjhXcGRVMHplXzVPRmRMR05xMWFXNnJUeFIxVjE3MTNSUXdoVkNrREFGRVBleHRsdUc2bHdRN3Z4a1QzU3dHMkcyODR2ajdCUml5QldqMjVHalpUa3NPZkszOFRKWkNxSWdDWmlRVkYzVEswRXB5dno3R1AyaDFEUG83Tm5rV3B1S19vNmNzSlhCRl90ZjFJbDJNeTBnY2dNT0tR?oc=5,"<a href=""https://news.google.com/rss/articles/CBMivgFBVV95cUxOYjJfbG9WQmhtc0JCclhpUlNmVndCaHNZQU5ZYjhXcGRVMHplXzVPRmRMR05xMWFXNnJUeFIxVjE3MTNSUXdoVkNrREFGRVBleHRsdUc2bHdRN3Z4a1QzU3dHMkcyODR2ajdCUml5QldqMjVHalpUa3NPZkszOFRKWkNxSWdDWmlRVkYzVEswRXB5dno3R1AyaDFEUG83Tm5rV3B1S19vNmNzSlhCRl90ZjFJbDJNeTBnY2dNT0tR?oc=5"" target=""_blank"" class=""btn-link"">🔗 Abrir Noticia</a>",[🔗 Abrir Noticia](https://news.google.com/rss/articles/CBMivgFBVV95cUxOYjJfbG9WQmhtc0JCclhpUlNmVndCaHNZQU5ZYjhXcGRVMHplXzVPRmRMR05xMWFXNnJUeFIxVjE3MTNSUXdoVkNrREFGRVBleHRsdUc2bHdRN3Z4a1QzU3dHMkcyODR2ajdCUml5QldqMjVHalpUa3NPZkszOFRKWkNxSWdDWmlRVkYzVEswRXB5dno3R1AyaDFEUG83Tm5rV3B1S19vNmNzSlhCRl90ZjFJbDJNeTBnY2dNT0tR?oc=5),Fue identificada la mujer que perdió la vida en accidente de tránsito en Montería El Meridiano,b08a0ed736e291c20bad2a954af5519b642995d26de0af771433bcfb61e9801a,2026-08-13 17:04:49
39,🟡 Pendiente (Verificar Noticia),2026-08-13,2026-08-13,Caracol Radio,Fatal accidente entre una ambulancia y un bus que cubría la ruta Montería - Bogotá - Caracol Radio,Montería (Casco Urbano / Sector en investigación),Montería (Casco Urbano / Sector en investigación),,Montería,Bus / Transporte Público,0,0,Baja (Centroide General Montería),8.7508,-75.8814,https://news.google.com/rss/articles/CBMitgFBVV95cUxOX1MtMEtpNm1zYzBHSTdBbkh3Y1ZJRVBvWHI2czVuVnV0YUdzclNISE1LNkhhcFF1WjE0N1ZVQ1VZM2tIWkxIY3hHUW1VUnNRd3k1aXY4eVp4X3lOMWxBblU0dXg1WDdrTEZCUnYxakVjYWdpM296SWJYVjlSQWxoYXd2cWdhRmh6RC1WbGkxZVc2ZGVqWXRMTDZaU28wa2ZsUENmOXFib3oyM2ttY1FncGcyZlFxQdIBygFBVV95cUxPZ0xwQWVMZktVSV8yc2dINlMxTmVsY3A1RGlMbVRNY3M1MTN0bVRSMzU5Yjc3a2ZydV9KUmhHMGFkZG9YazBibTA4OGhWd3FvWTY1eWxvYzFxX1hPQnZwZE1rYWtQVDE5SXhEanI0bHZVMnJpaUwtSW1mUnFncXRmbmdMa0kxNjBMeE5Lajl3dVpUaVg1M0pyMTZqQzFKcEw1UjRqUjY1aEZaY0p6VVJFZzhsdk9hRG5tWXk5QWo2T0FubG1fd09XNFd3?oc=5,"<a href=""https://news.google.com/rss/articles/CBMitgFBVV95cUxOX1MtMEtpNm1zYzBHSTdBbkh3Y1ZJRVBvWHI2czVuVnV0YUdzclNISE1LNkhhcFF1WjE0N1ZVQ1VZM2tIWkxIY3hHUW1VUnNRd3k1aXY4eVp4X3lOMWxBblU0dXg1WDdrTEZCUnYxakVjYWdpM296SWJYVjlSQWxoYXd2cWdhRmh6RC1WbGkxZVc2ZGVqWXRMTDZaU28wa2ZsUENmOXFib3oyM2ttY1FncGcyZlFxQdIBygFBVV95cUxPZ0xwQWVMZktVSV8yc2dINlMxTmVsY3A1RGlMbVRNY3M1MTN0bVRSMzU5Yjc3a2ZydV9KUmhHMGFkZG9YazBibTA4OGhWd3FvWTY1eWxvYzFxX1hPQnZwZE1rYWtQVDE5SXhEanI0bHZVMnJpaUwtSW1mUnFncXRmbmdMa0kxNjBMeE5Lajl3dVpUaVg1M0pyMTZqQzFKcEw1UjRqUjY1aEZaY0p6VVJFZzhsdk9hRG5tWXk5QWo2T0FubG1fd09XNFd3?oc=5"" target=""_blank"" class=""btn-link"">🔗 Abrir Noticia</a>",[🔗 Abrir Noticia](https://news.google.com/rss/articles/CBMitgFBVV95cUxOX1MtMEtpNm1zYzBHSTdBbkh3Y1ZJRVBvWHI2czVuVnV0YUdzclNISE1LNkhhcFF1WjE0N1ZVQ1VZM2tIWkxIY3hHUW1VUnNRd3k1aXY4eVp4X3lOMWxBblU0dXg1WDdrTEZCUnYxakVjYWdpM296SWJYVjlSQWxoYXd2cWdhRmh6RC1WbGkxZVc2ZGVqWXRMTDZaU28wa2ZsUENmOXFib3oyM2ttY1FncGcyZlFxQdIBygFBVV95cUxPZ0xwQWVMZktVSV8yc2dINlMxTmVsY3A1RGlMbVRNY3M1MTN0bVRSMzU5Yjc3a2ZydV9KUmhHMGFkZG9YazBibTA4OGhWd3FvWTY1eWxvYzFxX1hPQnZwZE1rYWtQVDE5SXhEanI0bHZVMnJpaUwtSW1mUnFncXRmbmdMa0kxNjBMeE5Lajl3dVpUaVg1M0pyMTZqQzFKcEw1UjRqUjY1aEZaY0p6VVJFZzhsdk9hRG5tWXk5QWo2T0FubG1fd09XNFd3?oc=5),Fatal accidente entre una ambulancia y un bus que cubría la ruta Montería - Bogotá Caracol Radio,914a635f19d7b717b42e45e9b5404fa23008f93c1b212adee1f251b6092db09f,2026-08-13 17:04:49
40,🟡 Pendiente (Verificar Noticia),2026-08-13,2026-08-13,Caracol Radio,Dos muertos y cuatro heridos en accidente de un bus de la agrupación Los Inquietos del Vallenato - Caracol Radio,Montería (Casco Urbano / Sector en investigación),Montería (Casco Urbano / Sector en investigación),,Montería,Bus / Transporte Público,1,1,Baja (Centroide General Montería),8.7508,-75.8814,https://news.google.com/rss/articles/CBMiyAFBVV95cUxQQVdmU0w1a1l5VERoTFl0d1FNcTVlVHk0aXZDeF9ZeHlqR1lTWDh3RFV6amtMRWJnaEtpUHd4OTZOSGZ2WlNfaWJSZVN1aEt1Qi1Ec2l6WXZCcWxkRXhMSkdzdnNmaThnWGpJbVc1VURnTjdVVGNSUHBEWU9RLVBNUmxjdXpPbEtVUy1zYWxnRkYyVlBZOEp4N3lPNUY3b1Jzb2lEd01Qcnc5dUlCY0RmVW9URW51MDVmUkJ4ZWgwOGtOOHl6SHd5UdIB3AFBVV95cUxOVTZCNUZjM25WS01rdkU1MEhUYUNBMDdXVFFnSlpPbnVDQkdDaFVIYTY3bzg5RHRfVVZJbUZzMzYyZnJIeGl3SWk5b1NlYXJVSy04VEc3c3VNX0txMnVId05TYXpZUEVhdkgzWHlRSkpEZHRkemVfV0RMa2YzNU10MDJUWi0yZ3pJTTFSdUhsWnZybHEwRHdta1NEOWFKZGVISjNTLUlFbFdEVXk3bDRDdHZmV3VrQ08tS25MNi1XOGRHTEpDY1BndVV0SG5IRG1zc1pSSm9EOFhSS0U1?oc=5,"<a href=""https://news.google.com/rss/articles/CBMiyAFBVV95cUxQQVdmU0w1a1l5VERoTFl0d1FNcTVlVHk0aXZDeF9ZeHlqR1lTWDh3RFV6amtMRWJnaEtpUHd4OTZOSGZ2WlNfaWJSZVN1aEt1Qi1Ec2l6WXZCcWxkRXhMSkdzdnNmaThnWGpJbVc1VURnTjdVVGNSUHBEWU9RLVBNUmxjdXpPbEtVUy1zYWxnRkYyVlBZOEp4N3lPNUY3b1Jzb2lEd01Qcnc5dUlCY0RmVW9URW51MDVmUkJ4ZWgwOGtOOHl6SHd5UdIB3AFBVV95cUxOVTZCNUZjM25WS01rdkU1MEhUYUNBMDdXVFFnSlpPbnVDQkdDaFVIYTY3bzg5RHRfVVZJbUZzMzYyZnJIeGl3SWk5b1NlYXJVSy04VEc3c3VNX0txMnVId05TYXpZUEVhdkgzWHlRSkpEZHRkemVfV0RMa2YzNU10MDJUWi0yZ3pJTTFSdUhsWnZybHEwRHdta1NEOWFKZGVISjNTLUlFbFdEVXk3bDRDdHZmV3VrQ08tS25MNi1XOGRHTEpDY1BndVV0SG5IRG1zc1pSSm9EOFhSS0U1?oc=5"" target=""_blank"" class=""btn-link"">🔗 Abrir Noticia</a>",[🔗 Abrir Noticia](https://news.google.com/rss/articles/CBMiyAFBVV95cUxQQVdmU0w1a1l5VERoTFl0d1FNcTVlVHk0aXZDeF9ZeHlqR1lTWDh3RFV6amtMRWJnaEtpUHd4OTZOSGZ2WlNfaWJSZVN1aEt1Qi1Ec2l6WXZCcWxkRXhMSkdzdnNmaThnWGpJbVc1VURnTjdVVGNSUHBEWU9RLVBNUmxjdXpPbEtVUy1zYWxnRkYyVlBZOEp4N3lPNUY3b1Jzb2lEd01Qcnc5dUlCY0RmVW9URW51MDVmUkJ4ZWgwOGtOOHl6SHd5UdIB3AFBVV95cUxOVTZCNUZjM25WS01rdkU1MEhUYUNBMDdXVFFnSlpPbnVDQkdDaFVIYTY3bzg5RHRfVVZJbUZzMzYyZnJIeGl3SWk5b1NlYXJVSy04VEc3c3VNX0txMnVId05TYXpZUEVhdkgzWHlRSkpEZHRkemVfV0RMa2YzNU10MDJUWi0yZ3pJTTFSdUhsWnZybHEwRHdta1NEOWFKZGVISjNTLUlFbFdEVXk3bDRDdHZmV3VrQ08tS25MNi1XOGRHTEpDY1BndVV0SG5IRG1zc1pSSm9EOFhSS0U1?oc=5),Dos muertos y cuatro heridos en accidente de un bus de la agrupación Los Inquietos del Vallenato Caracol Radio,3fe0b87715db1f4a3f754ca15441dcdd3a2f55ad50913cb54e51361983105f6c,2026-08-13 17:04:49
41,🟡 Pendiente (Verificar Noticia),2026-08-13,2026-08-13,Pulzo,Angustia por persona que quedó atrapada en aparatoso choque entre un bus y una camioneta - Pulzo,Montería (Casco Urbano / Sector en investigación),Montería (Casco Urbano / Sector en investigación),,Montería,"Automóvil, Bus / Transporte Público",0,0,Baja (Centroide General Montería),8.7508,-75.8814,https://news.google.com/rss/articles/CBMirgFBVV95cUxPREZjc3lyLU1XT1dOeHBfWnhYdVFpQ01aXzRXYTFkOE5aZTRPQ1Z0N0pNRWZwb3FpT0o2alFnWmxTUVFRRzBscE0yOTZyWW9vWUlDMVJhSFZ5aXl4VWtWRndsOXlpY0dCUVpjdlZpTWFfMnNuS3RrTnlObHF4M095WkZxN2huOU1xUEFBd0prMTlucHBzejhKNjV1dlNKYU5QUUctWDRvS1A3ZkdrRXfSAbMBQVVfeXFMTks5VE05LXZlc2x5UFBvRGhxbllYeVVKX1ZFM0lhaTQ3UGlNZzV3SFI2ZlExamwzZmlyNnFrNFVCYzRxaEc0YXdKbFJJU0tiZGI5bDBvR3M3M2dhb0lQaTdheWdhQXBsbERjQmhpTmZEMzRQU25HVmtQczVFSzJIZUpyemw5SDFrSGQySFkzRTYxeEFhMVI4ajB2WkdQMnRReFFZeHJ5RXFvRWRkMFZUb3ZLMTg?oc=5,"<a href=""https://news.google.com/rss/articles/CBMirgFBVV95cUxPREZjc3lyLU1XT1dOeHBfWnhYdVFpQ01aXzRXYTFkOE5aZTRPQ1Z0N0pNRWZwb3FpT0o2alFnWmxTUVFRRzBscE0yOTZyWW9vWUlDMVJhSFZ5aXl4VWtWRndsOXlpY0dCUVpjdlZpTWFfMnNuS3RrTnlObHF4M095WkZxN2huOU1xUEFBd0prMTlucHBzejhKNjV1dlNKYU5QUUctWDRvS1A3ZkdrRXfSAbMBQVVfeXFMTks5VE05LXZlc2x5UFBvRGhxbllYeVVKX1ZFM0lhaTQ3UGlNZzV3SFI2ZlExamwzZmlyNnFrNFVCYzRxaEc0YXdKbFJJU0tiZGI5bDBvR3M3M2dhb0lQaTdheWdhQXBsbERjQmhpTmZEMzRQU25HVmtQczVFSzJIZUpyemw5SDFrSGQySFkzRTYxeEFhMVI4ajB2WkdQMnRReFFZeHJ5RXFvRWRkMFZUb3ZLMTg?oc=5"" target=""_blank"" class=""btn-link"">🔗 Abrir Noticia</a>",[🔗 Abrir Noticia](https://news.google.com/rss/articles/CBMirgFBVV95cUxPREZjc3lyLU1XT1dOeHBfWnhYdVFpQ01aXzRXYTFkOE5aZTRPQ1Z0N0pNRWZwb3FpT0o2alFnWmxTUVFRRzBscE0yOTZyWW9vWUlDMVJhSFZ5aXl4VWtWRndsOXlpY0dCUVpjdlZpTWFfMnNuS3RrTnlObHF4M095WkZxN2huOU1xUEFBd0prMTlucHBzejhKNjV1dlNKYU5QUUctWDRvS1A3ZkdrRXfSAbMBQVVfeXFMTks5VE05LXZlc2x5UFBvRGhxbllYeVVKX1ZFM0lhaTQ3UGlNZzV3SFI2ZlExamwzZmlyNnFrNFVCYzRxaEc0YXdKbFJJU0tiZGI5bDBvR3M3M2dhb0lQaTdheWdhQXBsbERjQmhpTmZEMzRQU25HVmtQczVFSzJIZUpyemw5SDFrSGQySFkzRTYxeEFhMVI4ajB2WkdQMnRReFFZeHJ5RXFvRWRkMFZUb3ZLMTg?oc=5),Angustia por persona que quedó atrapada en aparatoso choque entre un bus y una camioneta Pulzo,ebca4a3697ed595f79ae7b3bb8ec756c96576fef592a1a08b4141224f5eb9f77,2026-08-13 17:04:49
42,🟡 Pendiente (Verificar Noticia),2026-08-13,2026-08-13,Infobae,Adolescente que atropelló a una mujer y su mascota en Montería cayó desde el cuarto piso del edificio donde vivía - Infobae,Montería (Casco Urbano / Sector en investigación),Montería (Casco Urbano / Sector en investigación),,Montería,No especificado,0,0,Baja (Centroide General Montería),8.7508,-75.8814,https://news.google.com/rss/articles/CBMi7wFBVV95cUxQMWlDRkRNSHBtQTlMV29MU3pxbGFpQ2drdmJta2haWEplRGV3N1E3NzVrcHg1d0JPT1l6Mi1KcThFdm1ZSk5kMkQ3ejVLTTRENTdMdlBWS0xZVXJQb1dqZTVoNW96MFRSM3k1bkNlY3NmdG5EQWFYUExPdXFrR0s0dnZoNkNsc3ZQeTBxai1GYzhabm02M1J1Y29Za0JaQzJRRUE5NFVSeGNlb1JhYVF2akJaMVJFTklJYVhwaGpMbl8tYTBIdmNEVGZMWDVFallVTThjR3FleUllT1dWTDFzRDBheDVCQnIzZ0tZV0VEONIBigJBVV95cUxQX2E0a3R1X1ptcmJyQWNZSXo0YWFpYWRFekRvZlBTYk5vUFl2VEZnZnc5RmdfejZ4WWxJX1pHZ2hZcG1iajRreUotM2haR2JLdHNzMm5UTzRwdVMwd1VaY0FJNnlNT3I5aWVtdWJTWWRHV3NIbVZ6UUttOWMtcU5YdGozNFc3R3JDcjdocW9kSnA4VTYzZEMxUURIMW9KLTJEVGx6eXZyc2pCZ2tmSk82bzNuOUc2Z0dfZ0pDeWJPTGpRX01jQkZ2b0JZWHVuWlRlWHBreEpXWEJ1MTZwOFduY1Z3R3R2eV8yR2xERV9QQ1MxdXhROFhDVE1OVTlXZ3NLZi1DbTl0eTBQdw?oc=5,"<a href=""https://news.google.com/rss/articles/CBMi7wFBVV95cUxQMWlDRkRNSHBtQTlMV29MU3pxbGFpQ2drdmJta2haWEplRGV3N1E3NzVrcHg1d0JPT1l6Mi1KcThFdm1ZSk5kMkQ3ejVLTTRENTdMdlBWS0xZVXJQb1dqZTVoNW96MFRSM3k1bkNlY3NmdG5EQWFYUExPdXFrR0s0dnZoNkNsc3ZQeTBxai1GYzhabm02M1J1Y29Za0JaQzJRRUE5NFVSeGNlb1JhYVF2akJaMVJFTklJYVhwaGpMbl8tYTBIdmNEVGZMWDVFallVTThjR3FleUllT1dWTDFzRDBheDVCQnIzZ0tZV0VEONIBigJBVV95cUxQX2E0a3R1X1ptcmJyQWNZSXo0YWFpYWRFekRvZlBTYk5vUFl2VEZnZnc5RmdfejZ4WWxJX1pHZ2hZcG1iajRreUotM2haR2JLdHNzMm5UTzRwdVMwd1VaY0FJNnlNT3I5aWVtdWJTWWRHV3NIbVZ6UUttOWMtcU5YdGozNFc3R3JDcjdocW9kSnA4VTYzZEMxUURIMW9KLTJEVGx6eXZyc2pCZ2tmSk82bzNuOUc2Z0dfZ0pDeWJPTGpRX01jQkZ2b0JZWHVuWlRlWHBreEpXWEJ1MTZwOFduY1Z3R3R2eV8yR2xERV9QQ1MxdXhROFhDVE1OVTlXZ3NLZi1DbTl0eTBQdw?oc=5"" target=""_blank"" class=""btn-link"">🔗 Abrir Noticia</a>",[🔗 Abrir Noticia](https://news.google.com/rss/articles/CBMi7wFBVV95cUxQMWlDRkRNSHBtQTlMV29MU3pxbGFpQ2drdmJta2haWEplRGV3N1E3NzVrcHg1d0JPT1l6Mi1KcThFdm1ZSk5kMkQ3ejVLTTRENTdMdlBWS0xZVXJQb1dqZTVoNW96MFRSM3k1bkNlY3NmdG5EQWFYUExPdXFrR0s0dnZoNkNsc3ZQeTBxai1GYzhabm02M1J1Y29Za0JaQzJRRUE5NFVSeGNlb1JhYVF2akJaMVJFTklJYVhwaGpMbl8tYTBIdmNEVGZMWDVFallVTThjR3FleUllT1dWTDFzRDBheDVCQnIzZ0tZV0VEONIBigJBVV95cUxQX2E0a3R1X1ptcmJyQWNZSXo0YWFpYWRFekRvZlBTYk5vUFl2VEZnZnc5RmdfejZ4WWxJX1pHZ2hZcG1iajRreUotM2haR2JLdHNzMm5UTzRwdVMwd1VaY0FJNnlNT3I5aWVtdWJTWWRHV3NIbVZ6UUttOWMtcU5YdGozNFc3R3JDcjdocW9kSnA4VTYzZEMxUURIMW9KLTJEVGx6eXZyc2pCZ2tmSk82bzNuOUc2Z0dfZ0pDeWJPTGpRX01jQkZ2b0JZWHVuWlRlWHBreEpXWEJ1MTZwOFduY1Z3R3R2eV8yR2xERV9QQ1MxdXhROFhDVE1OVTlXZ3NLZi1DbTl0eTBQdw?oc=5),Adolescente que atropelló a una mujer y su mascota en Montería cayó desde el cuarto piso del edificio donde vivía Infobae,5f1e6bf1fc62b922222102afba40668a7d210fc01ff07276658ea22e02665c07,2026-08-13 17:04:49
43,🟡 Pendiente (Verificar Noticia),2026-08-13,2026-08-13,ELHERALDO.CO,Accidente de bus en la vía Montería-Arboletes solo dejó daños materiales - ELHERALDO.CO,Montería (Casco Urbano / Sector en investigación),Montería (Casco Urbano / Sector en investigación),,Montería,Bus / Transporte Público,0,0,Baja (Centroide General Montería),8.7508,-75.8814,https://news.google.com/rss/articles/CBMiuAFBVV95cUxNTFlQRFo5MmpMZFgzczZhUXQyQktPUWtaWWptcTM4UHFWeHBrbDg5aVUtZTFBLTAyeVA0cGhFeFMycWF0R2k5Q0VVY2xGWGRpeGhsUjNocUhkcEx5RXJqOV8wdE82U0FPcFl2TVA2clgwcTVkajNLT1dSaE1DWGU3eWpsYUhoN0dpZ2M5TzNIU3JGR3ljTzJqZnFxX1NGWGgyczM1OTNrbWJmUFcwZndyc0lzTFpULVIy0gHTAUFVX3lxTE8xSks2WFpyWlVNZ2RidmIxLVhvY0ZOZGthTS1CWFB5RlF2b1JpdGhYY2JuR0p0RGoxU3NfR2RzMzJFQ2VWNk5leGVmdTlsRUloOUZUTFhmZkRGOHZvelVNbFozMkpDMjNiNTJGZUF3VV83clpieWFQcVBVYkNYUVFieXhZMEMtSEZnNXkwYm1YTkNsdmtUbXl3Q3ZnQnVkalZTVUU5RmdkdFN6dXJ5djhLM3d5cGtWNUpvbEtnN0tQVWlINm9FMll0dGVuVW1jWE9FdkU?oc=5,"<a href=""https://news.google.com/rss/articles/CBMiuAFBVV95cUxNTFlQRFo5MmpMZFgzczZhUXQyQktPUWtaWWptcTM4UHFWeHBrbDg5aVUtZTFBLTAyeVA0cGhFeFMycWF0R2k5Q0VVY2xGWGRpeGhsUjNocUhkcEx5RXJqOV8wdE82U0FPcFl2TVA2clgwcTVkajNLT1dSaE1DWGU3eWpsYUhoN0dpZ2M5TzNIU3JGR3ljTzJqZnFxX1NGWGgyczM1OTNrbWJmUFcwZndyc0lzTFpULVIy0gHTAUFVX3lxTE8xSks2WFpyWlVNZ2RidmIxLVhvY0ZOZGthTS1CWFB5RlF2b1JpdGhYY2JuR0p0RGoxU3NfR2RzMzJFQ2VWNk5leGVmdTlsRUloOUZUTFhmZkRGOHZvelVNbFozMkpDMjNiNTJGZUF3VV83clpieWFQcVBVYkNYUVFieXhZMEMtSEZnNXkwYm1YTkNsdmtUbXl3Q3ZnQnVkalZTVUU5RmdkdFN6dXJ5djhLM3d5cGtWNUpvbEtnN0tQVWlINm9FMll0dGVuVW1jWE9FdkU?oc=5"" target=""_blank"" class=""btn-link"">🔗 Abrir Noticia</a>",[🔗 Abrir Noticia](https://news.google.com/rss/articles/CBMiuAFBVV95cUxNTFlQRFo5MmpMZFgzczZhUXQyQktPUWtaWWptcTM4UHFWeHBrbDg5aVUtZTFBLTAyeVA0cGhFeFMycWF0R2k5Q0VVY2xGWGRpeGhsUjNocUhkcEx5RXJqOV8wdE82U0FPcFl2TVA2clgwcTVkajNLT1dSaE1DWGU3eWpsYUhoN0dpZ2M5TzNIU3JGR3ljTzJqZnFxX1NGWGgyczM1OTNrbWJmUFcwZndyc0lzTFpULVIy0gHTAUFVX3lxTE8xSks2WFpyWlVNZ2RidmIxLVhvY0ZOZGthTS1CWFB5RlF2b1JpdGhYY2JuR0p0RGoxU3NfR2RzMzJFQ2VWNk5leGVmdTlsRUloOUZUTFhmZkRGOHZvelVNbFozMkpDMjNiNTJGZUF3VV83clpieWFQcVBVYkNYUVFieXhZMEMtSEZnNXkwYm1YTkNsdmtUbXl3Q3ZnQnVkalZTVUU5RmdkdFN6dXJ5djhLM3d5cGtWNUpvbEtnN0tQVWlINm9FMll0dGVuVW1jWE9FdkU?oc=5),Accidente de bus en la vía Montería-Arboletes solo dejó daños materiales ELHERALDO.CO,e25614c60421819594768b494a7a4cd04e2ab2865eb3792d3d0f94e27d66f3e3,2026-08-13 17:04:49
44,🟡 Pendiente (Verificar Noticia),2026-08-13,2026-08-13,El Tiempo,En video quedó registrado fatal accidente: motociclista murió arrollada por un bus en Montería - El Tiempo,Montería (Casco Urbano / Sector en investigación),Montería (Casco Urbano / Sector en investigación),,Montería,Bus / Transporte Público,1,0,Baja (Centroide General Montería),8.7508,-75.8814,https://news.google.com/rss/articles/CBMi5AFBVV95cUxQZ3JVRDFTd1l6VjdyOVN0UnFnWmdWSEE2d3dsVkY1RHFuZC1RblN2WURnMlhGZGJqZ1hOdGdGSzRva0dwdXlqZkFIdzBidTljQXhXUWxPcHhEd1ZDUXZ2TGZYZEZTbWthSjhsbHZrdXZrTWl1RjdSZVBHdnNJdjh1NE9Nd0ZTRS11aUtONlRKaFNvVnlLdEk5WkFOZ2hoVERLdnRYWWZqT3pDTGxwd3ZfbHBwTVk1cWNvemtsTVR1aldIUW5ldk5OTEtNY2NZd1dzZGplWThSRVluZGFXdUc1U0U1SjnSAeoBQVVfeXFMT2pTWnJqZ09KRUsyaFVaX3o3UGxNMU1OMFFua0l5T2twZGcxa3RjUlR6NS1TYVRoeUw3amRQckhfd181UGlYR0s0d2hZdGFkRVo3eXh2YkJjeUZVc3gwY2oxaEhnVVBNVC1lcTk0a2R2ejRPb3A5T3AtMnAzXzE3aERHN3RMOUJ3TzNPdGU2Q0ZPeklDdkV3YndONV9PeDNwWTFMN2VhbmtxdDkwRHh0UzZfTWpyWm1aVzdfaGFlbzJ1cm5pcmkzaF9uWC1JYUtiMzZWbXphOHdUendzRlNlSk1EUEhtckE2YkJn?oc=5,"<a href=""https://news.google.com/rss/articles/CBMi5AFBVV95cUxQZ3JVRDFTd1l6VjdyOVN0UnFnWmdWSEE2d3dsVkY1RHFuZC1RblN2WURnMlhGZGJqZ1hOdGdGSzRva0dwdXlqZkFIdzBidTljQXhXUWxPcHhEd1ZDUXZ2TGZYZEZTbWthSjhsbHZrdXZrTWl1RjdSZVBHdnNJdjh1NE9Nd0ZTRS11aUtONlRKaFNvVnlLdEk5WkFOZ2hoVERLdnRYWWZqT3pDTGxwd3ZfbHBwTVk1cWNvemtsTVR1aldIUW5ldk5OTEtNY2NZd1dzZGplWThSRVluZGFXdUc1U0U1SjnSAeoBQVVfeXFMT2pTWnJqZ09KRUsyaFVaX3o3UGxNMU1OMFFua0l5T2twZGcxa3RjUlR6NS1TYVRoeUw3amRQckhfd181UGlYR0s0d2hZdGFkRVo3eXh2YkJjeUZVc3gwY2oxaEhnVVBNVC1lcTk0a2R2ejRPb3A5T3AtMnAzXzE3aERHN3RMOUJ3TzNPdGU2Q0ZPeklDdkV3YndONV9PeDNwWTFMN2VhbmtxdDkwRHh0UzZfTWpyWm1aVzdfaGFlbzJ1cm5pcmkzaF9uWC1JYUtiMzZWbXphOHdUendzRlNlSk1EUEhtckE2YkJn?oc=5"" target=""_blank"" class=""btn-link"">🔗 Abrir Noticia</a>",[🔗 Abrir Noticia](https://news.google.com/rss/articles/CBMi5AFBVV95cUxQZ3JVRDFTd1l6VjdyOVN0UnFnWmdWSEE2d3dsVkY1RHFuZC1RblN2WURnMlhGZGJqZ1hOdGdGSzRva0dwdXlqZkFIdzBidTljQXhXUWxPcHhEd1ZDUXZ2TGZYZEZTbWthSjhsbHZrdXZrTWl1RjdSZVBHdnNJdjh1NE9Nd0ZTRS11aUtONlRKaFNvVnlLdEk5WkFOZ2hoVERLdnRYWWZqT3pDTGxwd3ZfbHBwTVk1cWNvemtsTVR1aldIUW5ldk5OTEtNY2NZd1dzZGplWThSRVluZGFXdUc1U0U1SjnSAeoBQVVfeXFMT2pTWnJqZ09KRUsyaFVaX3o3UGxNMU1OMFFua0l5T2twZGcxa3RjUlR6NS1TYVRoeUw3amRQckhfd181UGlYR0s0d2hZdGFkRVo3eXh2YkJjeUZVc3gwY2oxaEhnVVBNVC1lcTk0a2R2ejRPb3A5T3AtMnAzXzE3aERHN3RMOUJ3TzNPdGU2Q0ZPeklDdkV3YndONV9PeDNwWTFMN2VhbmtxdDkwRHh0UzZfTWpyWm1aVzdfaGFlbzJ1cm5pcmkzaF9uWC1JYUtiMzZWbXphOHdUendzRlNlSk1EUEhtckE2YkJn?oc=5),En video quedó registrado fatal accidente: motociclista murió arrollada por un bus en Montería El Tiempo,4f04bc171acf5b2c7b84dfd773847d65d0314b100313a7c98b6ed4894c87868c,2026-08-13 17:04:49
45,🟡 Pendiente (Verificar Noticia),2026-08-13,2026-08-13,Caracol Radio,"Exgobernador de Córdoba atropella a cinco personas, incluida una joven motociclista, y queda libre - Caracol Radio",Montería (Casco Urbano / Sector en investigación),Montería (Casco Urbano / Sector en investigación),,Montería,No especificado,0,0,Baja (Centroide General Montería),8.7508,-75.8814,https://news.google.com/rss/articles/CBMiywFBVV95cUxPMnRDNUprZ3VZNDM2bnMtNWtuNGtka1MxeENtQjNDM2hVR0pmaF8waWJ0SHN4YlFxNUR5dHlENFV4czNaS1djZElkWkNkWnAwWjZwYllEOVBRSzI4NFlXTnZFdTQ5VGdNcFdxTGF2WlVPQkJYUFhnM2ZjN3Uwb2hnOUdBeGp2elpTUGdCN0x3em4wNlVWVEVic0QzNndodC1fYlNXdEJPVFFsN2RNeG1ILUQzRlgwZTkxT0xsWS1vcWFnd1hYVGVVRURNQdIB3wFBVV95cUxPWXdKR3BxTG1oYVZYLUtxcmROdFBaZ2VwekVPaDAtU1JOT1ZjbmZ0VDc5THRuRWIyMl8tTDRyU3RHX3U3U1FkMXo1b2s4dlBUZ21WLVh3NUZRc1Z2S3RoRm5CX2RabXdySkJ3TFpKdUlxZV9sWU4yYWtjelNRYmhlOXRpN2NDUDExZjdHSThRbUg2clNoZUEtYjREbFM1ZlE4Z0VtNkY3YXRxdGhpclYzVVFRMk42TVlKZnB6bFd3Wk9WQWI2Z3IwbGtCSXZSRDNrS2Jhb1VWRTB3cU1LWkFR?oc=5,"<a href=""https://news.google.com/rss/articles/CBMiywFBVV95cUxPMnRDNUprZ3VZNDM2bnMtNWtuNGtka1MxeENtQjNDM2hVR0pmaF8waWJ0SHN4YlFxNUR5dHlENFV4czNaS1djZElkWkNkWnAwWjZwYllEOVBRSzI4NFlXTnZFdTQ5VGdNcFdxTGF2WlVPQkJYUFhnM2ZjN3Uwb2hnOUdBeGp2elpTUGdCN0x3em4wNlVWVEVic0QzNndodC1fYlNXdEJPVFFsN2RNeG1ILUQzRlgwZTkxT0xsWS1vcWFnd1hYVGVVRURNQdIB3wFBVV95cUxPWXdKR3BxTG1oYVZYLUtxcmROdFBaZ2VwekVPaDAtU1JOT1ZjbmZ0VDc5THRuRWIyMl8tTDRyU3RHX3U3U1FkMXo1b2s4dlBUZ21WLVh3NUZRc1Z2S3RoRm5CX2RabXdySkJ3TFpKdUlxZV9sWU4yYWtjelNRYmhlOXRpN2NDUDExZjdHSThRbUg2clNoZUEtYjREbFM1ZlE4Z0VtNkY3YXRxdGhpclYzVVFRMk42TVlKZnB6bFd3Wk9WQWI2Z3IwbGtCSXZSRDNrS2Jhb1VWRTB3cU1LWkFR?oc=5"" target=""_blank"" class=""btn-link"">🔗 Abrir Noticia</a>",[🔗 Abrir Noticia](https://news.google.com/rss/articles/CBMiywFBVV95cUxPMnRDNUprZ3VZNDM2bnMtNWtuNGtka1MxeENtQjNDM2hVR0pmaF8waWJ0SHN4YlFxNUR5dHlENFV4czNaS1djZElkWkNkWnAwWjZwYllEOVBRSzI4NFlXTnZFdTQ5VGdNcFdxTGF2WlVPQkJYUFhnM2ZjN3Uwb2hnOUdBeGp2elpTUGdCN0x3em4wNlVWVEVic0QzNndodC1fYlNXdEJPVFFsN2RNeG1ILUQzRlgwZTkxT0xsWS1vcWFnd1hYVGVVRURNQdIB3wFBVV95cUxPWXdKR3BxTG1oYVZYLUtxcmROdFBaZ2VwekVPaDAtU1JOT1ZjbmZ0VDc5THRuRWIyMl8tTDRyU3RHX3U3U1FkMXo1b2s4dlBUZ21WLVh3NUZRc1Z2S3RoRm5CX2RabXdySkJ3TFpKdUlxZV9sWU4yYWtjelNRYmhlOXRpN2NDUDExZjdHSThRbUg2clNoZUEtYjREbFM1ZlE4Z0VtNkY3YXRxdGhpclYzVVFRMk42TVlKZnB6bFd3Wk9WQWI2Z3IwbGtCSXZSRDNrS2Jhb1VWRTB3cU1LWkFR?oc=5),"Exgobernador de Córdoba atropella a cinco personas, incluida una joven motociclista, y queda libre Caracol Radio",f3b24669567ff4fa3382a931bd12ec8987bf0c98e7fca7203df7a89d94cd64f6,2026-08-13 17:04:49
46,🟡 Pendiente (Verificar Noticia),2026-08-13,2026-08-13,Pulzo,Identifican a mujer que murió en brutal accidente contra camión; iba en moto de parrillera - Pulzo,Montería (Casco Urbano / Sector en investigación),Montería (Casco Urbano / Sector en investigación),,Montería,"Motocicleta, Camión / Carga",1,0,Baja (Centroide General Montería),8.7508,-75.8814,https://news.google.com/rss/articles/CBMiqgFBVV95cUxOdUFyeXRIaGZHbzJDZDhFTFJfblF1RzdtcVJ6a2JadmRRVFRZMG81NV83Y1JMaWplNjcteHRsZ3ltQk03T3RkWURYQjJxTGRucDl2X3ZtZ04xbHJlUDB5Tm1aaUg1UUFDT0ZicVg3S3FacExLX1lhVFVSMGJIaWphejI3R3E1V1Q4cU92TTVkdzNjd0dpM0pwZ3BoMzZRRV9UQU1oNE9QMml1QdIBrwFBVV95cUxNc1dFOTc1ZEJwU0x0ZXFrMTRobHA0SERxUlJuaHdHZ0FJSm5kdWlVNzVSemVSSmswdy1KbU5vQ0VDYlhOaHNqX3VzeUhDa3RncWtmWUNneVAybjNzOFlsbTgtLTk3cTFhekNCUjQ4MWFrYXUyaHhtaTMwS19VUGxkT1Y2UzJaZURMNFlDbnVXRXJmYnJ6ODE4Q2I1eHVIUDBCTmhCY2pXWWFYYXJSYWJj?oc=5,"<a href=""https://news.google.com/rss/articles/CBMiqgFBVV95cUxOdUFyeXRIaGZHbzJDZDhFTFJfblF1RzdtcVJ6a2JadmRRVFRZMG81NV83Y1JMaWplNjcteHRsZ3ltQk03T3RkWURYQjJxTGRucDl2X3ZtZ04xbHJlUDB5Tm1aaUg1UUFDT0ZicVg3S3FacExLX1lhVFVSMGJIaWphejI3R3E1V1Q4cU92TTVkdzNjd0dpM0pwZ3BoMzZRRV9UQU1oNE9QMml1QdIBrwFBVV95cUxNc1dFOTc1ZEJwU0x0ZXFrMTRobHA0SERxUlJuaHdHZ0FJSm5kdWlVNzVSemVSSmswdy1KbU5vQ0VDYlhOaHNqX3VzeUhDa3RncWtmWUNneVAybjNzOFlsbTgtLTk3cTFhekNCUjQ4MWFrYXUyaHhtaTMwS19VUGxkT1Y2UzJaZURMNFlDbnVXRXJmYnJ6ODE4Q2I1eHVIUDBCTmhCY2pXWWFYYXJSYWJj?oc=5"" target=""_blank"" class=""btn-link"">🔗 Abrir Noticia</a>",[🔗 Abrir Noticia](https://news.google.com/rss/articles/CBMiqgFBVV95cUxOdUFyeXRIaGZHbzJDZDhFTFJfblF1RzdtcVJ6a2JadmRRVFRZMG81NV83Y1JMaWplNjcteHRsZ3ltQk03T3RkWURYQjJxTGRucDl2X3ZtZ04xbHJlUDB5Tm1aaUg1UUFDT0ZicVg3S3FacExLX1lhVFVSMGJIaWphejI3R3E1V1Q4cU92TTVkdzNjd0dpM0pwZ3BoMzZRRV9UQU1oNE9QMml1QdIBrwFBVV95cUxNc1dFOTc1ZEJwU0x0ZXFrMTRobHA0SERxUlJuaHdHZ0FJSm5kdWlVNzVSemVSSmswdy1KbU5vQ0VDYlhOaHNqX3VzeUhDa3RncWtmWUNneVAybjNzOFlsbTgtLTk3cTFhekNCUjQ4MWFrYXUyaHhtaTMwS19VUGxkT1Y2UzJaZURMNFlDbnVXRXJmYnJ6ODE4Q2I1eHVIUDBCTmhCY2pXWWFYYXJSYWJj?oc=5),Identifican a mujer que murió en brutal accidente contra camión; iba en moto de parrillera Pulzo,022f8bdf8ab67a070427e818cb7de3c36e28df3881449c56fa3b64b5345c3f03,2026-08-13 17:04:49
47,🟡 Pendiente (Verificar Noticia),2026-08-13,2026-08-13,Revista Semana,"Conmoción en Montería: adolescente mató a una perrita, arrolló a su dueña y huyó - Revista Semana",Montería (Casco Urbano / Sector en investigación),Montería (Casco Urbano / Sector en investigación),,Montería,No especificado,0,0,Baja (Centroide General Montería),8.7508,-75.8814,https://news.google.com/rss/articles/CBMiwwFBVV95cUxOMGZpNmY3YUh3M0JOdmhabjBuUHItM3RMYVpHUmw2cHBrV1pYNF9lM3lRVlQ1NkxsMXhNN0NrbGp6cmowaXIzYzlrZkIxTHowc0NENXRVTld0REMyQ3ZVZXlqUkU3MWl4d3lEcGlnSFljTEVqaFpycDNuaDJwWURsNy0zTG9mc1luWnR5OWRhclp1VHpmTnlVYWd4cVgxcWEtUXV2NDIxbElMbXRoemdpcXY5Z2JITTBJTXg5bXljLURWdDDSAcgBQVVfeXFMTzRVcWxCWDBibklxQUNHTUxXdGs0bXAyVGZLWTlvQ1ozV3dwTDR6T05IUGxyMkJSWDZyOUdvVThvdjhlTm5JbVJEejRBcWVkREhuT3kzVklTSnhHSWJQMl9BcVVQTkw1clhucVBtcnNsTFlELXRhLVc0aVZRSGZ0cVVveGduRmhZY3R4NmZQcTlXQTBQT2FzQlZkblRNRE93Q051LUxTVDhWT04yekx5YU9KOTlrMDJhQzdrdXQ0TnRSenRqSDJYcEw?oc=5,"<a href=""https://news.google.com/rss/articles/CBMiwwFBVV95cUxOMGZpNmY3YUh3M0JOdmhabjBuUHItM3RMYVpHUmw2cHBrV1pYNF9lM3lRVlQ1NkxsMXhNN0NrbGp6cmowaXIzYzlrZkIxTHowc0NENXRVTld0REMyQ3ZVZXlqUkU3MWl4d3lEcGlnSFljTEVqaFpycDNuaDJwWURsNy0zTG9mc1luWnR5OWRhclp1VHpmTnlVYWd4cVgxcWEtUXV2NDIxbElMbXRoemdpcXY5Z2JITTBJTXg5bXljLURWdDDSAcgBQVVfeXFMTzRVcWxCWDBibklxQUNHTUxXdGs0bXAyVGZLWTlvQ1ozV3dwTDR6T05IUGxyMkJSWDZyOUdvVThvdjhlTm5JbVJEejRBcWVkREhuT3kzVklTSnhHSWJQMl9BcVVQTkw1clhucVBtcnNsTFlELXRhLVc0aVZRSGZ0cVVveGduRmhZY3R4NmZQcTlXQTBQT2FzQlZkblRNRE93Q051LUxTVDhWT04yekx5YU9KOTlrMDJhQzdrdXQ0TnRSenRqSDJYcEw?oc=5"" target=""_blank"" class=""btn-link"">🔗 Abrir Noticia</a>",[🔗 Abrir Noticia](https://news.google.com/rss/articles/CBMiwwFBVV95cUxOMGZpNmY3YUh3M0JOdmhabjBuUHItM3RMYVpHUmw2cHBrV1pYNF9lM3lRVlQ1NkxsMXhNN0NrbGp6cmowaXIzYzlrZkIxTHowc0NENXRVTld0REMyQ3ZVZXlqUkU3MWl4d3lEcGlnSFljTEVqaFpycDNuaDJwWURsNy0zTG9mc1luWnR5OWRhclp1VHpmTnlVYWd4cVgxcWEtUXV2NDIxbElMbXRoemdpcXY5Z2JITTBJTXg5bXljLURWdDDSAcgBQVVfeXFMTzRVcWxCWDBibklxQUNHTUxXdGs0bXAyVGZLWTlvQ1ozV3dwTDR6T05IUGxyMkJSWDZyOUdvVThvdjhlTm5JbVJEejRBcWVkREhuT3kzVklTSnhHSWJQMl9BcVVQTkw1clhucVBtcnNsTFlELXRhLVc0aVZRSGZ0cVVveGduRmhZY3R4NmZQcTlXQTBQT2FzQlZkblRNRE93Q051LUxTVDhWT04yekx5YU9KOTlrMDJhQzdrdXQ0TnRSenRqSDJYcEw?oc=5),"Conmoción en Montería: adolescente mató a una perrita, arrolló a su dueña y huyó Revista Semana",63e1c18692c3a78eddb3ae3bc28c22d4df982db9bc41c8b220681d987e5d92e2,2026-08-13 17:04:49
48,🟡 Pendiente (Verificar Noticia),2026-08-13,2026-08-13,Pulzo,Joven murió en accidente de moto porque se habría dormido; dicen que salió sin avisar - Pulzo,Montería (Casco Urbano / Sector en investigación),Montería (Casco Urbano / Sector en investigación),,Montería,Motocicleta,1,0,Baja (Centroide General Montería),8.7508,-75.8814,https://news.google.com/rss/articles/CBMiqwFBVV95cUxQV08tY0dUYUpZYVZYYkN3VjcyM1JBWFFiS05ZUWtlc09IMFhCQmF5SmFlMXYwZGNNdm5kLUNKT29vQ0FmTTkyeDRaSGVfaGFvRVk2bTlleTU4Zl9jN01RekZnSlJEOFNGSXBaNWoyVG9RQlNnMHFKMVpqQjZFak1qb1hSWVlwVjNCNVRHcllWT2syVVVvN0VVQnhwbENCNVRxZXhucTQ1NXYyT0nSAbABQVVfeXFMTXFuWnpoaU9JdTZtR2RDbmEtaWw5ODRYVVZzWU5qRjdJeWxJVjNtOGttVlFlaC1lZFBrQzlqUDF6cUlpc0FoZGYzdzJ6cFpXSi1SNWpQUmZhRk5IeGUtQUVMR19sMUExYUw4emlSQTVxUUROX1BJdUI5ZTUxR1NjTDcyR3hMSTNrdDNqR1FtRkVmTUJ5czJ6YUo1N25GVFZVaUdHVDFVTFRrckxkSTkyTWs?oc=5,"<a href=""https://news.google.com/rss/articles/CBMiqwFBVV95cUxQV08tY0dUYUpZYVZYYkN3VjcyM1JBWFFiS05ZUWtlc09IMFhCQmF5SmFlMXYwZGNNdm5kLUNKT29vQ0FmTTkyeDRaSGVfaGFvRVk2bTlleTU4Zl9jN01RekZnSlJEOFNGSXBaNWoyVG9RQlNnMHFKMVpqQjZFak1qb1hSWVlwVjNCNVRHcllWT2syVVVvN0VVQnhwbENCNVRxZXhucTQ1NXYyT0nSAbABQVVfeXFMTXFuWnpoaU9JdTZtR2RDbmEtaWw5ODRYVVZzWU5qRjdJeWxJVjNtOGttVlFlaC1lZFBrQzlqUDF6cUlpc0FoZGYzdzJ6cFpXSi1SNWpQUmZhRk5IeGUtQUVMR19sMUExYUw4emlSQTVxUUROX1BJdUI5ZTUxR1NjTDcyR3hMSTNrdDNqR1FtRkVmTUJ5czJ6YUo1N25GVFZVaUdHVDFVTFRrckxkSTkyTWs?oc=5"" target=""_blank"" class=""btn-link"">🔗 Abrir Noticia</a>",[🔗 Abrir Noticia](https://news.google.com/rss/articles/CBMiqwFBVV95cUxQV08tY0dUYUpZYVZYYkN3VjcyM1JBWFFiS05ZUWtlc09IMFhCQmF5SmFlMXYwZGNNdm5kLUNKT29vQ0FmTTkyeDRaSGVfaGFvRVk2bTlleTU4Zl9jN01RekZnSlJEOFNGSXBaNWoyVG9RQlNnMHFKMVpqQjZFak1qb1hSWVlwVjNCNVRHcllWT2syVVVvN0VVQnhwbENCNVRxZXhucTQ1NXYyT0nSAbABQVVfeXFMTXFuWnpoaU9JdTZtR2RDbmEtaWw5ODRYVVZzWU5qRjdJeWxJVjNtOGttVlFlaC1lZFBrQzlqUDF6cUlpc0FoZGYzdzJ6cFpXSi1SNWpQUmZhRk5IeGUtQUVMR19sMUExYUw4emlSQTVxUUROX1BJdUI5ZTUxR1NjTDcyR3hMSTNrdDNqR1FtRkVmTUJ5czJ6YUo1N25GVFZVaUdHVDFVTFRrckxkSTkyTWs?oc=5),Joven murió en accidente de moto porque se habría dormido; dicen que salió sin avisar Pulzo,061e46bf666613b39d11703b1f74f9ae4eae618383387c4e289dd9f53a8ecc90,2026-08-13 17:04:49
49,🟡 Pendiente (Verificar Noticia),2026-08-13,2026-08-13,El Colombiano,Un choque entre un bus de Brasilia y una ambulancia dejó cuatro muertos en la vía Montería - Planeta Rica | El Colombiano - El Colombiano,"Municipio de Planeta Rica, Córdoba","Municipio de Planeta Rica, Córdoba",,Montería,Bus / Transporte Público,1,0,Baja (Centroide General Montería),8.7508,-75.8814,https://news.google.com/rss/articles/CBMiwgFBVV95cUxOcDhCYXlDT1RpS0V6OHRMeGhLNUx0TFp2OVRkU0ptaEsyNFBSQi1GbEhONEJkREs4UTJ0eVhsczJzQXFEWXFxNHB5YkZQUVZPSm1qQVFubm1Fakl0T1VQcVpZdU5DNDBLNHBJWEljUW9Fb3dMYTh6Wm5oVlkyVzExcFdPUG01N1luM1ZaQUduRmVub0htdUdyRzFzcmtHZ2RvbXJxMjZkTk9MRWZqb3JaaWNmYkxIbUE4Q09ld3dJakpUQdIBxwFBVV95cUxNSnd4YVpTd0FMdXJKLVl4bVBWYjRQWmRkQkhReS0xMjlDeVZoSDZnd2JBd2tfYjI5SEJISDVZcXAtV1duVTUyZlBOenkwajl1dlpmWjMwNm9SZVA4SkdwSXBPM1JfQ3o5UERDMXk2MEdWcDNXWTdiWEJvLU56eFVQb3kyalhsU1NITUlRRldxeDM5d0dqYjRmNmFsVHhZZFlVeWQ4b0ZQaGZNVG9BVWxfSUdvZ1l5TnVNYmw5ZE5tbzJ3YW1hYTg0?oc=5,"<a href=""https://news.google.com/rss/articles/CBMiwgFBVV95cUxOcDhCYXlDT1RpS0V6OHRMeGhLNUx0TFp2OVRkU0ptaEsyNFBSQi1GbEhONEJkREs4UTJ0eVhsczJzQXFEWXFxNHB5YkZQUVZPSm1qQVFubm1Fakl0T1VQcVpZdU5DNDBLNHBJWEljUW9Fb3dMYTh6Wm5oVlkyVzExcFdPUG01N1luM1ZaQUduRmVub0htdUdyRzFzcmtHZ2RvbXJxMjZkTk9MRWZqb3JaaWNmYkxIbUE4Q09ld3dJakpUQdIBxwFBVV95cUxNSnd4YVpTd0FMdXJKLVl4bVBWYjRQWmRkQkhReS0xMjlDeVZoSDZnd2JBd2tfYjI5SEJISDVZcXAtV1duVTUyZlBOenkwajl1dlpmWjMwNm9SZVA4SkdwSXBPM1JfQ3o5UERDMXk2MEdWcDNXWTdiWEJvLU56eFVQb3kyalhsU1NITUlRRldxeDM5d0dqYjRmNmFsVHhZZFlVeWQ4b0ZQaGZNVG9BVWxfSUdvZ1l5TnVNYmw5ZE5tbzJ3YW1hYTg0?oc=5"" target=""_blank"" class=""btn-link"">🔗 Abrir Noticia</a>",[🔗 Abrir Noticia](https://news.google.com/rss/articles/CBMiwgFBVV95cUxOcDhCYXlDT1RpS0V6OHRMeGhLNUx0TFp2OVRkU0ptaEsyNFBSQi1GbEhONEJkREs4UTJ0eVhsczJzQXFEWXFxNHB5YkZQUVZPSm1qQVFubm1Fakl0T1VQcVpZdU5DNDBLNHBJWEljUW9Fb3dMYTh6Wm5oVlkyVzExcFdPUG01N1luM1ZaQUduRmVub0htdUdyRzFzcmtHZ2RvbXJxMjZkTk9MRWZqb3JaaWNmYkxIbUE4Q09ld3dJakpUQdIBxwFBVV95cUxNSnd4YVpTd0FMdXJKLVl4bVBWYjRQWmRkQkhReS0xMjlDeVZoSDZnd2JBd2tfYjI5SEJISDVZcXAtV1duVTUyZlBOenkwajl1dlpmWjMwNm9SZVA4SkdwSXBPM1JfQ3o5UERDMXk2MEdWcDNXWTdiWEJvLU56eFVQb3kyalhsU1NITUlRRldxeDM5d0dqYjRmNmFsVHhZZFlVeWQ4b0ZQaGZNVG9BVWxfSUdvZ1l5TnVNYmw5ZE5tbzJ3YW1hYTg0?oc=5),Un choque entre un bus de Brasilia y una ambulancia dejó cuatro muertos en la vía Montería - Planeta Rica | El Colombiano El Colombiano,beb66227c6dca383fe703c4b55c1ce64627e9a2cfe23469b0a555c6ec14e2b58,2026-08-13 17:04:49
50,🟡 Pendiente (Verificar Noticia),2026-08-13,2026-08-13,rionoticias.co,Muere conductor en choque frontal en la vía Montería–Planeta Rica - rionoticias.co,"Municipio de Planeta Rica, Córdoba","Municipio de Planeta Rica, Córdoba",,Montería,No especificado,0,0,Baja (Centroide General Montería),8.7508,-75.8814,https://news.google.com/rss/articles/CBMikwFBVV95cUxPODBXTjdFQmtaNFRHMDZqN2JaWDF2OHRmSE1OWkJZZm0zYlIyOXI2TFNXWnhrSjI5SnpFaDlyZ1h4TWlaVGtOYTRxclh5SEdDa0pseUVLSFRpNU1laEJJR1hham1zZDRQTFd4RldETFZPNTJJbmpwMEpJRC1nS3RHREdGaFBkejNkelJ3MnhKa0RMdmfSAZgBQVVfeXFMTV9wY0tJbnR0VXo3NmhaejczMldSYlRFZzV3MEd3QnRvRm0zTDd1LTZzbDkyUTFYTzNjc2xmNlRYZ3RVRFduN1NtRTJzWlNtYmgtUmFZM0lUVERhaV9kcC1STG5WdHlSRjRJaEdMazFiR0dpdE9wVnF0cDBBSEt6ZUNsT1F2RWt1MEd1LUs2Y1ptRmVYeDFrcGQ?oc=5,"<a href=""https://news.google.com/rss/articles/CBMikwFBVV95cUxPODBXTjdFQmtaNFRHMDZqN2JaWDF2OHRmSE1OWkJZZm0zYlIyOXI2TFNXWnhrSjI5SnpFaDlyZ1h4TWlaVGtOYTRxclh5SEdDa0pseUVLSFRpNU1laEJJR1hham1zZDRQTFd4RldETFZPNTJJbmpwMEpJRC1nS3RHREdGaFBkejNkelJ3MnhKa0RMdmfSAZgBQVVfeXFMTV9wY0tJbnR0VXo3NmhaejczMldSYlRFZzV3MEd3QnRvRm0zTDd1LTZzbDkyUTFYTzNjc2xmNlRYZ3RVRFduN1NtRTJzWlNtYmgtUmFZM0lUVERhaV9kcC1STG5WdHlSRjRJaEdMazFiR0dpdE9wVnF0cDBBSEt6ZUNsT1F2RWt1MEd1LUs2Y1ptRmVYeDFrcGQ?oc=5"" target=""_blank"" class=""btn-link"">🔗 Abrir Noticia</a>",[🔗 Abrir Noticia](https://news.google.com/rss/articles/CBMikwFBVV95cUxPODBXTjdFQmtaNFRHMDZqN2JaWDF2OHRmSE1OWkJZZm0zYlIyOXI2TFNXWnhrSjI5SnpFaDlyZ1h4TWlaVGtOYTRxclh5SEdDa0pseUVLSFRpNU1laEJJR1hham1zZDRQTFd4RldETFZPNTJJbmpwMEpJRC1nS3RHREdGaFBkejNkelJ3MnhKa0RMdmfSAZgBQVVfeXFMTV9wY0tJbnR0VXo3NmhaejczMldSYlRFZzV3MEd3QnRvRm0zTDd1LTZzbDkyUTFYTzNjc2xmNlRYZ3RVRFduN1NtRTJzWlNtYmgtUmFZM0lUVERhaV9kcC1STG5WdHlSRjRJaEdMazFiR0dpdE9wVnF0cDBBSEt6ZUNsT1F2RWt1MEd1LUs2Y1ptRmVYeDFrcGQ?oc=5),Muere conductor en choque frontal en la vía Montería–Planeta Rica rionoticias.co,0cd1592f15c562ea805ca513e5e0622e986efbbd42efd77dde38677268840ca7,2026-08-13 17:04:49
51,🟡 Pendiente (Verificar Noticia),2026-08-13,2026-08-13,El Meridiano,Gobernación de Córdoba lamenta accidente vial ocurrido Planeta Rica - Montería - El Meridiano,"Municipio de Planeta Rica, Córdoba","Municipio de Planeta Rica, Córdoba",,Montería,No especificado,0,0,Baja (Centroide General Montería),8.7508,-75.8814,https://news.google.com/rss/articles/CBMitgFBVV95cUxQbVFnNWdEMHJ4djN4Q0ppMWxsNVBZcnEwaTZJZDExa0hiQjFNcWcza3A4N0habXpKbDBDZzV5aERQQ1Izd252R0lFY2VUNV9FWUhhOVFWZjI0VWFiVUdVN3B0N1pIR2dtaG5rZTNYSm9fQkF2b0ZicGMtSDdDZElObHFuRFdjTEpGaTE3MFpjNl9SdmVYMXl3U2JyMmlxVWRCS1dqZDJPWFVEMTRRV1otSlRoQ2pXQQ?oc=5,"<a href=""https://news.google.com/rss/articles/CBMitgFBVV95cUxQbVFnNWdEMHJ4djN4Q0ppMWxsNVBZcnEwaTZJZDExa0hiQjFNcWcza3A4N0habXpKbDBDZzV5aERQQ1Izd252R0lFY2VUNV9FWUhhOVFWZjI0VWFiVUdVN3B0N1pIR2dtaG5rZTNYSm9fQkF2b0ZicGMtSDdDZElObHFuRFdjTEpGaTE3MFpjNl9SdmVYMXl3U2JyMmlxVWRCS1dqZDJPWFVEMTRRV1otSlRoQ2pXQQ?oc=5"" target=""_blank"" class=""btn-link"">🔗 Abrir Noticia</a>",[🔗 Abrir Noticia](https://news.google.com/rss/articles/CBMitgFBVV95cUxQbVFnNWdEMHJ4djN4Q0ppMWxsNVBZcnEwaTZJZDExa0hiQjFNcWcza3A4N0habXpKbDBDZzV5aERQQ1Izd252R0lFY2VUNV9FWUhhOVFWZjI0VWFiVUdVN3B0N1pIR2dtaG5rZTNYSm9fQkF2b0ZicGMtSDdDZElObHFuRFdjTEpGaTE3MFpjNl9SdmVYMXl3U2JyMmlxVWRCS1dqZDJPWFVEMTRRV1otSlRoQ2pXQQ?oc=5),Gobernación de Córdoba lamenta accidente vial ocurrido Planeta Rica - Montería El Meridiano,ce2f0559ef14cc73adc512450510185dfacb50b355e6186b5236b4ede8711590,2026-08-13 17:04:49
52,🟡 Pendiente (Verificar Noticia),2026-08-13,2026-08-13,Pulzo,"[Video] Impactante accidente entre bus y ambulancia causó pánico; vehículos, destrozados - Pulzo",Montería (Casco Urbano / Sector en investigación),Montería (Casco Urbano / Sector en investigación),,Montería,Bus / Transporte Público,0,0,Baja (Centroide General Montería),8.7508,-75.8814,https://news.google.com/rss/articles/CBMioAFBVV95cUxNUTVsUVNkbk5HM18zSVdJNndQWmRrbDNoX05iRU9WcHNtdFlkczItQWN2Y3hmV29KSXB4aDFOUWVQSV92NU9yQ1U3Zml3ajNuNE5uZHlHRkRNZHNpcm9tZWpzVHZyX1B0dUw5RUl6bEstNFZERUZBZlhlLXhMYzlEZEhMeTVWVFZJaDNEZ3ZkTDJURkVpbFlmdUhlbkVYeC1Y0gGmAUFVX3lxTE84cnRiYl9IWmI3YXhHN09BZHFYOVJMTnhnNWI2bEdwcmpOZzhKR0NRZDN1ejhyYkl0b2tKbXBBSnR6bGZQSTlKRlJrb1FIQTYwc0JKeVh1eFZiLTlLd250WV9MMWo2M2s0M1VMM1o2cUJRNThvMm51RjZ3cFVlWHZnRTI3UjdlZ1FqeTVnbFJCdHJZMTVDYTBmWDBlWE5OMXNRb016b0E?oc=5,"<a href=""https://news.google.com/rss/articles/CBMioAFBVV95cUxNUTVsUVNkbk5HM18zSVdJNndQWmRrbDNoX05iRU9WcHNtdFlkczItQWN2Y3hmV29KSXB4aDFOUWVQSV92NU9yQ1U3Zml3ajNuNE5uZHlHRkRNZHNpcm9tZWpzVHZyX1B0dUw5RUl6bEstNFZERUZBZlhlLXhMYzlEZEhMeTVWVFZJaDNEZ3ZkTDJURkVpbFlmdUhlbkVYeC1Y0gGmAUFVX3lxTE84cnRiYl9IWmI3YXhHN09BZHFYOVJMTnhnNWI2bEdwcmpOZzhKR0NRZDN1ejhyYkl0b2tKbXBBSnR6bGZQSTlKRlJrb1FIQTYwc0JKeVh1eFZiLTlLd250WV9MMWo2M2s0M1VMM1o2cUJRNThvMm51RjZ3cFVlWHZnRTI3UjdlZ1FqeTVnbFJCdHJZMTVDYTBmWDBlWE5OMXNRb016b0E?oc=5"" target=""_blank"" class=""btn-link"">🔗 Abrir Noticia</a>",[🔗 Abrir Noticia](https://news.google.com/rss/articles/CBMioAFBVV95cUxNUTVsUVNkbk5HM18zSVdJNndQWmRrbDNoX05iRU9WcHNtdFlkczItQWN2Y3hmV29KSXB4aDFOUWVQSV92NU9yQ1U3Zml3ajNuNE5uZHlHRkRNZHNpcm9tZWpzVHZyX1B0dUw5RUl6bEstNFZERUZBZlhlLXhMYzlEZEhMeTVWVFZJaDNEZ3ZkTDJURkVpbFlmdUhlbkVYeC1Y0gGmAUFVX3lxTE84cnRiYl9IWmI3YXhHN09BZHFYOVJMTnhnNWI2bEdwcmpOZzhKR0NRZDN1ejhyYkl0b2tKbXBBSnR6bGZQSTlKRlJrb1FIQTYwc0JKeVh1eFZiLTlLd250WV9MMWo2M2s0M1VMM1o2cUJRNThvMm51RjZ3cFVlWHZnRTI3UjdlZ1FqeTVnbFJCdHJZMTVDYTBmWDBlWE5OMXNRb016b0E?oc=5),"[Video] Impactante accidente entre bus y ambulancia causó pánico; vehículos, destrozados Pulzo",9d3c83601c92a3bdcebd450816f61d895f11fb392c3dfee09c65d54a1d3fd289,2026-08-13 17:04:49
53,🟡 Pendiente (Verificar Noticia),2026-08-13,2026-08-13,El Meridiano,Identifican hombre que falleció en accidente - El Meridiano,Montería (Casco Urbano / Sector en investigación),Montería (Casco Urbano / Sector en investigación),,Montería,No especificado,1,0,Baja (Centroide General Montería),8.7508,-75.8814,https://news.google.com/rss/articles/CBMilgFBVV95cUxPS2xWTk10eFNoSHRaUWZSY29aYldnaENYWnJkSnZkaXRFLW52Wk1WTVd4dEJlQzZOVmFhRmQ4bGRCa051eDBHcWZJT0U5RmFVWHRhZDA5cldDQlR4TEhKSnhNdmZxcTRyNzdpZ3ZZN3N3RWo3eHRibGFpS1BrXzE0WmhwSHB3QjFRYy1Hc1pIaFVYNjlKYUE?oc=5,"<a href=""https://news.google.com/rss/articles/CBMilgFBVV95cUxPS2xWTk10eFNoSHRaUWZSY29aYldnaENYWnJkSnZkaXRFLW52Wk1WTVd4dEJlQzZOVmFhRmQ4bGRCa051eDBHcWZJT0U5RmFVWHRhZDA5cldDQlR4TEhKSnhNdmZxcTRyNzdpZ3ZZN3N3RWo3eHRibGFpS1BrXzE0WmhwSHB3QjFRYy1Hc1pIaFVYNjlKYUE?oc=5"" target=""_blank"" class=""btn-link"">🔗 Abrir Noticia</a>",[🔗 Abrir Noticia](https://news.google.com/rss/articles/CBMilgFBVV95cUxPS2xWTk10eFNoSHRaUWZSY29aYldnaENYWnJkSnZkaXRFLW52Wk1WTVd4dEJlQzZOVmFhRmQ4bGRCa051eDBHcWZJT0U5RmFVWHRhZDA5cldDQlR4TEhKSnhNdmZxcTRyNzdpZ3ZZN3N3RWo3eHRibGFpS1BrXzE0WmhwSHB3QjFRYy1Hc1pIaFVYNjlKYUE?oc=5),Identifican hombre que falleció en accidente El Meridiano,f6bdc620cf3076e1d3c9ab230269a18e3e7408e507f23f93fc48b7b9a1366ec8,2026-08-13 17:04:49
54,🟡 Pendiente (Verificar Noticia),2026-08-13,2026-08-13,El Meridiano,"Pareja se accidentó, la mujer perdió un brazo - El Meridiano",Montería (Casco Urbano / Sector en investigación),Montería (Casco Urbano / Sector en investigación),,Montería,No especificado,0,0,Baja (Centroide General Montería),8.7508,-75.8814,https://news.google.com/rss/articles/CBMijAFBVV95cUxNZHZiOG50RnJrdmVuYnM0QWtjOFRIRlY4UkdDNVVDRnRTTGk5TDMydXZaRDVRM1R4RE5tNXhFaHlEZ0ZNMHhBa1poVm12c3BoTzNRYUtjakxCQnhaMjBQSktaajZGSlZjQkhHN2xCdWdOdWNVUWh1V2NBUVVNV0oyOGpwRUg4UWc5eko4VQ?oc=5,"<a href=""https://news.google.com/rss/articles/CBMijAFBVV95cUxNZHZiOG50RnJrdmVuYnM0QWtjOFRIRlY4UkdDNVVDRnRTTGk5TDMydXZaRDVRM1R4RE5tNXhFaHlEZ0ZNMHhBa1poVm12c3BoTzNRYUtjakxCQnhaMjBQSktaajZGSlZjQkhHN2xCdWdOdWNVUWh1V2NBUVVNV0oyOGpwRUg4UWc5eko4VQ?oc=5"" target=""_blank"" class=""btn-link"">🔗 Abrir Noticia</a>",[🔗 Abrir Noticia](https://news.google.com/rss/articles/CBMijAFBVV95cUxNZHZiOG50RnJrdmVuYnM0QWtjOFRIRlY4UkdDNVVDRnRTTGk5TDMydXZaRDVRM1R4RE5tNXhFaHlEZ0ZNMHhBa1poVm12c3BoTzNRYUtjakxCQnhaMjBQSktaajZGSlZjQkhHN2xCdWdOdWNVUWh1V2NBUVVNV0oyOGpwRUg4UWc5eko4VQ?oc=5),"Pareja se accidentó, la mujer perdió un brazo El Meridiano",b73a3c4af11b859d3ebc5f84f382b71085c8aceefbfeb52b292100c6fc6c9d62,2026-08-13 17:04:49
55,🟡 Pendiente (Verificar Noticia),2026-08-13,2026-08-13,wradio.com.co,Muere líder de la comunidad Lgtbq+ en accidente de tránsito registrado en Montelíbano - wradio.com.co,"Municipio de Montelíbano, Córdoba","Municipio de Montelíbano, Córdoba",,Montelíbano,No especificado,0,0,Media (Centroide Municipio Córdoba),7.9786,-75.4189,https://news.google.com/rss/articles/CBMivwFBVV95cUxNMjdPVTYtXzRST0hDazZ6Q3l5VUNDLVVzRHRPTFJ3dWlNc2FCR0dsWFFlUTNFWTBzUjA2T0t1ZVd3OHk0eXFMNHN1cmVpM3MySzl3enhwNzBDT09jeFNWTlE0UWRVeDFsQkViTWpDSmo0aHRFMzhzY0R4U01TZXRwcHh6LTRXSG1hS1hYSDFJVWtuQXc1ajVNbVVDQUxSYi04aXNkLWNUbWpFdnBuVnI4Z3NoWDNyT1d6NEVFaWhhWdIB0wFBVV95cUxNRllVaXZmZndrZWl2RlU2SHppbm1ZQkY5OC1RUE9hLVEyM3BzQU03aGFrd0ZMWmw4V09xRHlRaVBTblpYeWpWSG1hOTBFZndzckFaVGJvc3lPNFhDMWZzbzRoUG9vLWVaZzlpb2NwcTNPYUdtTGtiSmp2OVNycUVnTFVvbmczeDFERDU5R3d3VU05dnltR2VucTlodExaZkpxXy00V0EzUzRoZlhGeV95c0FkamJVRGtRSFhZWDJXb2N1WG5xdlhSbFdRZld4Vmk0QTBr?oc=5,"<a href=""https://news.google.com/rss/articles/CBMivwFBVV95cUxNMjdPVTYtXzRST0hDazZ6Q3l5VUNDLVVzRHRPTFJ3dWlNc2FCR0dsWFFlUTNFWTBzUjA2T0t1ZVd3OHk0eXFMNHN1cmVpM3MySzl3enhwNzBDT09jeFNWTlE0UWRVeDFsQkViTWpDSmo0aHRFMzhzY0R4U01TZXRwcHh6LTRXSG1hS1hYSDFJVWtuQXc1ajVNbVVDQUxSYi04aXNkLWNUbWpFdnBuVnI4Z3NoWDNyT1d6NEVFaWhhWdIB0wFBVV95cUxNRllVaXZmZndrZWl2RlU2SHppbm1ZQkY5OC1RUE9hLVEyM3BzQU03aGFrd0ZMWmw4V09xRHlRaVBTblpYeWpWSG1hOTBFZndzckFaVGJvc3lPNFhDMWZzbzRoUG9vLWVaZzlpb2NwcTNPYUdtTGtiSmp2OVNycUVnTFVvbmczeDFERDU5R3d3VU05dnltR2VucTlodExaZkpxXy00V0EzUzRoZlhGeV95c0FkamJVRGtRSFhZWDJXb2N1WG5xdlhSbFdRZld4Vmk0QTBr?oc=5"" target=""_blank"" class=""btn-link"">🔗 Abrir Noticia</a>",[🔗 Abrir Noticia](https://news.google.com/rss/articles/CBMivwFBVV95cUxNMjdPVTYtXzRST0hDazZ6Q3l5VUNDLVVzRHRPTFJ3dWlNc2FCR0dsWFFlUTNFWTBzUjA2T0t1ZVd3OHk0eXFMNHN1cmVpM3MySzl3enhwNzBDT09jeFNWTlE0UWRVeDFsQkViTWpDSmo0aHRFMzhzY0R4U01TZXRwcHh6LTRXSG1hS1hYSDFJVWtuQXc1ajVNbVVDQUxSYi04aXNkLWNUbWpFdnBuVnI4Z3NoWDNyT1d6NEVFaWhhWdIB0wFBVV95cUxNRllVaXZmZndrZWl2RlU2SHppbm1ZQkY5OC1RUE9hLVEyM3BzQU03aGFrd0ZMWmw4V09xRHlRaVBTblpYeWpWSG1hOTBFZndzckFaVGJvc3lPNFhDMWZzbzRoUG9vLWVaZzlpb2NwcTNPYUdtTGtiSmp2OVNycUVnTFVvbmczeDFERDU5R3d3VU05dnltR2VucTlodExaZkpxXy00V0EzUzRoZlhGeV95c0FkamJVRGtRSFhZWDJXb2N1WG5xdlhSbFdRZld4Vmk0QTBr?oc=5),Muere líder de la comunidad Lgtbq+ en accidente de tránsito registrado en Montelíbano wradio.com.co,9579dfcc8e9d0acc5aeb9b8c5b4c745cbb1fbc0fca6d99b2c16bf8da78aa96b7,2026-08-13 17:04:49
56,🟢 Verificada / Específica,2026-08-13,2026-08-13,El Meridiano,"Accidente de tránsito en la glorieta de Mocarí, dejó 5 heridos - El Meridiano","Sector/Barrio Glorieta de Mocarí, Montería","Sector/Barrio Glorieta de Mocarí, Montería",Glorieta de Mocarí,Montería,No especificado,0,1,Alta (Centroide Hito/Barrio Verificado),8.7952,-75.8621,https://news.google.com/rss/articles/CBMiowFBVV95cUxOVmpMR3QzRHU1aWNDdTNGdW55MG9nSkstSVhwaHJxdl8zOE90V2VCWXVnc2JITzd5dDdmQXk5UE1zU1dfS1ZiVXk1Wmp4cFYwckFFVzByLTNPYTB4SXV5ODRxM0ZVSzNkRmVSZk5JaV9yMmhIcnRQbG82bzgwZ1Z1OUtEYW9WR3ZuOUljNDNaTGRQNm9zMEx1VHIxS2lob3hrYkJj?oc=5,"<a href=""https://news.google.com/rss/articles/CBMiowFBVV95cUxOVmpMR3QzRHU1aWNDdTNGdW55MG9nSkstSVhwaHJxdl8zOE90V2VCWXVnc2JITzd5dDdmQXk5UE1zU1dfS1ZiVXk1Wmp4cFYwckFFVzByLTNPYTB4SXV5ODRxM0ZVSzNkRmVSZk5JaV9yMmhIcnRQbG82bzgwZ1Z1OUtEYW9WR3ZuOUljNDNaTGRQNm9zMEx1VHIxS2lob3hrYkJj?oc=5"" target=""_blank"" class=""btn-link"">🔗 Abrir Noticia</a>",[🔗 Abrir Noticia](https://news.google.com/rss/articles/CBMiowFBVV95cUxOVmpMR3QzRHU1aWNDdTNGdW55MG9nSkstSVhwaHJxdl8zOE90V2VCWXVnc2JITzd5dDdmQXk5UE1zU1dfS1ZiVXk1Wmp4cFYwckFFVzByLTNPYTB4SXV5ODRxM0ZVSzNkRmVSZk5JaV9yMmhIcnRQbG82bzgwZ1Z1OUtEYW9WR3ZuOUljNDNaTGRQNm9zMEx1VHIxS2lob3hrYkJj?oc=5),"Accidente de tránsito en la glorieta de Mocarí, dejó 5 heridos El Meridiano",0088afa0631b04f1fc4c32652273f6b4b8beb9ecf9ce01fc5e24336d81735441,2026-08-13 17:04:49
57,🟡 Pendiente (Verificar Noticia),2026-08-13,2026-08-13,Pulzo,Mujer murió en brutal accidente cuando iba en moto con su pareja; camión los embistió - Pulzo,Montería (Casco Urbano / Sector en investigación),Montería (Casco Urbano / Sector en investigación),,Montería,"Motocicleta, Camión / Carga",1,0,Baja (Centroide General Montería),8.7508,-75.8814,https://news.google.com/rss/articles/CBMipgFBVV95cUxNWlJ6VXlmSm56MkNtQWczZGxLTnNwQmdPLVJ4Ylh1ZENrc1pvN2dQcEhCQzRodU0yaDhHSGl5UzVJeTlhUTAtSVZDeTB4VHBqTzJXZ3M5YnJtcGNtOVprZmZkSW1FQkFGZW5vWTVNZHg4TlIwbnc4WS1CTEpkUWNhdE1uT2ZmcUtTQVlHZkt4ZnUxTmJHR280NXdTLXF6N3hOV095ZDNR0gGrAUFVX3lxTE16S1JNSk9COWNVa0l3Sk1VdHJkcGJ1ellEdTZZdHNqcjJVbWZCS3BGcTVIaEFoTkI0MVJFS2c0cGtsR3lidVc4NXRmWm9NZmEzMFExcjh1M0NrQ3EzM283dGhmTzlGLTh5V2tHQTZTRGl6VHFNUFJNTmZGb3o0Z1loaTFfUm9hZEVlZmhxRmpNNERrZ2l0OUZuM1dBUkpmMkxfMzdKN1dpRFpKNA?oc=5,"<a href=""https://news.google.com/rss/articles/CBMipgFBVV95cUxNWlJ6VXlmSm56MkNtQWczZGxLTnNwQmdPLVJ4Ylh1ZENrc1pvN2dQcEhCQzRodU0yaDhHSGl5UzVJeTlhUTAtSVZDeTB4VHBqTzJXZ3M5YnJtcGNtOVprZmZkSW1FQkFGZW5vWTVNZHg4TlIwbnc4WS1CTEpkUWNhdE1uT2ZmcUtTQVlHZkt4ZnUxTmJHR280NXdTLXF6N3hOV095ZDNR0gGrAUFVX3lxTE16S1JNSk9COWNVa0l3Sk1VdHJkcGJ1ellEdTZZdHNqcjJVbWZCS3BGcTVIaEFoTkI0MVJFS2c0cGtsR3lidVc4NXRmWm9NZmEzMFExcjh1M0NrQ3EzM283dGhmTzlGLTh5V2tHQTZTRGl6VHFNUFJNTmZGb3o0Z1loaTFfUm9hZEVlZmhxRmpNNERrZ2l0OUZuM1dBUkpmMkxfMzdKN1dpRFpKNA?oc=5"" target=""_blank"" class=""btn-link"">🔗 Abrir Noticia</a>",[🔗 Abrir Noticia](https://news.google.com/rss/articles/CBMipgFBVV95cUxNWlJ6VXlmSm56MkNtQWczZGxLTnNwQmdPLVJ4Ylh1ZENrc1pvN2dQcEhCQzRodU0yaDhHSGl5UzVJeTlhUTAtSVZDeTB4VHBqTzJXZ3M5YnJtcGNtOVprZmZkSW1FQkFGZW5vWTVNZHg4TlIwbnc4WS1CTEpkUWNhdE1uT2ZmcUtTQVlHZkt4ZnUxTmJHR280NXdTLXF6N3hOV095ZDNR0gGrAUFVX3lxTE16S1JNSk9COWNVa0l3Sk1VdHJkcGJ1ellEdTZZdHNqcjJVbWZCS3BGcTVIaEFoTkI0MVJFS2c0cGtsR3lidVc4NXRmWm9NZmEzMFExcjh1M0NrQ3EzM283dGhmTzlGLTh5V2tHQTZTRGl6VHFNUFJNTmZGb3o0Z1loaTFfUm9hZEVlZmhxRmpNNERrZ2l0OUZuM1dBUkpmMkxfMzdKN1dpRFpKNA?oc=5),Mujer murió en brutal accidente cuando iba en moto con su pareja; camión los embistió Pulzo,57ff9fd83ab693954a5b6f8e5f78856ffa05eed84f9a1a2e8a1a3f8127dc4c71,2026-08-13 17:04:49
58,🟡 Pendiente (Verificar Noticia),2026-08-13,2026-08-13,Pulzo,"Periodista colombiano murió en impactante accidente, luego de chocar de frente contra moto - Pulzo",Montería (Casco Urbano / Sector en investigación),Montería (Casco Urbano / Sector en investigación),,Montería,Motocicleta,1,0,Baja (Centroide General Montería),8.7508,-75.8814,https://news.google.com/rss/articles/CBMirgFBVV95cUxQQWZJYS1YN2lNbG9MZVdEYTR5THA2YkJ2aFIxVURLLTFoNE5mbkdJS0dyeWhjQlpVVnFXUWxSQ0E5ejlnWXlYWG5uUGtMVzZmN1lRZTU2Zm5HN01fS3dibmFBQUhua3FSRFlUUUd0eHluREtDaU1uMVkzVV9wbDBJN0E1dGNVTnVQN05FazVocUhqVG5ZN2Y4YUdOLVpqVkdUcmZsVXhISUZsaG1SVkHSAbMBQVVfeXFMTkd1WDN4ekRET1oxcGpudzJXTU5zSWhNU1loVVdSUnNpX0FvWkE4a3VteW1oMTZWc2hJTUpuLUtmZEpfWHB2UU95a3JjLVhCVDlwaUNiMkpCQWgyOUFKcDI0bVBucmtIeVVWM1VlVElEdjBJbDR1U3hOZWtncXpMQWFaSUZFWHVTbDFzQnVmNDV4Qk8xOHgzNEEtUUhtZXc3RmRsdG14MXBTamwzRVN0cE5IRm8?oc=5,"<a href=""https://news.google.com/rss/articles/CBMirgFBVV95cUxQQWZJYS1YN2lNbG9MZVdEYTR5THA2YkJ2aFIxVURLLTFoNE5mbkdJS0dyeWhjQlpVVnFXUWxSQ0E5ejlnWXlYWG5uUGtMVzZmN1lRZTU2Zm5HN01fS3dibmFBQUhua3FSRFlUUUd0eHluREtDaU1uMVkzVV9wbDBJN0E1dGNVTnVQN05FazVocUhqVG5ZN2Y4YUdOLVpqVkdUcmZsVXhISUZsaG1SVkHSAbMBQVVfeXFMTkd1WDN4ekRET1oxcGpudzJXTU5zSWhNU1loVVdSUnNpX0FvWkE4a3VteW1oMTZWc2hJTUpuLUtmZEpfWHB2UU95a3JjLVhCVDlwaUNiMkpCQWgyOUFKcDI0bVBucmtIeVVWM1VlVElEdjBJbDR1U3hOZWtncXpMQWFaSUZFWHVTbDFzQnVmNDV4Qk8xOHgzNEEtUUhtZXc3RmRsdG14MXBTamwzRVN0cE5IRm8?oc=5"" target=""_blank"" class=""btn-link"">🔗 Abrir Noticia</a>",[🔗 Abrir Noticia](https://news.google.com/rss/articles/CBMirgFBVV95cUxQQWZJYS1YN2lNbG9MZVdEYTR5THA2YkJ2aFIxVURLLTFoNE5mbkdJS0dyeWhjQlpVVnFXUWxSQ0E5ejlnWXlYWG5uUGtMVzZmN1lRZTU2Zm5HN01fS3dibmFBQUhua3FSRFlUUUd0eHluREtDaU1uMVkzVV9wbDBJN0E1dGNVTnVQN05FazVocUhqVG5ZN2Y4YUdOLVpqVkdUcmZsVXhISUZsaG1SVkHSAbMBQVVfeXFMTkd1WDN4ekRET1oxcGpudzJXTU5zSWhNU1loVVdSUnNpX0FvWkE4a3VteW1oMTZWc2hJTUpuLUtmZEpfWHB2UU95a3JjLVhCVDlwaUNiMkpCQWgyOUFKcDI0bVBucmtIeVVWM1VlVElEdjBJbDR1U3hOZWtncXpMQWFaSUZFWHVTbDFzQnVmNDV4Qk8xOHgzNEEtUUhtZXc3RmRsdG14MXBTamwzRVN0cE5IRm8?oc=5),"Periodista colombiano murió en impactante accidente, luego de chocar de frente contra moto Pulzo",911015e528a030ec708652f3d00cecd0bef0d6084283bd6ee0229c66a2fc4acb,2026-08-13 17:04:49
59,🟡 Pendiente (Verificar Noticia),2026-08-13,2026-08-13,Noticias Caracol,Dos universitarios de 17 años que iban en moto se estrellaron y murieron en Montería - Noticias Caracol,Montería (Casco Urbano / Sector en investigación),Montería (Casco Urbano / Sector en investigación),,Montería,Motocicleta,1,0,Baja (Centroide General Montería),8.7508,-75.8814,https://news.google.com/rss/articles/CBMiwwFBVV95cUxOS3ZuRWdfa1RWaUhacFdyUE5qR1lzN1B2OVpaX3VpSGxhSTA1YnR3UXBOWTkzbE5fcUNaN3kycUxKQzNMZmluMkhDb0dZcUwzakhfT05ETmtRdzhPQzJHMWlkNlpCTlVsczE2Yl9wTWJnLWk2SmVMMVlsQXh0ai1ld2xYMEY0UVVadHFfODkwSjFZdHNMWWxnX0xhbE5HSUpoYTN2a25NX3ZSOGIwSTZRTThXQ1JTY0VDU29BaWZoTjI5R2fSAdABQVVfeXFMTkRSYkJrdGRfRHVGaURXMmJDNEQ5YmQ5WnIxTmk3YVZQWm5mSTlZQ2JfaURmNDA4cXl6d1FrcW1Kb0VYdTZna0NlV0ZRVlk4RGVHeHNMR3JuS2VFSG1QMW8xVEdvT216cmlNakJsTGFPLXJQQ291VnpEUzNLLTdLUmZ1TGpDNnBXR0p0Y2pkV3ZpR2JnVVViV3hLYUtqaUNtcnRoZlI4aklfc1doMU1DZUZqeTNoNmdhc3h3UGFpUzJhRjlqQ0NKOTZFQmhDN1g4aw?oc=5,"<a href=""https://news.google.com/rss/articles/CBMiwwFBVV95cUxOS3ZuRWdfa1RWaUhacFdyUE5qR1lzN1B2OVpaX3VpSGxhSTA1YnR3UXBOWTkzbE5fcUNaN3kycUxKQzNMZmluMkhDb0dZcUwzakhfT05ETmtRdzhPQzJHMWlkNlpCTlVsczE2Yl9wTWJnLWk2SmVMMVlsQXh0ai1ld2xYMEY0UVVadHFfODkwSjFZdHNMWWxnX0xhbE5HSUpoYTN2a25NX3ZSOGIwSTZRTThXQ1JTY0VDU29BaWZoTjI5R2fSAdABQVVfeXFMTkRSYkJrdGRfRHVGaURXMmJDNEQ5YmQ5WnIxTmk3YVZQWm5mSTlZQ2JfaURmNDA4cXl6d1FrcW1Kb0VYdTZna0NlV0ZRVlk4RGVHeHNMR3JuS2VFSG1QMW8xVEdvT216cmlNakJsTGFPLXJQQ291VnpEUzNLLTdLUmZ1TGpDNnBXR0p0Y2pkV3ZpR2JnVVViV3hLYUtqaUNtcnRoZlI4aklfc1doMU1DZUZqeTNoNmdhc3h3UGFpUzJhRjlqQ0NKOTZFQmhDN1g4aw?oc=5"" target=""_blank"" class=""btn-link"">🔗 Abrir Noticia</a>",[🔗 Abrir Noticia](https://news.google.com/rss/articles/CBMiwwFBVV95cUxOS3ZuRWdfa1RWaUhacFdyUE5qR1lzN1B2OVpaX3VpSGxhSTA1YnR3UXBOWTkzbE5fcUNaN3kycUxKQzNMZmluMkhDb0dZcUwzakhfT05ETmtRdzhPQzJHMWlkNlpCTlVsczE2Yl9wTWJnLWk2SmVMMVlsQXh0ai1ld2xYMEY0UVVadHFfODkwSjFZdHNMWWxnX0xhbE5HSUpoYTN2a25NX3ZSOGIwSTZRTThXQ1JTY0VDU29BaWZoTjI5R2fSAdABQVVfeXFMTkRSYkJrdGRfRHVGaURXMmJDNEQ5YmQ5WnIxTmk3YVZQWm5mSTlZQ2JfaURmNDA4cXl6d1FrcW1Kb0VYdTZna0NlV0ZRVlk4RGVHeHNMR3JuS2VFSG1QMW8xVEdvT216cmlNakJsTGFPLXJQQ291VnpEUzNLLTdLUmZ1TGpDNnBXR0p0Y2pkV3ZpR2JnVVViV3hLYUtqaUNtcnRoZlI4aklfc1doMU1DZUZqeTNoNmdhc3h3UGFpUzJhRjlqQ0NKOTZFQmhDN1g4aw?oc=5),Dos universitarios de 17 años que iban en moto se estrellaron y murieron en Montería Noticias Caracol,57114211b43da32436e5afeababc6f476d29c3a359ab097876978333dfd5942d,2026-08-13 17:04:49
60,🟡 Pendiente (Verificar Noticia),2026-08-13,2026-08-13,ELHERALDO.CO,Bloquean la vía Lorica-Montería en rechazo por muerte de un ciudadano en accidente - ELHERALDO.CO,"Municipio de Lorica, Córdoba","Municipio de Lorica, Córdoba",,Montería,No especificado,0,0,Baja (Centroide General Montería),8.7508,-75.8814,https://news.google.com/rss/articles/CBMi0AFBVV95cUxNV0ZaV1lsT21OZnQyZUZPaTFrRVlrbGduMllfTzBESm1nazR0NkRtOFQyUE5HMkpMeUZxSXJCT0JfbXBSaFNadEE4eWsyNEhJWFh2S0twdjVzLTJJN3l0bXNKeTlqT1gyc05lSDFLMFQzX0tkRWNzTE1XLTh5RS15TTZvZkx3UDZveTdTdW52b2h4MXhEZ1NYdVFzT0RiTUFkS3RVd2lYMWtzd29rTUNRTGJvTUVuY3BhXzlpWmlkTXZNbnFkNDJqYTBURlNzd2030gHrAUFVX3lxTFBuLXN1Vmp3NmRmTHlTY0xFeFlhbGxHSGJBN3NlMFhrNktkWVU2dG8tazJMOFBDSkhYaXFuREI5dDQzcWRfVzJnSUxBekpCdWVVbEEyRWMxai1GeUk0ZTZCUWZfdVdiemwzUmZUd1p0NlJNYzcwQzJwVXQyaFBrS2ZOX0xlODkxTHJNdEhULUFxa0FUWVJjSHJvX0Y3WFlSdkxNM25jekRKS19MRTRvM1pXbVVJM1ctSnItZXRCa21lWEpXVkJEdUZaYTdTak9OOWZkcXB0azNjOEVfUV9wRU51LUdDaWFXdC1SbGM?oc=5,"<a href=""https://news.google.com/rss/articles/CBMi0AFBVV95cUxNV0ZaV1lsT21OZnQyZUZPaTFrRVlrbGduMllfTzBESm1nazR0NkRtOFQyUE5HMkpMeUZxSXJCT0JfbXBSaFNadEE4eWsyNEhJWFh2S0twdjVzLTJJN3l0bXNKeTlqT1gyc05lSDFLMFQzX0tkRWNzTE1XLTh5RS15TTZvZkx3UDZveTdTdW52b2h4MXhEZ1NYdVFzT0RiTUFkS3RVd2lYMWtzd29rTUNRTGJvTUVuY3BhXzlpWmlkTXZNbnFkNDJqYTBURlNzd2030gHrAUFVX3lxTFBuLXN1Vmp3NmRmTHlTY0xFeFlhbGxHSGJBN3NlMFhrNktkWVU2dG8tazJMOFBDSkhYaXFuREI5dDQzcWRfVzJnSUxBekpCdWVVbEEyRWMxai1GeUk0ZTZCUWZfdVdiemwzUmZUd1p0NlJNYzcwQzJwVXQyaFBrS2ZOX0xlODkxTHJNdEhULUFxa0FUWVJjSHJvX0Y3WFlSdkxNM25jekRKS19MRTRvM1pXbVVJM1ctSnItZXRCa21lWEpXVkJEdUZaYTdTak9OOWZkcXB0azNjOEVfUV9wRU51LUdDaWFXdC1SbGM?oc=5"" target=""_blank"" class=""btn-link"">🔗 Abrir Noticia</a>",[🔗 Abrir Noticia](https://news.google.com/rss/articles/CBMi0AFBVV95cUxNV0ZaV1lsT21OZnQyZUZPaTFrRVlrbGduMllfTzBESm1nazR0NkRtOFQyUE5HMkpMeUZxSXJCT0JfbXBSaFNadEE4eWsyNEhJWFh2S0twdjVzLTJJN3l0bXNKeTlqT1gyc05lSDFLMFQzX0tkRWNzTE1XLTh5RS15TTZvZkx3UDZveTdTdW52b2h4MXhEZ1NYdVFzT0RiTUFkS3RVd2lYMWtzd29rTUNRTGJvTUVuY3BhXzlpWmlkTXZNbnFkNDJqYTBURlNzd2030gHrAUFVX3lxTFBuLXN1Vmp3NmRmTHlTY0xFeFlhbGxHSGJBN3NlMFhrNktkWVU2dG8tazJMOFBDSkhYaXFuREI5dDQzcWRfVzJnSUxBekpCdWVVbEEyRWMxai1GeUk0ZTZCUWZfdVdiemwzUmZUd1p0NlJNYzcwQzJwVXQyaFBrS2ZOX0xlODkxTHJNdEhULUFxa0FUWVJjSHJvX0Y3WFlSdkxNM25jekRKS19MRTRvM1pXbVVJM1ctSnItZXRCa21lWEpXVkJEdUZaYTdTak9OOWZkcXB0azNjOEVfUV9wRU51LUdDaWFXdC1SbGM?oc=5),Bloquean la vía Lorica-Montería en rechazo por muerte de un ciudadano en accidente ELHERALDO.CO,65269763a2386c9a60a19f2c0781c88cd1e1c24368ea42a7724b7b5bc6007439,2026-08-13 17:04:49
61,🟡 Pendiente (Verificar Noticia),2026-08-13,2026-08-13,ELHERALDO.CO,Accidente en la vía Montería - Cereté: Carro chocó con un poste por esquivar una moto - ELHERALDO.CO,"Municipio de Cereté, Córdoba","Municipio de Cereté, Córdoba",,Montería,"Motocicleta, Automóvil",0,0,Baja (Centroide General Montería),8.7508,-75.8814,https://news.google.com/rss/articles/CBMizwFBVV95cUxQcjZxenJQUDdLOUs3RGhXdDhrb1JVRUdFSGJRWFFrcnowQWFRU084WDl5cXhZWXlKMlRLVnN0UGJDVWcwVlM5NWNnMFB6VW1ZeUpmUHRENEZUZ1VyMmJRTW9kczBzRC00cThSSkxpWF9CbzVhRW5EdE9uY1JYRExleF9qMWlqQzlfekJJOVBSbi1mVXA4SkFqNXRRYW8yREtESTd5QW1fOXhDWlV1Z0RTMjlrQm14U2lqZFNzYWRjSHg5X2k4d3VMRURXQTNzWFU?oc=5,"<a href=""https://news.google.com/rss/articles/CBMizwFBVV95cUxQcjZxenJQUDdLOUs3RGhXdDhrb1JVRUdFSGJRWFFrcnowQWFRU084WDl5cXhZWXlKMlRLVnN0UGJDVWcwVlM5NWNnMFB6VW1ZeUpmUHRENEZUZ1VyMmJRTW9kczBzRC00cThSSkxpWF9CbzVhRW5EdE9uY1JYRExleF9qMWlqQzlfekJJOVBSbi1mVXA4SkFqNXRRYW8yREtESTd5QW1fOXhDWlV1Z0RTMjlrQm14U2lqZFNzYWRjSHg5X2k4d3VMRURXQTNzWFU?oc=5"" target=""_blank"" class=""btn-link"">🔗 Abrir Noticia</a>",[🔗 Abrir Noticia](https://news.google.com/rss/articles/CBMizwFBVV95cUxQcjZxenJQUDdLOUs3RGhXdDhrb1JVRUdFSGJRWFFrcnowQWFRU084WDl5cXhZWXlKMlRLVnN0UGJDVWcwVlM5NWNnMFB6VW1ZeUpmUHRENEZUZ1VyMmJRTW9kczBzRC00cThSSkxpWF9CbzVhRW5EdE9uY1JYRExleF9qMWlqQzlfekJJOVBSbi1mVXA4SkFqNXRRYW8yREtESTd5QW1fOXhDWlV1Z0RTMjlrQm14U2lqZFNzYWRjSHg5X2k4d3VMRURXQTNzWFU?oc=5),Accidente en la vía Montería - Cereté: Carro chocó con un poste por esquivar una moto ELHERALDO.CO,c6ab6ee62bc071ee1850cb854fdb24ece605732bf0e0866c754e19e884857682,2026-08-13 17:04:49
62,🟡 Pendiente (Verificar Noticia),2026-08-13,2026-08-13,Chica Noticias,Taxi sufrió fuerte accidente en la vía Arboletes–Montería - Chica Noticias,Montería (Casco Urbano / Sector en investigación),Montería (Casco Urbano / Sector en investigación),,Montería,Automóvil,0,0,Baja (Centroide General Montería),8.7508,-75.8814,https://news.google.com/rss/articles/CBMiY0FVX3lxTE5hM1RHaWY3NlBxZHhBbTU2enRBOTBsZHVnbkI5b1B5aEhLZlVSMktfMFZsOU1GYTF3WU9xQWk3Ny1tS2toR0xsc0pKNWZhWXg3a2F4QWF5YjBTTS1QeDJLVjBOQQ?oc=5,"<a href=""https://news.google.com/rss/articles/CBMiY0FVX3lxTE5hM1RHaWY3NlBxZHhBbTU2enRBOTBsZHVnbkI5b1B5aEhLZlVSMktfMFZsOU1GYTF3WU9xQWk3Ny1tS2toR0xsc0pKNWZhWXg3a2F4QWF5YjBTTS1QeDJLVjBOQQ?oc=5"" target=""_blank"" class=""btn-link"">🔗 Abrir Noticia</a>",[🔗 Abrir Noticia](https://news.google.com/rss/articles/CBMiY0FVX3lxTE5hM1RHaWY3NlBxZHhBbTU2enRBOTBsZHVnbkI5b1B5aEhLZlVSMktfMFZsOU1GYTF3WU9xQWk3Ny1tS2toR0xsc0pKNWZhWXg3a2F4QWF5YjBTTS1QeDJLVjBOQQ?oc=5),Taxi sufrió fuerte accidente en la vía Arboletes–Montería Chica Noticias,167117e98e4186970fc52af6c13184c5bbe07a76662bcd0468fd78b1c7af18bf,2026-08-13 17:04:49
63,🟡 Pendiente (Verificar Noticia),2026-08-13,2026-08-13,rionoticias.co,Accidente de tránsito en la vía Montería–Arboletes deja varios heridos - rionoticias.co,Montería (Casco Urbano / Sector en investigación),Montería (Casco Urbano / Sector en investigación),,Montería,No especificado,0,1,Baja (Centroide General Montería),8.7508,-75.8814,https://news.google.com/rss/articles/CBMimgFBVV95cUxQWWFIdmgwUklETFU1YnZfQkdVckFweFoxa2FaVXBRYlJjZjhzUzMwalVzTHNoeXJ3ZFRSelZUUXlXTy1oRGpVMlc1NjVPQ0dKV2VCczlPU2lBUlJsajRudTNZYjdNMm9Qc0drV0RGYzVQa3FqblhBak00Ny1VTDFRODVpa05zb3BOT1NCLWJvLXQ3VU80cF9EMXRR0gGfAUFVX3lxTE5mOFJ0aExDWUx3VjlYVENXeXoxcTBScDlTazlnM1lKc1VhTmhuWW1XLW02NGZaQm9WV2pJSE5qVzRMUkRfNGtuMFd1S1FsdmQ2ZzM3MTdsaGpRS3RBSEZ5dGxkQ2hkbXZicXVudFFVQlJ6cjQtRG9KSzNGSEZvSVN6TXMzTlhhV2N5ODFXV3B1cDYtR3I1RHhlb3VhbUJFSQ?oc=5,"<a href=""https://news.google.com/rss/articles/CBMimgFBVV95cUxQWWFIdmgwUklETFU1YnZfQkdVckFweFoxa2FaVXBRYlJjZjhzUzMwalVzTHNoeXJ3ZFRSelZUUXlXTy1oRGpVMlc1NjVPQ0dKV2VCczlPU2lBUlJsajRudTNZYjdNMm9Qc0drV0RGYzVQa3FqblhBak00Ny1VTDFRODVpa05zb3BOT1NCLWJvLXQ3VU80cF9EMXRR0gGfAUFVX3lxTE5mOFJ0aExDWUx3VjlYVENXeXoxcTBScDlTazlnM1lKc1VhTmhuWW1XLW02NGZaQm9WV2pJSE5qVzRMUkRfNGtuMFd1S1FsdmQ2ZzM3MTdsaGpRS3RBSEZ5dGxkQ2hkbXZicXVudFFVQlJ6cjQtRG9KSzNGSEZvSVN6TXMzTlhhV2N5ODFXV3B1cDYtR3I1RHhlb3VhbUJFSQ?oc=5"" target=""_blank"" class=""btn-link"">🔗 Abrir Noticia</a>",[🔗 Abrir Noticia](https://news.google.com/rss/articles/CBMimgFBVV95cUxQWWFIdmgwUklETFU1YnZfQkdVckFweFoxa2FaVXBRYlJjZjhzUzMwalVzTHNoeXJ3ZFRSelZUUXlXTy1oRGpVMlc1NjVPQ0dKV2VCczlPU2lBUlJsajRudTNZYjdNMm9Qc0drV0RGYzVQa3FqblhBak00Ny1VTDFRODVpa05zb3BOT1NCLWJvLXQ3VU80cF9EMXRR0gGfAUFVX3lxTE5mOFJ0aExDWUx3VjlYVENXeXoxcTBScDlTazlnM1lKc1VhTmhuWW1XLW02NGZaQm9WV2pJSE5qVzRMUkRfNGtuMFd1S1FsdmQ2ZzM3MTdsaGpRS3RBSEZ5dGxkQ2hkbXZicXVudFFVQlJ6cjQtRG9KSzNGSEZvSVN6TXMzTlhhV2N5ODFXV3B1cDYtR3I1RHhlb3VhbUJFSQ?oc=5),Accidente de tránsito en la vía Montería–Arboletes deja varios heridos rionoticias.co,0739f9b3dfdfef9dee1cfb5962be959a78ea247b09f2318cac4b589e5b50854f,2026-08-13 17:04:49
64,🟡 Pendiente (Verificar Noticia),2026-08-13,2026-08-13,Chica Noticias,Accidente entre un automóvil y una motocicleta deja una persona herida - Chica Noticias,Montería (Casco Urbano / Sector en investigación),Montería (Casco Urbano / Sector en investigación),,Montería,"Motocicleta, Automóvil",0,1,Baja (Centroide General Montería),8.7508,-75.8814,https://news.google.com/rss/articles/CBMib0FVX3lxTFBCZmVqS1BkZ1JSWXBYclVMcGcxN1FVcXVDYUpSaGRRX2tZSXF4eHg1bnlxeGttcGMzX2pva2RiaG9zR2hkWXJyWXJ6ajJYTWlTQkhfbnkxcGpSbXRwMFhaMGdJTXZIbXpzVWlMOXBOMA?oc=5,"<a href=""https://news.google.com/rss/articles/CBMib0FVX3lxTFBCZmVqS1BkZ1JSWXBYclVMcGcxN1FVcXVDYUpSaGRRX2tZSXF4eHg1bnlxeGttcGMzX2pva2RiaG9zR2hkWXJyWXJ6ajJYTWlTQkhfbnkxcGpSbXRwMFhaMGdJTXZIbXpzVWlMOXBOMA?oc=5"" target=""_blank"" class=""btn-link"">🔗 Abrir Noticia</a>",[🔗 Abrir Noticia](https://news.google.com/rss/articles/CBMib0FVX3lxTFBCZmVqS1BkZ1JSWXBYclVMcGcxN1FVcXVDYUpSaGRRX2tZSXF4eHg1bnlxeGttcGMzX2pva2RiaG9zR2hkWXJyWXJ6ajJYTWlTQkhfbnkxcGpSbXRwMFhaMGdJTXZIbXpzVWlMOXBOMA?oc=5),Accidente entre un automóvil y una motocicleta deja una persona herida Chica Noticias,013896ffe6c6d74378a6a37acdf5d325835fa8d96b60ae12e1791b2fcdcdc8a4,2026-08-13 17:04:49
65,🟡 Pendiente (Verificar Noticia),2026-08-13,2026-08-13,Chica Noticias,¡CHOQUE MÚLTIPLE! Cinco heridos tras aparatoso accidente en la vía Montería–Arboletes - Chica Noticias,Montería (Casco Urbano / Sector en investigación),Montería (Casco Urbano / Sector en investigación),,Montería,No especificado,0,1,Baja (Centroide General Montería),8.7508,-75.8814,https://news.google.com/rss/articles/CBMid0FVX3lxTFBpZ3c4T2NDcXVweXd3NVNxazlON3h4V2ZmMm5GaGl6dFpVREtKN2N2ZDNpbHBVb0F3VTl1VElxRmF1cG16T00zOHNqaTZyNnkyekVYQy1ZaDJNUnJWS0Y0ZDFfMmoyNE1IRld5ZFpTcU5KckhaYkJz?oc=5,"<a href=""https://news.google.com/rss/articles/CBMid0FVX3lxTFBpZ3c4T2NDcXVweXd3NVNxazlON3h4V2ZmMm5GaGl6dFpVREtKN2N2ZDNpbHBVb0F3VTl1VElxRmF1cG16T00zOHNqaTZyNnkyekVYQy1ZaDJNUnJWS0Y0ZDFfMmoyNE1IRld5ZFpTcU5KckhaYkJz?oc=5"" target=""_blank"" class=""btn-link"">🔗 Abrir Noticia</a>",[🔗 Abrir Noticia](https://news.google.com/rss/articles/CBMid0FVX3lxTFBpZ3c4T2NDcXVweXd3NVNxazlON3h4V2ZmMm5GaGl6dFpVREtKN2N2ZDNpbHBVb0F3VTl1VElxRmF1cG16T00zOHNqaTZyNnkyekVYQy1ZaDJNUnJWS0Y0ZDFfMmoyNE1IRld5ZFpTcU5KckhaYkJz?oc=5),¡CHOQUE MÚLTIPLE! Cinco heridos tras aparatoso accidente en la vía Montería–Arboletes Chica Noticias,e1be3aa391793be104407d7cfc6ef699e9886db1287f54050c7fab82d840f770,2026-08-13 17:04:50
66,🟡 Pendiente (Verificar Noticia),2026-08-13,2026-08-13,rionoticias.co,Accidente en el norte de Montería dejó un motociclista lesionado - rionoticias.co,Montería (Casco Urbano / Sector en investigación),Montería (Casco Urbano / Sector en investigación),,Montería,No especificado,0,1,Baja (Centroide General Montería),8.7508,-75.8814,https://news.google.com/rss/articles/CBMikgFBVV95cUxNbkxwaHpnNGFoUjJ1cGhmLUJBREV2RUxrWTZVMV95RWFrZTlVYmpIai13QVR1N2pKaVRDZUR0enVVZnIzRGFPZFBnc3lWOWpSTHhoR1FRNmFHcjQxMGxfZm9KQXRkU1VDMG5FT2dQLVcybkJtQkR5TzFFMGtHTDA2VzR0Snk5X1h0bXVsOW9wQ2lMd9IBlwFBVV95cUxNYVBtSnB4dDVkRjRCWjFpMWFaYnRnZklCTUxhM1AwTHA3NktkYnFHTl9OUjFROWlHYzBmVUxTSlpXZFRUeXN5RzRDdVgxdExMZlM1VTRXTDY2MjNxdVBuNmdjYzE0TndnNGIwVk5KZHMyV3RHY1R2TmZHcnpLSXQ3dXFQamtLMi1IVGtGTFdhd1hEQnJ1QmJj?oc=5,"<a href=""https://news.google.com/rss/articles/CBMikgFBVV95cUxNbkxwaHpnNGFoUjJ1cGhmLUJBREV2RUxrWTZVMV95RWFrZTlVYmpIai13QVR1N2pKaVRDZUR0enVVZnIzRGFPZFBnc3lWOWpSTHhoR1FRNmFHcjQxMGxfZm9KQXRkU1VDMG5FT2dQLVcybkJtQkR5TzFFMGtHTDA2VzR0Snk5X1h0bXVsOW9wQ2lMd9IBlwFBVV95cUxNYVBtSnB4dDVkRjRCWjFpMWFaYnRnZklCTUxhM1AwTHA3NktkYnFHTl9OUjFROWlHYzBmVUxTSlpXZFRUeXN5RzRDdVgxdExMZlM1VTRXTDY2MjNxdVBuNmdjYzE0TndnNGIwVk5KZHMyV3RHY1R2TmZHcnpLSXQ3dXFQamtLMi1IVGtGTFdhd1hEQnJ1QmJj?oc=5"" target=""_blank"" class=""btn-link"">🔗 Abrir Noticia</a>",[🔗 Abrir Noticia](https://news.google.com/rss/articles/CBMikgFBVV95cUxNbkxwaHpnNGFoUjJ1cGhmLUJBREV2RUxrWTZVMV95RWFrZTlVYmpIai13QVR1N2pKaVRDZUR0enVVZnIzRGFPZFBnc3lWOWpSTHhoR1FRNmFHcjQxMGxfZm9KQXRkU1VDMG5FT2dQLVcybkJtQkR5TzFFMGtHTDA2VzR0Snk5X1h0bXVsOW9wQ2lMd9IBlwFBVV95cUxNYVBtSnB4dDVkRjRCWjFpMWFaYnRnZklCTUxhM1AwTHA3NktkYnFHTl9OUjFROWlHYzBmVUxTSlpXZFRUeXN5RzRDdVgxdExMZlM1VTRXTDY2MjNxdVBuNmdjYzE0TndnNGIwVk5KZHMyV3RHY1R2TmZHcnpLSXQ3dXFQamtLMi1IVGtGTFdhd1hEQnJ1QmJj?oc=5),Accidente en el norte de Montería dejó un motociclista lesionado rionoticias.co,69ea7cb7a0b91b495dae7638247866982b48ac0271c08e2bfef2cb929b8b468e,2026-08-13 17:04:50
67,🟡 Pendiente (Verificar Noticia),2026-08-13,2026-08-13,notipregonar.com,Cuatro heridos deja accidente en la vía Montería-Arboletes - notipregonar.com,Montería (Casco Urbano / Sector en investigación),Montería (Casco Urbano / Sector en investigación),,Montería,No especificado,0,1,Baja (Centroide General Montería),8.7508,-75.8814,https://news.google.com/rss/articles/CBMijAFBVV95cUxOR2VnTThxZjJLUWpoSUZwUHNJQ2pMelN6bXJkUkFDamNSYVZELThrZUR0NDZ6YnVNMm05QkU3OXlhYWplU192VmJYenBSdzVqNmw1cjhKVjdjbWRkSjNtVDJ6c05pX2pSemxEZWZ4WnY5cTlVN0I5czg1Nnc4cEFyWG9BWEtER1Q4anp6Uw?oc=5,"<a href=""https://news.google.com/rss/articles/CBMijAFBVV95cUxOR2VnTThxZjJLUWpoSUZwUHNJQ2pMelN6bXJkUkFDamNSYVZELThrZUR0NDZ6YnVNMm05QkU3OXlhYWplU192VmJYenBSdzVqNmw1cjhKVjdjbWRkSjNtVDJ6c05pX2pSemxEZWZ4WnY5cTlVN0I5czg1Nnc4cEFyWG9BWEtER1Q4anp6Uw?oc=5"" target=""_blank"" class=""btn-link"">🔗 Abrir Noticia</a>",[🔗 Abrir Noticia](https://news.google.com/rss/articles/CBMijAFBVV95cUxOR2VnTThxZjJLUWpoSUZwUHNJQ2pMelN6bXJkUkFDamNSYVZELThrZUR0NDZ6YnVNMm05QkU3OXlhYWplU192VmJYenBSdzVqNmw1cjhKVjdjbWRkSjNtVDJ6c05pX2pSemxEZWZ4WnY5cTlVN0I5czg1Nnc4cEFyWG9BWEtER1Q4anp6Uw?oc=5),Cuatro heridos deja accidente en la vía Montería-Arboletes notipregonar.com,12b2bbc831e83e965dcf08f7d566c771c3956d78ef1bb4e2ff0a241c249e3dda,2026-08-13 17:04:50
68,🟡 Pendiente (Verificar Noticia),2026-08-13,2026-08-13,rionoticias.co,Accidente en la vía Montería–Planeta Rica dejó un motociclista muerto - rionoticias.co,"Municipio de Planeta Rica, Córdoba","Municipio de Planeta Rica, Córdoba",,Montería,No especificado,1,0,Baja (Centroide General Montería),8.7508,-75.8814,https://news.google.com/rss/articles/CBMimAFBVV95cUxQTk14SnZEVDRJNzVZVWNoM3U0cnpXZXo1NXlPWEVVMW9UbXZuMldhZjRMVHJuQlRHSGpMMXBIRFRfNlZuQmVZMkJjQ2ZnLVU5aEd1ZEJJSEMtSVlkY25IQWtoMjNaOWZQeW1iR1hJUUVGQklpUWZSOVA1Sko1cUxWcFViYUZWVDJtSUZlR0lYY1RuY2tTaVFsbtIBngFBVV95cUxOSkVUSDNQUWQ5WElDRU96VjJhQy1uZHJEZzVhaTN1c3I3T1BxQ1RNNWZjV1R6emE2WnlQRE5nMG5WYm1peVZYdmlnX1FCb3ZuMGhRV1drdFM4VHBDSTVCWGdTRXBLYXF0TzZUeXpmWnJ5bkVZaGtTNFNfTmZoX29rMzFxdzJVc0Q0M3ZVYjdhZ3RLSjRaQ0ZOcHE5VFUtdw?oc=5,"<a href=""https://news.google.com/rss/articles/CBMimAFBVV95cUxQTk14SnZEVDRJNzVZVWNoM3U0cnpXZXo1NXlPWEVVMW9UbXZuMldhZjRMVHJuQlRHSGpMMXBIRFRfNlZuQmVZMkJjQ2ZnLVU5aEd1ZEJJSEMtSVlkY25IQWtoMjNaOWZQeW1iR1hJUUVGQklpUWZSOVA1Sko1cUxWcFViYUZWVDJtSUZlR0lYY1RuY2tTaVFsbtIBngFBVV95cUxOSkVUSDNQUWQ5WElDRU96VjJhQy1uZHJEZzVhaTN1c3I3T1BxQ1RNNWZjV1R6emE2WnlQRE5nMG5WYm1peVZYdmlnX1FCb3ZuMGhRV1drdFM4VHBDSTVCWGdTRXBLYXF0TzZUeXpmWnJ5bkVZaGtTNFNfTmZoX29rMzFxdzJVc0Q0M3ZVYjdhZ3RLSjRaQ0ZOcHE5VFUtdw?oc=5"" target=""_blank"" class=""btn-link"">🔗 Abrir Noticia</a>",[🔗 Abrir Noticia](https://news.google.com/rss/articles/CBMimAFBVV95cUxQTk14SnZEVDRJNzVZVWNoM3U0cnpXZXo1NXlPWEVVMW9UbXZuMldhZjRMVHJuQlRHSGpMMXBIRFRfNlZuQmVZMkJjQ2ZnLVU5aEd1ZEJJSEMtSVlkY25IQWtoMjNaOWZQeW1iR1hJUUVGQklpUWZSOVA1Sko1cUxWcFViYUZWVDJtSUZlR0lYY1RuY2tTaVFsbtIBngFBVV95cUxOSkVUSDNQUWQ5WElDRU96VjJhQy1uZHJEZzVhaTN1c3I3T1BxQ1RNNWZjV1R6emE2WnlQRE5nMG5WYm1peVZYdmlnX1FCb3ZuMGhRV1drdFM4VHBDSTVCWGdTRXBLYXF0TzZUeXpmWnJ5bkVZaGtTNFNfTmZoX29rMzFxdzJVc0Q0M3ZVYjdhZ3RLSjRaQ0ZOcHE5VFUtdw?oc=5),Accidente en la vía Montería–Planeta Rica dejó un motociclista muerto rionoticias.co,6a49b4483e71e13758c95cd4778809f9b3c7c762c4057e25e5748e0c6535ee95,2026-08-13 17:04:50
69,🟡 Pendiente (Verificar Noticia),2026-08-13,2026-08-13,notipregonar.com,Tragedia en Montería: muere reconocido comerciante del Mercadito del Sur en accidente de tránsito - notipregonar.com,Montería (Casco Urbano / Sector en investigación),Montería (Casco Urbano / Sector en investigación),,Montería,No especificado,0,0,Baja (Centroide General Montería),8.7508,-75.8814,https://news.google.com/rss/articles/CBMivwFBVV95cUxNTzIwd2Q2WmZBdHVOdGNkTXVfQWZNajBOaDRmRXZDeEVpblVpUE02bmotZFdSMUtlRTJNT0c2VmpDU0otclRnVDFBaHlwdzBRc3RkQV9maFpPdXVfT0dsbGxSWU93THhINDJqVjVXcEpPWXBuTklHWmVhS1VudmQzZm5nOWMyaUZhU29JUkNab3liOVN6OVpQYk5aSzQwaDI4dUxNcHVfX0VnWmZ1dDNfb3NnNXY0Z1FpS3hpZlg1RQ?oc=5,"<a href=""https://news.google.com/rss/articles/CBMivwFBVV95cUxNTzIwd2Q2WmZBdHVOdGNkTXVfQWZNajBOaDRmRXZDeEVpblVpUE02bmotZFdSMUtlRTJNT0c2VmpDU0otclRnVDFBaHlwdzBRc3RkQV9maFpPdXVfT0dsbGxSWU93THhINDJqVjVXcEpPWXBuTklHWmVhS1VudmQzZm5nOWMyaUZhU29JUkNab3liOVN6OVpQYk5aSzQwaDI4dUxNcHVfX0VnWmZ1dDNfb3NnNXY0Z1FpS3hpZlg1RQ?oc=5"" target=""_blank"" class=""btn-link"">🔗 Abrir Noticia</a>",[🔗 Abrir Noticia](https://news.google.com/rss/articles/CBMivwFBVV95cUxNTzIwd2Q2WmZBdHVOdGNkTXVfQWZNajBOaDRmRXZDeEVpblVpUE02bmotZFdSMUtlRTJNT0c2VmpDU0otclRnVDFBaHlwdzBRc3RkQV9maFpPdXVfT0dsbGxSWU93THhINDJqVjVXcEpPWXBuTklHWmVhS1VudmQzZm5nOWMyaUZhU29JUkNab3liOVN6OVpQYk5aSzQwaDI4dUxNcHVfX0VnWmZ1dDNfb3NnNXY0Z1FpS3hpZlg1RQ?oc=5),Tragedia en Montería: muere reconocido comerciante del Mercadito del Sur en accidente de tránsito notipregonar.com,75a8f0b46c7ec04595da822e5dd1b942575e6fdb4b26ea41bb225227472294b6,2026-08-13 17:04:50
70,🟡 Pendiente (Verificar Noticia),2026-08-13,2026-08-13,Chica Noticias,Compró la moto de sus sueños y semanas después perdió la vida en un accidente - Chica Noticias,Montería (Casco Urbano / Sector en investigación),Montería (Casco Urbano / Sector en investigación),,Montería,Motocicleta,1,0,Baja (Centroide General Montería),8.7508,-75.8814,https://news.google.com/rss/articles/CBMiuwFBVV95cUxPVGNyU0VlN0xiaTdpZjFVeHFxcHVVcUxORmhJVzNmU2g5Znc4MXFhOWUyQ0YwT3hyZ1BLc3ZiUU9OVFk5REFCOVVfSHZURXhXbzJmVngxSjlXRWEwR2d0YWRiRkx1UUpSb0hxdFhQZUJGcFU2QUY1SEg4bWNBUUYxUVN2MTV4YVhGUFVqUjZJQ2tZZlhrUFNXbEU2UEE1c21qbWNsYjBpbnQ1QkduVHVEU1Z3bUFWRkNXMmJF?oc=5,"<a href=""https://news.google.com/rss/articles/CBMiuwFBVV95cUxPVGNyU0VlN0xiaTdpZjFVeHFxcHVVcUxORmhJVzNmU2g5Znc4MXFhOWUyQ0YwT3hyZ1BLc3ZiUU9OVFk5REFCOVVfSHZURXhXbzJmVngxSjlXRWEwR2d0YWRiRkx1UUpSb0hxdFhQZUJGcFU2QUY1SEg4bWNBUUYxUVN2MTV4YVhGUFVqUjZJQ2tZZlhrUFNXbEU2UEE1c21qbWNsYjBpbnQ1QkduVHVEU1Z3bUFWRkNXMmJF?oc=5"" target=""_blank"" class=""btn-link"">🔗 Abrir Noticia</a>",[🔗 Abrir Noticia](https://news.google.com/rss/articles/CBMiuwFBVV95cUxPVGNyU0VlN0xiaTdpZjFVeHFxcHVVcUxORmhJVzNmU2g5Znc4MXFhOWUyQ0YwT3hyZ1BLc3ZiUU9OVFk5REFCOVVfSHZURXhXbzJmVngxSjlXRWEwR2d0YWRiRkx1UUpSb0hxdFhQZUJGcFU2QUY1SEg4bWNBUUYxUVN2MTV4YVhGUFVqUjZJQ2tZZlhrUFNXbEU2UEE1c21qbWNsYjBpbnQ1QkduVHVEU1Z3bUFWRkNXMmJF?oc=5),Compró la moto de sus sueños y semanas después perdió la vida en un accidente Chica Noticias,06d17b510e69956c0dd6f1ec8ee78e277f4eb37c9070ad24f4d1016adc07334a,2026-08-13 17:04:50
71,🟡 Pendiente (Verificar Noticia),2026-08-13,2026-08-13,Chica Noticias,Nuevo accidente en la vía Cereté – Montería: tres motocicletas terminaron involucradas - Chica Noticias,"Municipio de Cereté, Córdoba","Municipio de Cereté, Córdoba",,Montería,No especificado,0,0,Baja (Centroide General Montería),8.7508,-75.8814,https://news.google.com/rss/articles/CBMifkFVX3lxTFBHVU10cjJVZm9Ca3RPN2dDWjU5VWw0b3l6NUZIR2ZzNE5zYUpUZW5PMFZHVXVQT1NrRjFYNGFpOFZqUzREQnBaTXNTM0loMkp1aVM4SWFXWDVtV2diNHJtZm5TTGQyNE1Wb0ZFamJ2WUpNemlHRDZ2bnRBeTNzdw?oc=5,"<a href=""https://news.google.com/rss/articles/CBMifkFVX3lxTFBHVU10cjJVZm9Ca3RPN2dDWjU5VWw0b3l6NUZIR2ZzNE5zYUpUZW5PMFZHVXVQT1NrRjFYNGFpOFZqUzREQnBaTXNTM0loMkp1aVM4SWFXWDVtV2diNHJtZm5TTGQyNE1Wb0ZFamJ2WUpNemlHRDZ2bnRBeTNzdw?oc=5"" target=""_blank"" class=""btn-link"">🔗 Abrir Noticia</a>",[🔗 Abrir Noticia](https://news.google.com/rss/articles/CBMifkFVX3lxTFBHVU10cjJVZm9Ca3RPN2dDWjU5VWw0b3l6NUZIR2ZzNE5zYUpUZW5PMFZHVXVQT1NrRjFYNGFpOFZqUzREQnBaTXNTM0loMkp1aVM4SWFXWDVtV2diNHJtZm5TTGQyNE1Wb0ZFamJ2WUpNemlHRDZ2bnRBeTNzdw?oc=5),Nuevo accidente en la vía Cereté – Montería: tres motocicletas terminaron involucradas Chica Noticias,ba3536cefc6edfdf1d73f778328b00e8e97d29be49c0f5641b070fecc9bb6bed,2026-08-13 17:04:50
72,🟡 Pendiente (Verificar Noticia),2026-08-13,2026-08-13,Chica Noticias,Identifican a comerciante que falleció tras accidente de tránsito en la vía Montería–Arboletes - Chica Noticias,Montería (Casco Urbano / Sector en investigación),Montería (Casco Urbano / Sector en investigación),,Montería,No especificado,1,0,Baja (Centroide General Montería),8.7508,-75.8814,https://news.google.com/rss/articles/CBMib0FVX3lxTE85LVFPQzY1TlNweEhtSHZPR3lkZnlVa0tZQUFmQzRVS3Byb3hMcDFSYlpMUDl1VnZXMXQzS3d3MmdualdCT2gxY3V3OFVHaUJzRUdmaTd2T0R6UkdvRllRV1k4cERBTjFOMmJySi1iaw?oc=5,"<a href=""https://news.google.com/rss/articles/CBMib0FVX3lxTE85LVFPQzY1TlNweEhtSHZPR3lkZnlVa0tZQUFmQzRVS3Byb3hMcDFSYlpMUDl1VnZXMXQzS3d3MmdualdCT2gxY3V3OFVHaUJzRUdmaTd2T0R6UkdvRllRV1k4cERBTjFOMmJySi1iaw?oc=5"" target=""_blank"" class=""btn-link"">🔗 Abrir Noticia</a>",[🔗 Abrir Noticia](https://news.google.com/rss/articles/CBMib0FVX3lxTE85LVFPQzY1TlNweEhtSHZPR3lkZnlVa0tZQUFmQzRVS3Byb3hMcDFSYlpMUDl1VnZXMXQzS3d3MmdualdCT2gxY3V3OFVHaUJzRUdmaTd2T0R6UkdvRllRV1k4cERBTjFOMmJySi1iaw?oc=5),Identifican a comerciante que falleció tras accidente de tránsito en la vía Montería–Arboletes Chica Noticias,c68576748ecaa161f897e9003bd87e2fa4463570114f33a5e24fa66837e304f7,2026-08-13 17:04:50
73,🟡 Pendiente (Verificar Noticia),2026-08-13,2026-08-13,Chica Noticias,Accidente de tránsito entre motocicleta y vehículo en la vía Montería – Cereté - Chica Noticias,"Municipio de Cereté, Córdoba","Municipio de Cereté, Córdoba",,Montería,Motocicleta,0,0,Baja (Centroide General Montería),8.7508,-75.8814,https://news.google.com/rss/articles/CBMie0FVX3lxTE1BR3FjWFBrdUZhY1daczFMX25PN3NxWUFpS09jMm1fNklQOE9FcDVDTEtMNkNMdFVxVjBRa0NtS2pqYTBsVm5FQnh4N055eWtxbXJMUzJiNG9sN2ZEVXRialhxUDB4MjhhdC1rdXVYVU9KemR0MjVydWtSbw?oc=5,"<a href=""https://news.google.com/rss/articles/CBMie0FVX3lxTE1BR3FjWFBrdUZhY1daczFMX25PN3NxWUFpS09jMm1fNklQOE9FcDVDTEtMNkNMdFVxVjBRa0NtS2pqYTBsVm5FQnh4N055eWtxbXJMUzJiNG9sN2ZEVXRialhxUDB4MjhhdC1rdXVYVU9KemR0MjVydWtSbw?oc=5"" target=""_blank"" class=""btn-link"">🔗 Abrir Noticia</a>",[🔗 Abrir Noticia](https://news.google.com/rss/articles/CBMie0FVX3lxTE1BR3FjWFBrdUZhY1daczFMX25PN3NxWUFpS09jMm1fNklQOE9FcDVDTEtMNkNMdFVxVjBRa0NtS2pqYTBsVm5FQnh4N055eWtxbXJMUzJiNG9sN2ZEVXRialhxUDB4MjhhdC1rdXVYVU9KemR0MjVydWtSbw?oc=5),Accidente de tránsito entre motocicleta y vehículo en la vía Montería – Cereté Chica Noticias,e77170e1312c323942c8ea9ac249e68e8f75223d7c5cad69daa6e80268aa394a,2026-08-13 17:04:50
74,🟡 Pendiente (Verificar Noticia),2026-08-13,2026-08-13,rionoticias.co,Identifican a hombre que murió en accidente en la vía Planeta Rica-Montería; era docente - rionoticias.co,"Municipio de Planeta Rica, Córdoba","Municipio de Planeta Rica, Córdoba",,Montería,No especificado,1,0,Baja (Centroide General Montería),8.7508,-75.8814,https://news.google.com/rss/articles/CBMisAFBVV95cUxOU085Q2FIUk9QcDFSYW5ScklrVk1valp3SzJmeUt0dzlMdlVNUEZiZjl4UmtVbXVvc2x0cWRNNHIxSUVaUHdGRWRBMGVOcUdBOE0xQWxiVG9YamtnTE1GLVVUMHAwV0lZejZlUDJvZWVvNmg3NUk2WGFmZEhTemNTMnVWVjlfejdmN0dCcTA2UVdXY0tmWGZsWldmNzlFVmtVOUd0dkk4ajFxUTJMNWNrYtIBkgNBVV95cUxPOW1Iek1VbVNSa3Y5dDZoTnZKc25vd0l1U0p6al9hSEcxZ2pucnRMWlBId09DNjJrcEhjXzFodEZ1U204b2pySVVMMU1hUjNhZTVsMGVrVkVQMV80OHViNm50OEVYQXBER2RhYVlRQWJHN2swR1dwRVZyaUZuWVljRUthRDUtUlR2UWd6R0EzYkhiTVl6RThkallYM2s2RW1tUDNkNUx6Xy1zUFRtT2FKaWFuRll3dkpQVldBbFN2RVpKNXhOSDZqa2FheWtGSTdJMWp2T05zeDF1QVpGZHB1dVhseVRnU0o3Qm5YWHliNE9VMWlqT2sxYy12V1VUY1BYeVlUS1Jhc0xGNWxkWmFDdXJpODVVLXZ5cU5zcVVCenRRVXpvLXhEcnh4MG5kbzFHQi05QnV0eUI2R1F1T0pqU24xYXl5UFpDSmI1MDBTYk5FNkZKbDhKVzhrZGlYcm13LVFsOWMwMDlLcVZtSy1MdkI5d0hCSktMR28wdmNTd3QtRW1tNU1wRWcxLUxTdG5QZFE?oc=5,"<a href=""https://news.google.com/rss/articles/CBMisAFBVV95cUxOU085Q2FIUk9QcDFSYW5ScklrVk1valp3SzJmeUt0dzlMdlVNUEZiZjl4UmtVbXVvc2x0cWRNNHIxSUVaUHdGRWRBMGVOcUdBOE0xQWxiVG9YamtnTE1GLVVUMHAwV0lZejZlUDJvZWVvNmg3NUk2WGFmZEhTemNTMnVWVjlfejdmN0dCcTA2UVdXY0tmWGZsWldmNzlFVmtVOUd0dkk4ajFxUTJMNWNrYtIBkgNBVV95cUxPOW1Iek1VbVNSa3Y5dDZoTnZKc25vd0l1U0p6al9hSEcxZ2pucnRMWlBId09DNjJrcEhjXzFodEZ1U204b2pySVVMMU1hUjNhZTVsMGVrVkVQMV80OHViNm50OEVYQXBER2RhYVlRQWJHN2swR1dwRVZyaUZuWVljRUthRDUtUlR2UWd6R0EzYkhiTVl6RThkallYM2s2RW1tUDNkNUx6Xy1zUFRtT2FKaWFuRll3dkpQVldBbFN2RVpKNXhOSDZqa2FheWtGSTdJMWp2T05zeDF1QVpGZHB1dVhseVRnU0o3Qm5YWHliNE9VMWlqT2sxYy12V1VUY1BYeVlUS1Jhc0xGNWxkWmFDdXJpODVVLXZ5cU5zcVVCenRRVXpvLXhEcnh4MG5kbzFHQi05QnV0eUI2R1F1T0pqU24xYXl5UFpDSmI1MDBTYk5FNkZKbDhKVzhrZGlYcm13LVFsOWMwMDlLcVZtSy1MdkI5d0hCSktMR28wdmNTd3QtRW1tNU1wRWcxLUxTdG5QZFE?oc=5"" target=""_blank"" class=""btn-link"">🔗 Abrir Noticia</a>",[🔗 Abrir Noticia](https://news.google.com/rss/articles/CBMisAFBVV95cUxOU085Q2FIUk9QcDFSYW5ScklrVk1valp3SzJmeUt0dzlMdlVNUEZiZjl4UmtVbXVvc2x0cWRNNHIxSUVaUHdGRWRBMGVOcUdBOE0xQWxiVG9YamtnTE1GLVVUMHAwV0lZejZlUDJvZWVvNmg3NUk2WGFmZEhTemNTMnVWVjlfejdmN0dCcTA2UVdXY0tmWGZsWldmNzlFVmtVOUd0dkk4ajFxUTJMNWNrYtIBkgNBVV95cUxPOW1Iek1VbVNSa3Y5dDZoTnZKc25vd0l1U0p6al9hSEcxZ2pucnRMWlBId09DNjJrcEhjXzFodEZ1U204b2pySVVMMU1hUjNhZTVsMGVrVkVQMV80OHViNm50OEVYQXBER2RhYVlRQWJHN2swR1dwRVZyaUZuWVljRUthRDUtUlR2UWd6R0EzYkhiTVl6RThkallYM2s2RW1tUDNkNUx6Xy1zUFRtT2FKaWFuRll3dkpQVldBbFN2RVpKNXhOSDZqa2FheWtGSTdJMWp2T05zeDF1QVpGZHB1dVhseVRnU0o3Qm5YWHliNE9VMWlqT2sxYy12V1VUY1BYeVlUS1Jhc0xGNWxkWmFDdXJpODVVLXZ5cU5zcVVCenRRVXpvLXhEcnh4MG5kbzFHQi05QnV0eUI2R1F1T0pqU24xYXl5UFpDSmI1MDBTYk5FNkZKbDhKVzhrZGlYcm13LVFsOWMwMDlLcVZtSy1MdkI5d0hCSktMR28wdmNTd3QtRW1tNU1wRWcxLUxTdG5QZFE?oc=5),Identifican a hombre que murió en accidente en la vía Planeta Rica-Montería; era docente rionoticias.co,9c21cafb88c2c59a3865e00a7f268979386ab30f0fee2b6413e056baab229195,2026-08-13 17:04:50
75,🟡 Pendiente (Verificar Noticia),2026-08-13,2026-08-13,Chica Noticias,Accidente en la vía Montería – Arboletes deja un fallecido este Lunes Santo - Chica Noticias,Montería (Casco Urbano / Sector en investigación),Montería (Casco Urbano / Sector en investigación),,Montería,No especificado,1,0,Baja (Centroide General Montería),8.7508,-75.8814,https://news.google.com/rss/articles/CBMif0FVX3lxTE50RDdOZXhtS0pPZVFRU3g4NGFEX0xBRzZscHVZdGhDRFdOd19oNzVXM0o2Q2JOTEJYNVhaR053bG95TFRtQU9UZmFXeVc2OTlINkVmUU4tYUxzbmVIM0dFdkQ2NURJM3hEOW01Y0s5eFc3TkJCVk9BZFo3U0dKcVU?oc=5,"<a href=""https://news.google.com/rss/articles/CBMif0FVX3lxTE50RDdOZXhtS0pPZVFRU3g4NGFEX0xBRzZscHVZdGhDRFdOd19oNzVXM0o2Q2JOTEJYNVhaR053bG95TFRtQU9UZmFXeVc2OTlINkVmUU4tYUxzbmVIM0dFdkQ2NURJM3hEOW01Y0s5eFc3TkJCVk9BZFo3U0dKcVU?oc=5"" target=""_blank"" class=""btn-link"">🔗 Abrir Noticia</a>",[🔗 Abrir Noticia](https://news.google.com/rss/articles/CBMif0FVX3lxTE50RDdOZXhtS0pPZVFRU3g4NGFEX0xBRzZscHVZdGhDRFdOd19oNzVXM0o2Q2JOTEJYNVhaR053bG95TFRtQU9UZmFXeVc2OTlINkVmUU4tYUxzbmVIM0dFdkQ2NURJM3hEOW01Y0s5eFc3TkJCVk9BZFo3U0dKcVU?oc=5),Accidente en la vía Montería – Arboletes deja un fallecido este Lunes Santo Chica Noticias,0fc36be4e2697d7e1920ce955edc37bdc0cc4dbd8351f003e6100dcb8bd37e8e,2026-08-13 17:04:50
76,🟡 Pendiente (Verificar Noticia),2026-08-13,2026-08-13,Chica Noticias,¡Dolor en Montería! Identifican al ciclista que murió tras ser embestido por una motocicleta en accidente - Chica Noticias,Montería (Casco Urbano / Sector en investigación),Montería (Casco Urbano / Sector en investigación),,Montería,"Motocicleta, Bicicleta",1,0,Baja (Centroide General Montería),8.7508,-75.8814,https://news.google.com/rss/articles/CBMifEFVX3lxTE1CaVNtNGZFVmFvcGdPalpTMXVHU1VhSE9qb192ODhDdEw2MVd0bnpoS0xLX045ajdxb2c5Y1hQNHQzZXp6SHhGZ1ZVRWlBdzVtQmZFWkN3V3l1R3R6N0NHajQ1Nm80aXd3Y29GUmpIcVJLa1REaU04bkVSenU?oc=5,"<a href=""https://news.google.com/rss/articles/CBMifEFVX3lxTE1CaVNtNGZFVmFvcGdPalpTMXVHU1VhSE9qb192ODhDdEw2MVd0bnpoS0xLX045ajdxb2c5Y1hQNHQzZXp6SHhGZ1ZVRWlBdzVtQmZFWkN3V3l1R3R6N0NHajQ1Nm80aXd3Y29GUmpIcVJLa1REaU04bkVSenU?oc=5"" target=""_blank"" class=""btn-link"">🔗 Abrir Noticia</a>",[🔗 Abrir Noticia](https://news.google.com/rss/articles/CBMifEFVX3lxTE1CaVNtNGZFVmFvcGdPalpTMXVHU1VhSE9qb192ODhDdEw2MVd0bnpoS0xLX045ajdxb2c5Y1hQNHQzZXp6SHhGZ1ZVRWlBdzVtQmZFWkN3V3l1R3R6N0NHajQ1Nm80aXd3Y29GUmpIcVJLa1REaU04bkVSenU?oc=5),¡Dolor en Montería! Identifican al ciclista que murió tras ser embestido por una motocicleta en accidente Chica Noticias,aec31f0c027aedd39283b5062998873f42a99a8166e5935d3b440e8cc1e0b542,2026-08-13 17:04:50
77,🟢 Verificada / Específica,2026-08-13,2026-08-13,Chica Noticias,Accidente en el centro de Montería entre moto y bicicleta genera caos vial - Chica Noticias,"Sector/Barrio Centro, Montería","Sector/Barrio Centro, Montería",Centro,Montería,"Motocicleta, Bicicleta",0,0,Alta (Centroide Hito/Barrio Verificado),8.751,-75.885,https://news.google.com/rss/articles/CBMibEFVX3lxTE5Mc3dUTHE1azlNazBtX3dZRFZqTjRtRUhSalgtRmF6Njk0dzB5NmRqYmU0Tm94WEFlVDJtOEk0OXlpbFk5RXZwUDlBUFRhbkhnVXVTdUYwRDJtZ2tIUkRPV3Frd3dMaWZQclMwMQ?oc=5,"<a href=""https://news.google.com/rss/articles/CBMibEFVX3lxTE5Mc3dUTHE1azlNazBtX3dZRFZqTjRtRUhSalgtRmF6Njk0dzB5NmRqYmU0Tm94WEFlVDJtOEk0OXlpbFk5RXZwUDlBUFRhbkhnVXVTdUYwRDJtZ2tIUkRPV3Frd3dMaWZQclMwMQ?oc=5"" target=""_blank"" class=""btn-link"">🔗 Abrir Noticia</a>",[🔗 Abrir Noticia](https://news.google.com/rss/articles/CBMibEFVX3lxTE5Mc3dUTHE1azlNazBtX3dZRFZqTjRtRUhSalgtRmF6Njk0dzB5NmRqYmU0Tm94WEFlVDJtOEk0OXlpbFk5RXZwUDlBUFRhbkhnVXVTdUYwRDJtZ2tIUkRPV3Frd3dMaWZQclMwMQ?oc=5),Accidente en el centro de Montería entre moto y bicicleta genera caos vial Chica Noticias,6c33b29b68bf14a218fc7c4be15dfa657bfe5f0150d0216091416005cf2b7b88,2026-08-13 17:04:50
78,🟡 Pendiente (Verificar Noticia),2026-08-13,2026-08-13,Chica Noticias,Motociclista pierde la vida tras chocar con un furgón en la vía Montería–Planeta Rica - Chica Noticias,"Municipio de Planeta Rica, Córdoba","Municipio de Planeta Rica, Córdoba",,Montería,Camión / Carga,0,0,Baja (Centroide General Montería),8.7508,-75.8814,https://news.google.com/rss/articles/CBMicEFVX3lxTE1QZkdqdnJzLS1nU3dqZ3BqVmc5MzNfblpOeWFDNHR4OXB5b2d6UGtISTNpMGRaZDhzWGpJQm5UMmtJVl9Ob2dqdHFwUm1RcGZHbVhMNDFWSHJxb3dBYzhnczJnOHZQbHZZYlBZa0tXemQ?oc=5,"<a href=""https://news.google.com/rss/articles/CBMicEFVX3lxTE1QZkdqdnJzLS1nU3dqZ3BqVmc5MzNfblpOeWFDNHR4OXB5b2d6UGtISTNpMGRaZDhzWGpJQm5UMmtJVl9Ob2dqdHFwUm1RcGZHbVhMNDFWSHJxb3dBYzhnczJnOHZQbHZZYlBZa0tXemQ?oc=5"" target=""_blank"" class=""btn-link"">🔗 Abrir Noticia</a>",[🔗 Abrir Noticia](https://news.google.com/rss/articles/CBMicEFVX3lxTE1QZkdqdnJzLS1nU3dqZ3BqVmc5MzNfblpOeWFDNHR4OXB5b2d6UGtISTNpMGRaZDhzWGpJQm5UMmtJVl9Ob2dqdHFwUm1RcGZHbVhMNDFWSHJxb3dBYzhnczJnOHZQbHZZYlBZa0tXemQ?oc=5),Motociclista pierde la vida tras chocar con un furgón en la vía Montería–Planeta Rica Chica Noticias,12eaffee3b2e7f8c1b1028cb06f380b492c0fc071f1bb323d9445bbfbf39a766,2026-08-13 17:04:50
79,🟡 Pendiente (Verificar Noticia),2026-08-13,2026-08-13,Chica Noticias,Trágico accidente en Montería: motociclista muere tras choque con camioneta - Chica Noticias,Montería (Casco Urbano / Sector en investigación),Montería (Casco Urbano / Sector en investigación),,Montería,Automóvil,0,0,Baja (Centroide General Montería),8.7508,-75.8814,https://news.google.com/rss/articles/CBMidkFVX3lxTE56Z0ZRSTBhaDk4Uy1BZzBiaHdEbnZPQllvWHlwNG9tX3RmWFJnQmhUMnNLa3VvOXo3NnhDVVBzelB4UkJaNnpaV1VjLVRJUm0ySlduOGVwWHFlSlVoWWdNZ2dsUV9nUnp1UUlUSTRmUjBycktCNlE?oc=5,"<a href=""https://news.google.com/rss/articles/CBMidkFVX3lxTE56Z0ZRSTBhaDk4Uy1BZzBiaHdEbnZPQllvWHlwNG9tX3RmWFJnQmhUMnNLa3VvOXo3NnhDVVBzelB4UkJaNnpaV1VjLVRJUm0ySlduOGVwWHFlSlVoWWdNZ2dsUV9nUnp1UUlUSTRmUjBycktCNlE?oc=5"" target=""_blank"" class=""btn-link"">🔗 Abrir Noticia</a>",[🔗 Abrir Noticia](https://news.google.com/rss/articles/CBMidkFVX3lxTE56Z0ZRSTBhaDk4Uy1BZzBiaHdEbnZPQllvWHlwNG9tX3RmWFJnQmhUMnNLa3VvOXo3NnhDVVBzelB4UkJaNnpaV1VjLVRJUm0ySlduOGVwWHFlSlVoWWdNZ2dsUV9nUnp1UUlUSTRmUjBycktCNlE?oc=5),Trágico accidente en Montería: motociclista muere tras choque con camioneta Chica Noticias,cfbb43ee7b5edc1a7194f6849c4cc6a73c777f268acd4f2af2e8464475d2f678,2026-08-13 17:04:50
80,🟡 Pendiente (Verificar Noticia),2026-08-13,2026-08-13,Chica Noticias,Un nuevo accidente de transito vuelve a encender alarmas por seguridad vial - Chica Noticias,Montería (Casco Urbano / Sector en investigación),Montería (Casco Urbano / Sector en investigación),,Montería,No especificado,0,0,Baja (Centroide General Montería),8.7508,-75.8814,https://news.google.com/rss/articles/CBMic0FVX3lxTE0tYjhVUHZ4Y3lRUVNMWmppY2Q1N3VaTnRabW90ZHN2OFNWem04M2FjTnY1VWFBRFlybXZTenYyOTkwalBuOF9ySkd2QVgxNFpXNXhSRmRfRVNQc2g4VTgtU3dSSGMwbG9TYWVrd3FLclFQS2M?oc=5,"<a href=""https://news.google.com/rss/articles/CBMic0FVX3lxTE0tYjhVUHZ4Y3lRUVNMWmppY2Q1N3VaTnRabW90ZHN2OFNWem04M2FjTnY1VWFBRFlybXZTenYyOTkwalBuOF9ySkd2QVgxNFpXNXhSRmRfRVNQc2g4VTgtU3dSSGMwbG9TYWVrd3FLclFQS2M?oc=5"" target=""_blank"" class=""btn-link"">🔗 Abrir Noticia</a>",[🔗 Abrir Noticia](https://news.google.com/rss/articles/CBMic0FVX3lxTE0tYjhVUHZ4Y3lRUVNMWmppY2Q1N3VaTnRabW90ZHN2OFNWem04M2FjTnY1VWFBRFlybXZTenYyOTkwalBuOF9ySkd2QVgxNFpXNXhSRmRfRVNQc2g4VTgtU3dSSGMwbG9TYWVrd3FLclFQS2M?oc=5),Un nuevo accidente de transito vuelve a encender alarmas por seguridad vial Chica Noticias,92d44823df7a588a97c41a4ff7e144d9d740b720a3f0f2fa80662eac1d9b478b,2026-08-13 17:04:50
81,🟡 Pendiente (Verificar Noticia),2026-08-13,2026-08-13,rionoticias.co,Joven resultó herido tras caer desde el puente del Asilo en Montería - rionoticias.co,Montería (Casco Urbano / Sector en investigación),Montería (Casco Urbano / Sector en investigación),,Montería,No especificado,0,1,Baja (Centroide General Montería),8.7508,-75.8814,https://news.google.com/rss/articles/CBMilwFBVV95cUxPRmVkWEVseEhxOTMxSmlFNFVTZmIyUHM4cGJlSzlJWGRTX2hnRGdtcmxQRHcxUWFyQW9lcU9Ha1oxT3JyOHlNbnVlWV9sWUZBY29zbjVfUmt4NV9iRWFCR25NN1I5dVZVYWtIWFluZ0gycTFyRDV0SEh5RHR1dXJMTUhXRzVnbHpwSC1LNjhnYUtScXZNZ1JN0gGcAUFVX3lxTE5FUFduQmJ2T3JTbHhhSGdfTmVsWGxOWmJ6dUY0cjhmZDc2TjZlU1VTTjVaQlMtZjBSNzhQWU11aXNrUHRXcnE2QkY5RzBYSUt2UjdJWG1HeVMyNGpVdzRacjJLR1Axc1BNbTU5VjhCbWJsSG96YVpvRWQ1Y0xtNFFPeDlITHRkREE4Z0ZhVlBjdmlLY2hTTmc2el9xVg?oc=5,"<a href=""https://news.google.com/rss/articles/CBMilwFBVV95cUxPRmVkWEVseEhxOTMxSmlFNFVTZmIyUHM4cGJlSzlJWGRTX2hnRGdtcmxQRHcxUWFyQW9lcU9Ha1oxT3JyOHlNbnVlWV9sWUZBY29zbjVfUmt4NV9iRWFCR25NN1I5dVZVYWtIWFluZ0gycTFyRDV0SEh5RHR1dXJMTUhXRzVnbHpwSC1LNjhnYUtScXZNZ1JN0gGcAUFVX3lxTE5FUFduQmJ2T3JTbHhhSGdfTmVsWGxOWmJ6dUY0cjhmZDc2TjZlU1VTTjVaQlMtZjBSNzhQWU11aXNrUHRXcnE2QkY5RzBYSUt2UjdJWG1HeVMyNGpVdzRacjJLR1Axc1BNbTU5VjhCbWJsSG96YVpvRWQ1Y0xtNFFPeDlITHRkREE4Z0ZhVlBjdmlLY2hTTmc2el9xVg?oc=5"" target=""_blank"" class=""btn-link"">🔗 Abrir Noticia</a>",[🔗 Abrir Noticia](https://news.google.com/rss/articles/CBMilwFBVV95cUxPRmVkWEVseEhxOTMxSmlFNFVTZmIyUHM4cGJlSzlJWGRTX2hnRGdtcmxQRHcxUWFyQW9lcU9Ha1oxT3JyOHlNbnVlWV9sWUZBY29zbjVfUmt4NV9iRWFCR25NN1I5dVZVYWtIWFluZ0gycTFyRDV0SEh5RHR1dXJMTUhXRzVnbHpwSC1LNjhnYUtScXZNZ1JN0gGcAUFVX3lxTE5FUFduQmJ2T3JTbHhhSGdfTmVsWGxOWmJ6dUY0cjhmZDc2TjZlU1VTTjVaQlMtZjBSNzhQWU11aXNrUHRXcnE2QkY5RzBYSUt2UjdJWG1HeVMyNGpVdzRacjJLR1Axc1BNbTU5VjhCbWJsSG96YVpvRWQ1Y0xtNFFPeDlITHRkREE4Z0ZhVlBjdmlLY2hTTmc2el9xVg?oc=5),Joven resultó herido tras caer desde el puente del Asilo en Montería rionoticias.co,ee6842c4a2d44f07dd090dc1bc7f63e6ac92c562ab9d9f105a228af66cd4d69a,2026-08-13 17:04:50
82,🟡 Pendiente (Verificar Noticia),2026-08-13,2026-08-13,Chica Noticias,Identifican a hombre que falleció en accidente de tránsito en la vía Montería – Arboletes - Chica Noticias,Montería (Casco Urbano / Sector en investigación),Montería (Casco Urbano / Sector en investigación),,Montería,No especificado,1,0,Baja (Centroide General Montería),8.7508,-75.8814,https://news.google.com/rss/articles/CBMifkFVX3lxTFBCMXNERDJYTEtObnFKU2IxenRFZDh4RHdnbzdFc3pxbFg5QWlFMVVMZ3l2WmszcFYwN2hYUVdBcmRMNGN1T3E2OGtIdktjOTZvZXgtdHIyOE9CZDM2ZTNlTGRITE5hWHF1YjBxRjQ0Uy01cU5WUjBWcHhCbmZ5Zw?oc=5,"<a href=""https://news.google.com/rss/articles/CBMifkFVX3lxTFBCMXNERDJYTEtObnFKU2IxenRFZDh4RHdnbzdFc3pxbFg5QWlFMVVMZ3l2WmszcFYwN2hYUVdBcmRMNGN1T3E2OGtIdktjOTZvZXgtdHIyOE9CZDM2ZTNlTGRITE5hWHF1YjBxRjQ0Uy01cU5WUjBWcHhCbmZ5Zw?oc=5"" target=""_blank"" class=""btn-link"">🔗 Abrir Noticia</a>",[🔗 Abrir Noticia](https://news.google.com/rss/articles/CBMifkFVX3lxTFBCMXNERDJYTEtObnFKU2IxenRFZDh4RHdnbzdFc3pxbFg5QWlFMVVMZ3l2WmszcFYwN2hYUVdBcmRMNGN1T3E2OGtIdktjOTZvZXgtdHIyOE9CZDM2ZTNlTGRITE5hWHF1YjBxRjQ0Uy01cU5WUjBWcHhCbmZ5Zw?oc=5),Identifican a hombre que falleció en accidente de tránsito en la vía Montería – Arboletes Chica Noticias,38a82cb838d2e9cb1f97c0ddba2320f11ce14a06f7ba0c4cf42a44bde17a9368,2026-08-13 17:04:50
83,🟡 Pendiente (Verificar Noticia),2026-08-13,2026-08-13,Chica Noticias,Motociclista perdió la vida tras trágico accidente en zona rural de Montería - Chica Noticias,Montería (Casco Urbano / Sector en investigación),Montería (Casco Urbano / Sector en investigación),,Montería,No especificado,1,0,Baja (Centroide General Montería),8.7508,-75.8814,https://news.google.com/rss/articles/CBMiYkFVX3lxTE5tUTctU0JpV2R2MFZpSWtlbk9YLUsxeVF1MVNXRkt5LU80TEk0bG5nQlhlWXUycTdMcFQwaGtkMzNEVnFQS3Z4bGtjSFp6QzlyWllTajhUZkxJN1dPVWtNVHlB?oc=5,"<a href=""https://news.google.com/rss/articles/CBMiYkFVX3lxTE5tUTctU0JpV2R2MFZpSWtlbk9YLUsxeVF1MVNXRkt5LU80TEk0bG5nQlhlWXUycTdMcFQwaGtkMzNEVnFQS3Z4bGtjSFp6QzlyWllTajhUZkxJN1dPVWtNVHlB?oc=5"" target=""_blank"" class=""btn-link"">🔗 Abrir Noticia</a>",[🔗 Abrir Noticia](https://news.google.com/rss/articles/CBMiYkFVX3lxTE5tUTctU0JpV2R2MFZpSWtlbk9YLUsxeVF1MVNXRkt5LU80TEk0bG5nQlhlWXUycTdMcFQwaGtkMzNEVnFQS3Z4bGtjSFp6QzlyWllTajhUZkxJN1dPVWtNVHlB?oc=5),Motociclista perdió la vida tras trágico accidente en zona rural de Montería Chica Noticias,42294ebe61ef4d4df38b5b66ea309784ae236695ddcb603652b7d6fb009fa10f,2026-08-13 17:04:50
84,🟡 Pendiente (Verificar Noticia),2026-08-13,2026-08-13,Chica Noticias,Accidente en la vía Tierralta – Montería deja una mujer fallecida y otra gravemente herida - Chica Noticias,"Municipio de Tierralta, Córdoba","Municipio de Tierralta, Córdoba",,Montería,No especificado,1,1,Baja (Centroide General Montería),8.7508,-75.8814,https://news.google.com/rss/articles/CBMifEFVX3lxTFBpNmFlQWc5akZDU1RaWmhuVWc5V0RWQjI1eU1EdEZCclNBQlVnNjlOak90dm9YeUJIckFzZFFwcmlWMEMwbnQxaVNYUVpPQXJFVzhCS203WGI4dlFSMk0tSlJRMURXNXNDUjVVR3FhMU1KMFJjY3M4NGx0Rmg?oc=5,"<a href=""https://news.google.com/rss/articles/CBMifEFVX3lxTFBpNmFlQWc5akZDU1RaWmhuVWc5V0RWQjI1eU1EdEZCclNBQlVnNjlOak90dm9YeUJIckFzZFFwcmlWMEMwbnQxaVNYUVpPQXJFVzhCS203WGI4dlFSMk0tSlJRMURXNXNDUjVVR3FhMU1KMFJjY3M4NGx0Rmg?oc=5"" target=""_blank"" class=""btn-link"">🔗 Abrir Noticia</a>",[🔗 Abrir Noticia](https://news.google.com/rss/articles/CBMifEFVX3lxTFBpNmFlQWc5akZDU1RaWmhuVWc5V0RWQjI1eU1EdEZCclNBQlVnNjlOak90dm9YeUJIckFzZFFwcmlWMEMwbnQxaVNYUVpPQXJFVzhCS203WGI4dlFSMk0tSlJRMURXNXNDUjVVR3FhMU1KMFJjY3M4NGx0Rmg?oc=5),Accidente en la vía Tierralta – Montería deja una mujer fallecida y otra gravemente herida Chica Noticias,8f14eaa2410abdb0fb6598bed7ae0cdac09cb449f238caf3285bfa6214e6f1f1,2026-08-13 17:04:50
85,🟡 Pendiente (Verificar Noticia),2026-08-13,2026-08-13,Chica Noticias,Dos personas resultaron heridas en accidente de tránsito en la vía Cereté – Montería - Chica Noticias,"Municipio de Cereté, Córdoba","Municipio de Cereté, Córdoba",,Montería,No especificado,0,1,Baja (Centroide General Montería),8.7508,-75.8814,https://news.google.com/rss/articles/CBMie0FVX3lxTFBvYmpaTzJndU9MNldhd09NQ21YYV9OenkxcHNSTjU4dDRBYXlhSU5uSlpmZmdHSmk0dThXRDdkTVJfOUs3NVozYzBYbk95dWY1aWhTWVhtdjdTQnRObFBEMTdzUjR1a181OE5PckxkaUJDQ0xRZzFLdjVJNA?oc=5,"<a href=""https://news.google.com/rss/articles/CBMie0FVX3lxTFBvYmpaTzJndU9MNldhd09NQ21YYV9OenkxcHNSTjU4dDRBYXlhSU5uSlpmZmdHSmk0dThXRDdkTVJfOUs3NVozYzBYbk95dWY1aWhTWVhtdjdTQnRObFBEMTdzUjR1a181OE5PckxkaUJDQ0xRZzFLdjVJNA?oc=5"" target=""_blank"" class=""btn-link"">🔗 Abrir Noticia</a>",[🔗 Abrir Noticia](https://news.google.com/rss/articles/CBMie0FVX3lxTFBvYmpaTzJndU9MNldhd09NQ21YYV9OenkxcHNSTjU4dDRBYXlhSU5uSlpmZmdHSmk0dThXRDdkTVJfOUs3NVozYzBYbk95dWY1aWhTWVhtdjdTQnRObFBEMTdzUjR1a181OE5PckxkaUJDQ0xRZzFLdjVJNA?oc=5),Dos personas resultaron heridas en accidente de tránsito en la vía Cereté – Montería Chica Noticias,8b46c64abef70192d64862de9a417e62a9b2db7c643030b7cb40f0cf1b3b020a,2026-08-13 17:04:50
86,🟡 Pendiente (Verificar Noticia),2026-08-13,2026-08-13,Chica Noticias,Choque entre vehículo de misión médica y camión de gaseosas causó congestión en la vía Montería – Planeta Rica - Chica Noticias,"Municipio de Planeta Rica, Córdoba","Municipio de Planeta Rica, Córdoba",,Montería,Camión / Carga,0,0,Baja (Centroide General Montería),8.7508,-75.8814,https://news.google.com/rss/articles/CBMif0FVX3lxTE04cmROeWNLbU4yV2NSX181UG5EU19iMnFMTHYzSU5weDd5ZW5VcEpnOUtwTHpXUVFjNXFhLUpZUzBsUFl5T2g4OHBBTjdOY2tMRWFtdVJrYzhfQXJKeXBVcVJBZGhsbjVySDRWM3dleXF6bHBJRXpNLTJHRWlQWVU?oc=5,"<a href=""https://news.google.com/rss/articles/CBMif0FVX3lxTE04cmROeWNLbU4yV2NSX181UG5EU19iMnFMTHYzSU5weDd5ZW5VcEpnOUtwTHpXUVFjNXFhLUpZUzBsUFl5T2g4OHBBTjdOY2tMRWFtdVJrYzhfQXJKeXBVcVJBZGhsbjVySDRWM3dleXF6bHBJRXpNLTJHRWlQWVU?oc=5"" target=""_blank"" class=""btn-link"">🔗 Abrir Noticia</a>",[🔗 Abrir Noticia](https://news.google.com/rss/articles/CBMif0FVX3lxTE04cmROeWNLbU4yV2NSX181UG5EU19iMnFMTHYzSU5weDd5ZW5VcEpnOUtwTHpXUVFjNXFhLUpZUzBsUFl5T2g4OHBBTjdOY2tMRWFtdVJrYzhfQXJKeXBVcVJBZGhsbjVySDRWM3dleXF6bHBJRXpNLTJHRWlQWVU?oc=5),Choque entre vehículo de misión médica y camión de gaseosas causó congestión en la vía Montería – Planeta Rica Chica Noticias,0909ad10fcffaabb96ab100218c7dde760d6d6396bd7e736d3c8b6a8aa600bcc,2026-08-13 17:04:50
87,🟢 Verificada / Específica,2026-08-13,2026-08-13,rionoticias.co,Accidente en el anillo vial provoca fuerte congestión entre la Terminal y Mocarí en Montería - rionoticias.co,"Sector/Barrio Mocarí, Montería","Sector/Barrio Mocarí, Montería",Mocarí,Montería,No especificado,0,0,Alta (Centroide Hito/Barrio Verificado),8.7925,-75.8612,https://news.google.com/rss/articles/CBMitwFBVV95cUxQem01SURLcU5VOXdydDB4QjMwalU4RXgzZzJuV3p1dHJQNG10ZWpNNHB6dVdfeWE5YkRITTFjVzk1Rmx3Tk1yaFNuNHUwcmpXbWlySnNRWWVsVFQ4Rkp3bVk2TUJyZnVTY0NhbnF3ZGIzOERfM2pSVjBJN19qekx5OExQYWdOaS1mdnJ1eDg4NWdnUG5JWjVIamZ6bE5Zd0R6OUhLS3lyNU9aSVVNWnNlRWlNdG1tU1XSAbwBQVVfeXFMT1YwLVVPWFpVeDVNOVZXV2s0ZndCZkV1WHkyNi1IS1FSNlo2dXZtQjczeV9JRVJsZ01DM2twNVcwNGstX1dmWjlDVkdqVUc0SkxYWWlJaXhvTG9QLTRVWHczM1VkUU4wLUNEUTNCemZsZ2ZKYnpCcDdCbVJaWjQ5WUlyYmJCV0xoR1J2S0ZnMDYtbzRaZG9jUFRpWmh3VTdhYlZ3V3lUUzUyTEZEWWxndjJWcEZsNXNjbTk3WjQ?oc=5,"<a href=""https://news.google.com/rss/articles/CBMitwFBVV95cUxQem01SURLcU5VOXdydDB4QjMwalU4RXgzZzJuV3p1dHJQNG10ZWpNNHB6dVdfeWE5YkRITTFjVzk1Rmx3Tk1yaFNuNHUwcmpXbWlySnNRWWVsVFQ4Rkp3bVk2TUJyZnVTY0NhbnF3ZGIzOERfM2pSVjBJN19qekx5OExQYWdOaS1mdnJ1eDg4NWdnUG5JWjVIamZ6bE5Zd0R6OUhLS3lyNU9aSVVNWnNlRWlNdG1tU1XSAbwBQVVfeXFMT1YwLVVPWFpVeDVNOVZXV2s0ZndCZkV1WHkyNi1IS1FSNlo2dXZtQjczeV9JRVJsZ01DM2twNVcwNGstX1dmWjlDVkdqVUc0SkxYWWlJaXhvTG9QLTRVWHczM1VkUU4wLUNEUTNCemZsZ2ZKYnpCcDdCbVJaWjQ5WUlyYmJCV0xoR1J2S0ZnMDYtbzRaZG9jUFRpWmh3VTdhYlZ3V3lUUzUyTEZEWWxndjJWcEZsNXNjbTk3WjQ?oc=5"" target=""_blank"" class=""btn-link"">🔗 Abrir Noticia</a>",[🔗 Abrir Noticia](https://news.google.com/rss/articles/CBMitwFBVV95cUxQem01SURLcU5VOXdydDB4QjMwalU4RXgzZzJuV3p1dHJQNG10ZWpNNHB6dVdfeWE5YkRITTFjVzk1Rmx3Tk1yaFNuNHUwcmpXbWlySnNRWWVsVFQ4Rkp3bVk2TUJyZnVTY0NhbnF3ZGIzOERfM2pSVjBJN19qekx5OExQYWdOaS1mdnJ1eDg4NWdnUG5JWjVIamZ6bE5Zd0R6OUhLS3lyNU9aSVVNWnNlRWlNdG1tU1XSAbwBQVVfeXFMT1YwLVVPWFpVeDVNOVZXV2s0ZndCZkV1WHkyNi1IS1FSNlo2dXZtQjczeV9JRVJsZ01DM2twNVcwNGstX1dmWjlDVkdqVUc0SkxYWWlJaXhvTG9QLTRVWHczM1VkUU4wLUNEUTNCemZsZ2ZKYnpCcDdCbVJaWjQ5WUlyYmJCV0xoR1J2S0ZnMDYtbzRaZG9jUFRpWmh3VTdhYlZ3V3lUUzUyTEZEWWxndjJWcEZsNXNjbTk3WjQ?oc=5),Accidente en el anillo vial provoca fuerte congestión entre la Terminal y Mocarí en Montería rionoticias.co,f096509671858eaf5e39048a9c4c27b685bcb67806947751dcade430e914fc41,2026-08-13 17:04:50
88,🟡 Pendiente (Verificar Noticia),2026-08-13,2026-08-13,Chica Noticias,Motociclista falleció en accidente de tránsito en la vía Lorica – Montería - Chica Noticias,"Municipio de Lorica, Córdoba","Municipio de Lorica, Córdoba",,Montería,No especificado,1,0,Baja (Centroide General Montería),8.7508,-75.8814,https://news.google.com/rss/articles/CBMie0FVX3lxTE1tWHpYVGdrS01Bc1VMSV9JckI5S1R1WGVxSVJ6clM3aldHV2dDRHdJbk10MjR0N0dOLUtad2xLSGNzaGpadkhXT29xa3AxLXRPbl9LUHFPdnA5YzlVVDJPZ1oySGd3R2xqUVBfV3lqczZfbERhYUlZOEtSTQ?oc=5,"<a href=""https://news.google.com/rss/articles/CBMie0FVX3lxTE1tWHpYVGdrS01Bc1VMSV9JckI5S1R1WGVxSVJ6clM3aldHV2dDRHdJbk10MjR0N0dOLUtad2xLSGNzaGpadkhXT29xa3AxLXRPbl9LUHFPdnA5YzlVVDJPZ1oySGd3R2xqUVBfV3lqczZfbERhYUlZOEtSTQ?oc=5"" target=""_blank"" class=""btn-link"">🔗 Abrir Noticia</a>",[🔗 Abrir Noticia](https://news.google.com/rss/articles/CBMie0FVX3lxTE1tWHpYVGdrS01Bc1VMSV9JckI5S1R1WGVxSVJ6clM3aldHV2dDRHdJbk10MjR0N0dOLUtad2xLSGNzaGpadkhXT29xa3AxLXRPbl9LUHFPdnA5YzlVVDJPZ1oySGd3R2xqUVBfV3lqczZfbERhYUlZOEtSTQ?oc=5),Motociclista falleció en accidente de tránsito en la vía Lorica – Montería Chica Noticias,3b015e8c4cb60222e149a658e626e4eec8fa3cb11d6709c3fb3885d24bd9c336,2026-08-13 17:04:50
89,🟢 Verificada / Específica,2026-08-13,2026-08-13,Chica Noticias,Grave accidente en la vía Montería–Cereté deja varios heridos cerca al peaje de Garzones - Chica Noticias,"Sector/Barrio Garzones, Montería","Sector/Barrio Garzones, Montería",Garzones,Montería,No especificado,0,1,Alta (Centroide Hito/Barrio Verificado),8.815,-75.835,https://news.google.com/rss/articles/CBMieEFVX3lxTFB5TlZhQkJyVzBydUJ0VUxobU0zRWRqeUYxSWRzdnBaVmZhV1N1QUl4M1FzTEVvZldCSUp1RUY1NHNuNDlabWFrUE9DZF94VWpOZGQ0Ql9uWlR1anFRUjZTc05nU1dXUHAyNVFFZWE0ZnJaT2UzX3doZQ?oc=5,"<a href=""https://news.google.com/rss/articles/CBMieEFVX3lxTFB5TlZhQkJyVzBydUJ0VUxobU0zRWRqeUYxSWRzdnBaVmZhV1N1QUl4M1FzTEVvZldCSUp1RUY1NHNuNDlabWFrUE9DZF94VWpOZGQ0Ql9uWlR1anFRUjZTc05nU1dXUHAyNVFFZWE0ZnJaT2UzX3doZQ?oc=5"" target=""_blank"" class=""btn-link"">🔗 Abrir Noticia</a>",[🔗 Abrir Noticia](https://news.google.com/rss/articles/CBMieEFVX3lxTFB5TlZhQkJyVzBydUJ0VUxobU0zRWRqeUYxSWRzdnBaVmZhV1N1QUl4M1FzTEVvZldCSUp1RUY1NHNuNDlabWFrUE9DZF94VWpOZGQ0Ql9uWlR1anFRUjZTc05nU1dXUHAyNVFFZWE0ZnJaT2UzX3doZQ?oc=5),Grave accidente en la vía Montería–Cereté deja varios heridos cerca al peaje de Garzones Chica Noticias,954a42532f37a43cee2d0bf81b59ae5babf98da2188f516de416109884047325,2026-08-13 17:04:50
90,🟡 Pendiente (Verificar Noticia),2026-08-13,2026-08-13,Chica Noticias,Joven de Momil lucha por su vida tras sufrir un grave accidente en Montería - Chica Noticias,Montería (Casco Urbano / Sector en investigación),Montería (Casco Urbano / Sector en investigación),,Montería,No especificado,0,0,Baja (Centroide General Montería),8.7508,-75.8814,https://news.google.com/rss/articles/CBMiuAFBVV95cUxPclNHSlAzbHl4bUUtUjliQzhmbkN5VElJUFh5M2Z0X2FfQ282NGJQc0pIbmhyMVdtMHdDcTJnejNacVVfWFhhZ3F0RkloVTJmcW5tSGs5VTdKbi1DMlNqMjZwRnVJY1dncmxpQVMxUFpMbzZTdlpwNGxsMlJLUmY2R3dOcGh0M1h0ZUNNRFhrY0pJUHZ4YndpTm5xdWxzMFVZOWpOWVJOYThKMzhrM0haNzJIUkFqVlhH?oc=5,"<a href=""https://news.google.com/rss/articles/CBMiuAFBVV95cUxPclNHSlAzbHl4bUUtUjliQzhmbkN5VElJUFh5M2Z0X2FfQ282NGJQc0pIbmhyMVdtMHdDcTJnejNacVVfWFhhZ3F0RkloVTJmcW5tSGs5VTdKbi1DMlNqMjZwRnVJY1dncmxpQVMxUFpMbzZTdlpwNGxsMlJLUmY2R3dOcGh0M1h0ZUNNRFhrY0pJUHZ4YndpTm5xdWxzMFVZOWpOWVJOYThKMzhrM0haNzJIUkFqVlhH?oc=5"" target=""_blank"" class=""btn-link"">🔗 Abrir Noticia</a>",[🔗 Abrir Noticia](https://news.google.com/rss/articles/CBMiuAFBVV95cUxPclNHSlAzbHl4bUUtUjliQzhmbkN5VElJUFh5M2Z0X2FfQ282NGJQc0pIbmhyMVdtMHdDcTJnejNacVVfWFhhZ3F0RkloVTJmcW5tSGs5VTdKbi1DMlNqMjZwRnVJY1dncmxpQVMxUFpMbzZTdlpwNGxsMlJLUmY2R3dOcGh0M1h0ZUNNRFhrY0pJUHZ4YndpTm5xdWxzMFVZOWpOWVJOYThKMzhrM0haNzJIUkFqVlhH?oc=5),Joven de Momil lucha por su vida tras sufrir un grave accidente en Montería Chica Noticias,a00c2aa2f31b72dba2eb808f9616bef5a3bded3e11c3643901f5e5f31d993173,2026-08-13 17:04:50
91,🟢 Verificada / Específica,2026-08-13,2026-08-13,Chica Noticias,Aparatoso accidente en Mogambo dejó a un hombre gravemente herido - Chica Noticias,"Sector/Barrio Mogambo, Montería","Sector/Barrio Mogambo, Montería",Mogambo,Montería,No especificado,0,1,Alta (Centroide Hito/Barrio Verificado),8.729,-75.875,https://news.google.com/rss/articles/CBMiXkFVX3lxTFBrM2ozR1RLUkhsT3ZFcFlaUDZwdHEzbXpubUpIV2xCY194c0h1UDdOalhDQ2U0TzdTRGp2TjJEUGJkVks4bVhDcm9rcW1kR0hWSWc0ZTM0bDhPVWhObkE?oc=5,"<a href=""https://news.google.com/rss/articles/CBMiXkFVX3lxTFBrM2ozR1RLUkhsT3ZFcFlaUDZwdHEzbXpubUpIV2xCY194c0h1UDdOalhDQ2U0TzdTRGp2TjJEUGJkVks4bVhDcm9rcW1kR0hWSWc0ZTM0bDhPVWhObkE?oc=5"" target=""_blank"" class=""btn-link"">🔗 Abrir Noticia</a>",[🔗 Abrir Noticia](https://news.google.com/rss/articles/CBMiXkFVX3lxTFBrM2ozR1RLUkhsT3ZFcFlaUDZwdHEzbXpubUpIV2xCY194c0h1UDdOalhDQ2U0TzdTRGp2TjJEUGJkVks4bVhDcm9rcW1kR0hWSWc0ZTM0bDhPVWhObkE?oc=5),Aparatoso accidente en Mogambo dejó a un hombre gravemente herido Chica Noticias,e67ff0b919a7912f9d7ef735a41a7b6e1fde303734fcca3b308b3f31dc60c43e,2026-08-13 17:04:50
92,🟡 Pendiente (Verificar Noticia),2026-08-13,2026-08-13,Chica Noticias,Accidente en el “cruce de la muerte” frente a clínica IMAT deja varios heridos - Chica Noticias,Montería (Casco Urbano / Sector en investigación),Montería (Casco Urbano / Sector en investigación),,Montería,No especificado,0,1,Baja (Centroide General Montería),8.7508,-75.8814,https://news.google.com/rss/articles/CBMicEFVX3lxTE5BdXR3SmZLdjdueURIWEdYX2lvZDhTNDFCLVpmUnA5d0FBNHB0VVl4NUh3Uk4zTi03VjI2aDdGdktzLV9nZ3UzS2ZXNjZXTWlxMWVzR0QzbTdmR05IekR6UUpma3lXZDhWTEJQZEhxWWs?oc=5,"<a href=""https://news.google.com/rss/articles/CBMicEFVX3lxTE5BdXR3SmZLdjdueURIWEdYX2lvZDhTNDFCLVpmUnA5d0FBNHB0VVl4NUh3Uk4zTi03VjI2aDdGdktzLV9nZ3UzS2ZXNjZXTWlxMWVzR0QzbTdmR05IekR6UUpma3lXZDhWTEJQZEhxWWs?oc=5"" target=""_blank"" class=""btn-link"">🔗 Abrir Noticia</a>",[🔗 Abrir Noticia](https://news.google.com/rss/articles/CBMicEFVX3lxTE5BdXR3SmZLdjdueURIWEdYX2lvZDhTNDFCLVpmUnA5d0FBNHB0VVl4NUh3Uk4zTi03VjI2aDdGdktzLV9nZ3UzS2ZXNjZXTWlxMWVzR0QzbTdmR05IekR6UUpma3lXZDhWTEJQZEhxWWs?oc=5),Accidente en el “cruce de la muerte” frente a clínica IMAT deja varios heridos Chica Noticias,3bd8f31569ff5c5ef7562bda1567c6ec2366e69ef9ecdc020dee0100973e9ffd,2026-08-13 17:04:50
93,🟡 Pendiente (Verificar Noticia),2026-08-13,2026-08-13,Eluniversal.com.co,2 muertos dejó accidente de bus de Brasilia que cubría la ruta Mompox-Medellín - Eluniversal.com.co,Montería (Casco Urbano / Sector en investigación),Montería (Casco Urbano / Sector en investigación),,Montería,Bus / Transporte Público,1,0,Baja (Centroide General Montería),8.7508,-75.8814,https://news.google.com/rss/articles/CBMiyAFBVV95cUxQRUx5cURJMTdzZFdBLXdZclhPZFZlZnpHVUZzQ2NMLVZzajctNWxadFlVQjFBUGcyY2xHSkVJZGhSZ3lUVU1EUFRpX3d3ZF9JSVdBNHVXUl9DNWVNQ0pDQVFyWk9jTTBRbVVnVmNpVzBhN1YtT20zLXM1dzNMa1JVWi1KMmJzSmZrVXBoMUx6VmNkRVdFM0lzRk5KMWRBcl9lcG9COGtROW1QMkNYamtzSEotbDI4djZHdUx0MkhIT2M2aTh2TDhmRA?oc=5,"<a href=""https://news.google.com/rss/articles/CBMiyAFBVV95cUxQRUx5cURJMTdzZFdBLXdZclhPZFZlZnpHVUZzQ2NMLVZzajctNWxadFlVQjFBUGcyY2xHSkVJZGhSZ3lUVU1EUFRpX3d3ZF9JSVdBNHVXUl9DNWVNQ0pDQVFyWk9jTTBRbVVnVmNpVzBhN1YtT20zLXM1dzNMa1JVWi1KMmJzSmZrVXBoMUx6VmNkRVdFM0lzRk5KMWRBcl9lcG9COGtROW1QMkNYamtzSEotbDI4djZHdUx0MkhIT2M2aTh2TDhmRA?oc=5"" target=""_blank"" class=""btn-link"">🔗 Abrir Noticia</a>",[🔗 Abrir Noticia](https://news.google.com/rss/articles/CBMiyAFBVV95cUxQRUx5cURJMTdzZFdBLXdZclhPZFZlZnpHVUZzQ2NMLVZzajctNWxadFlVQjFBUGcyY2xHSkVJZGhSZ3lUVU1EUFRpX3d3ZF9JSVdBNHVXUl9DNWVNQ0pDQVFyWk9jTTBRbVVnVmNpVzBhN1YtT20zLXM1dzNMa1JVWi1KMmJzSmZrVXBoMUx6VmNkRVdFM0lzRk5KMWRBcl9lcG9COGtROW1QMkNYamtzSEotbDI4djZHdUx0MkhIT2M2aTh2TDhmRA?oc=5),2 muertos dejó accidente de bus de Brasilia que cubría la ruta Mompox-Medellín Eluniversal.com.co,bdefc61674bd9529f9410a1e6472af5c0b14ec67c36f3252b33199faeac6c7ab,2026-08-13 17:04:50
94,🟢 Verificada / Específica,2026-08-13,2026-08-13,Chica Noticias,Grave accidente en la vía Mocarí – Terminal deja a un conductor en estado crítico - Chica Noticias,"Sector/Barrio Mocarí, Montería","Sector/Barrio Mocarí, Montería",Mocarí,Montería,No especificado,0,0,Alta (Centroide Hito/Barrio Verificado),8.7925,-75.8612,https://news.google.com/rss/articles/CBMic0FVX3lxTFBXaUNYSUZfMlVYMDZoLTA4TmExZ0I4eEIweVZ5LU5kbTBXMjZXSVJzakx4eHhzVmxfaDVTVlR5cXR4QmFIR2lMaWJ6ZWFHU3VycnRHaHNzdWkyeGM5ak9vb01oODhHLUpnOFpmaFBHYXp5UFU?oc=5,"<a href=""https://news.google.com/rss/articles/CBMic0FVX3lxTFBXaUNYSUZfMlVYMDZoLTA4TmExZ0I4eEIweVZ5LU5kbTBXMjZXSVJzakx4eHhzVmxfaDVTVlR5cXR4QmFIR2lMaWJ6ZWFHU3VycnRHaHNzdWkyeGM5ak9vb01oODhHLUpnOFpmaFBHYXp5UFU?oc=5"" target=""_blank"" class=""btn-link"">🔗 Abrir Noticia</a>",[🔗 Abrir Noticia](https://news.google.com/rss/articles/CBMic0FVX3lxTFBXaUNYSUZfMlVYMDZoLTA4TmExZ0I4eEIweVZ5LU5kbTBXMjZXSVJzakx4eHhzVmxfaDVTVlR5cXR4QmFIR2lMaWJ6ZWFHU3VycnRHaHNzdWkyeGM5ak9vb01oODhHLUpnOFpmaFBHYXp5UFU?oc=5),Grave accidente en la vía Mocarí – Terminal deja a un conductor en estado crítico Chica Noticias,1d054968afe57e8538d3da864976d686b7c874e54f23f3dbd9dbbb6fd0488aec,2026-08-13 17:04:50
95,🟡 Pendiente (Verificar Noticia),2026-08-13,2026-08-13,Chica Noticias,¡Eran hermanos! Identifican a víctimas de trágico accidente en zona rural de Montería - Chica Noticias,Montería (Casco Urbano / Sector en investigación),Montería (Casco Urbano / Sector en investigación),,Montería,No especificado,0,0,Baja (Centroide General Montería),8.7508,-75.8814,https://news.google.com/rss/articles/CBMieEFVX3lxTE9GWlRZb0tJakpyTms3R2VuOEQ0c0VxTDB5MW55MWJpNVpJN01xVjFMQkFxcXlncVFpb09KTlppN2szcTFWMld6anVZVXNHZ3hIOTZvX2p5aHFsNk95bnpMaFljZVFEWmlwNlRjam9lTndrdmZ4a2t0WA?oc=5,"<a href=""https://news.google.com/rss/articles/CBMieEFVX3lxTE9GWlRZb0tJakpyTms3R2VuOEQ0c0VxTDB5MW55MWJpNVpJN01xVjFMQkFxcXlncVFpb09KTlppN2szcTFWMld6anVZVXNHZ3hIOTZvX2p5aHFsNk95bnpMaFljZVFEWmlwNlRjam9lTndrdmZ4a2t0WA?oc=5"" target=""_blank"" class=""btn-link"">🔗 Abrir Noticia</a>",[🔗 Abrir Noticia](https://news.google.com/rss/articles/CBMieEFVX3lxTE9GWlRZb0tJakpyTms3R2VuOEQ0c0VxTDB5MW55MWJpNVpJN01xVjFMQkFxcXlncVFpb09KTlppN2szcTFWMld6anVZVXNHZ3hIOTZvX2p5aHFsNk95bnpMaFljZVFEWmlwNlRjam9lTndrdmZ4a2t0WA?oc=5),¡Eran hermanos! Identifican a víctimas de trágico accidente en zona rural de Montería Chica Noticias,33591496f9e19abf8f04d333e21197ac5703cfec48699e42cb506adf6c968986,2026-08-13 17:04:50
96,🟡 Pendiente (Verificar Noticia),2026-08-13,2026-08-13,Chica Noticias,Joven herido en accidente en Sahagún murió en Montería - Chica Noticias,"Municipio de Sahagún, Córdoba","Municipio de Sahagún, Córdoba",,Montería,No especificado,1,1,Baja (Centroide General Montería),8.7508,-75.8814,https://news.google.com/rss/articles/CBMiakFVX3lxTE04VlhEWmdsMW45dzJqRkxIaFdIQV9UTVRGbnhDVUxycEdPd3pqaFpqQkl3UzZlMG04eGFRU0c3RWtvbXlRbkcxQXUxbkpmaUtJc3NMcU1kRWV1RTk2NC11eVVxU3djVWFFV2c?oc=5,"<a href=""https://news.google.com/rss/articles/CBMiakFVX3lxTE04VlhEWmdsMW45dzJqRkxIaFdIQV9UTVRGbnhDVUxycEdPd3pqaFpqQkl3UzZlMG04eGFRU0c3RWtvbXlRbkcxQXUxbkpmaUtJc3NMcU1kRWV1RTk2NC11eVVxU3djVWFFV2c?oc=5"" target=""_blank"" class=""btn-link"">🔗 Abrir Noticia</a>",[🔗 Abrir Noticia](https://news.google.com/rss/articles/CBMiakFVX3lxTE04VlhEWmdsMW45dzJqRkxIaFdIQV9UTVRGbnhDVUxycEdPd3pqaFpqQkl3UzZlMG04eGFRU0c3RWtvbXlRbkcxQXUxbkpmaUtJc3NMcU1kRWV1RTk2NC11eVVxU3djVWFFV2c?oc=5),Joven herido en accidente en Sahagún murió en Montería Chica Noticias,88b05831386daa11342380399da3b742fb0c1a47399f099a2dfbd05892237ad8,2026-08-13 17:04:50
97,🟡 Pendiente (Verificar Noticia),2026-08-13,2026-08-13,Chica Noticias,Hombre falleció tras quedar atrapado debajo de un carro en zona rural de Montería - Chica Noticias,Montería (Casco Urbano / Sector en investigación),Montería (Casco Urbano / Sector en investigación),,Montería,Automóvil,1,0,Baja (Centroide General Montería),8.7508,-75.8814,https://news.google.com/rss/articles/CBMiwAFBVV95cUxNa3ZPWjhhem1PeTcyVU9adVZfd1dOdVVyUVp2OHRRTHdCQVY3M1B5WEEwRGVpdkZBb285ZE9ZY0I0bDlpa2dWVzI3bDROcWh4WVVZR1EtdTY5Y3A2dUlURWNJMFpmLWlVNDZqX21wUnNFekF6XzVqSWVGSzFXYUVBZVVvYXk2cThESjBpbnY3ZFdOZG5tZXVPamR2ek9jQ1hLdENPZ2kzNGtoWUlMZll3Sk5hLXFIWlFVbGI1UnFRTHQ?oc=5,"<a href=""https://news.google.com/rss/articles/CBMiwAFBVV95cUxNa3ZPWjhhem1PeTcyVU9adVZfd1dOdVVyUVp2OHRRTHdCQVY3M1B5WEEwRGVpdkZBb285ZE9ZY0I0bDlpa2dWVzI3bDROcWh4WVVZR1EtdTY5Y3A2dUlURWNJMFpmLWlVNDZqX21wUnNFekF6XzVqSWVGSzFXYUVBZVVvYXk2cThESjBpbnY3ZFdOZG5tZXVPamR2ek9jQ1hLdENPZ2kzNGtoWUlMZll3Sk5hLXFIWlFVbGI1UnFRTHQ?oc=5"" target=""_blank"" class=""btn-link"">🔗 Abrir Noticia</a>",[🔗 Abrir Noticia](https://news.google.com/rss/articles/CBMiwAFBVV95cUxNa3ZPWjhhem1PeTcyVU9adVZfd1dOdVVyUVp2OHRRTHdCQVY3M1B5WEEwRGVpdkZBb285ZE9ZY0I0bDlpa2dWVzI3bDROcWh4WVVZR1EtdTY5Y3A2dUlURWNJMFpmLWlVNDZqX21wUnNFekF6XzVqSWVGSzFXYUVBZVVvYXk2cThESjBpbnY3ZFdOZG5tZXVPamR2ek9jQ1hLdENPZ2kzNGtoWUlMZll3Sk5hLXFIWlFVbGI1UnFRTHQ?oc=5),Hombre falleció tras quedar atrapado debajo de un carro en zona rural de Montería Chica Noticias,0f9868559c26fea047f0007a79e09da3c1cb3b2b766608f73e8bb500f776e878,2026-08-13 17:04:50
98,🟡 Pendiente (Verificar Noticia),2026-08-13,2026-08-13,rionoticias.co,Víctimas del accidente Planeta Rica-Montería eran esposos: dejan dos niños huérfanos - rionoticias.co,"Municipio de Planeta Rica, Córdoba","Municipio de Planeta Rica, Córdoba",,Montería,No especificado,0,0,Baja (Centroide General Montería),8.7508,-75.8814,https://news.google.com/rss/articles/CBMiqwFBVV95cUxNV1BEUE42T1lpb2NOYzhRMXBxQ3dBX0FwQXJ4ejNkU1BvR012cjdNdWRzc2k0aHI5Z2V4V1UxRTVfeFowdjJZV1RyN2t4NmZrSDJGZWx3U2FLSExZS2ltaC03TUQtXzlYZi1LTEtyNkxHWmZDYVBNRXBCVEozenhwUUxUM0drQ2FiWV9HcS00enVmdjE2cThjbklRZzFPUWVsTGJ3MTRhOHowU1XSAbABQVVfeXFMTVY1OGFZdmNnZFBZS2VRd0dRTTZNQXpzMXA0NGlROFBGZE5sNEU1eUc2T2ZBS2phOHRkQnJYdndGeWY3T0tQd0tuQXNlYl93UV90TUxOdGZwMjNYeXJ4NG9RaHZuNmNMVE5uQU5TMktBYmt5cG9KNGthZHc2TUxyM25IRXpUaVFPRkl4bkhNYXdpVXZGck5Zc2U4SW9TSENPTGdzNC1UbUZkbmhiQ1ZSdVU?oc=5,"<a href=""https://news.google.com/rss/articles/CBMiqwFBVV95cUxNV1BEUE42T1lpb2NOYzhRMXBxQ3dBX0FwQXJ4ejNkU1BvR012cjdNdWRzc2k0aHI5Z2V4V1UxRTVfeFowdjJZV1RyN2t4NmZrSDJGZWx3U2FLSExZS2ltaC03TUQtXzlYZi1LTEtyNkxHWmZDYVBNRXBCVEozenhwUUxUM0drQ2FiWV9HcS00enVmdjE2cThjbklRZzFPUWVsTGJ3MTRhOHowU1XSAbABQVVfeXFMTVY1OGFZdmNnZFBZS2VRd0dRTTZNQXpzMXA0NGlROFBGZE5sNEU1eUc2T2ZBS2phOHRkQnJYdndGeWY3T0tQd0tuQXNlYl93UV90TUxOdGZwMjNYeXJ4NG9RaHZuNmNMVE5uQU5TMktBYmt5cG9KNGthZHc2TUxyM25IRXpUaVFPRkl4bkhNYXdpVXZGck5Zc2U4SW9TSENPTGdzNC1UbUZkbmhiQ1ZSdVU?oc=5"" target=""_blank"" class=""btn-link"">🔗 Abrir Noticia</a>",[🔗 Abrir Noticia](https://news.google.com/rss/articles/CBMiqwFBVV95cUxNV1BEUE42T1lpb2NOYzhRMXBxQ3dBX0FwQXJ4ejNkU1BvR012cjdNdWRzc2k0aHI5Z2V4V1UxRTVfeFowdjJZV1RyN2t4NmZrSDJGZWx3U2FLSExZS2ltaC03TUQtXzlYZi1LTEtyNkxHWmZDYVBNRXBCVEozenhwUUxUM0drQ2FiWV9HcS00enVmdjE2cThjbklRZzFPUWVsTGJ3MTRhOHowU1XSAbABQVVfeXFMTVY1OGFZdmNnZFBZS2VRd0dRTTZNQXpzMXA0NGlROFBGZE5sNEU1eUc2T2ZBS2phOHRkQnJYdndGeWY3T0tQd0tuQXNlYl93UV90TUxOdGZwMjNYeXJ4NG9RaHZuNmNMVE5uQU5TMktBYmt5cG9KNGthZHc2TUxyM25IRXpUaVFPRkl4bkhNYXdpVXZGck5Zc2U4SW9TSENPTGdzNC1UbUZkbmhiQ1ZSdVU?oc=5),Víctimas del accidente Planeta Rica-Montería eran esposos: dejan dos niños huérfanos rionoticias.co,0d06f5369a605de9fa6ccf336d947e36b9487278bd403446d3ce7260276e81fd,2026-08-13 17:04:50
99,🟡 Pendiente (Verificar Noticia),2026-08-13,2026-08-13,Chica Noticias,"Daniela Solar Miranda, la joven madre que perdió la vida en accidente de tránsito en Córdoba - Chica Noticias",Montería (Casco Urbano / Sector en investigación),Montería (Casco Urbano / Sector en investigación),,Montería,No especificado,1,0,Baja (Centroide General Montería),8.7508,-75.8814,https://news.google.com/rss/articles/CBMie0FVX3lxTFA3THN6LXkzdmJuS29OUFlGVkZTQlY3NHk1MEozYUtZT084ZjhPUTFGNDd6VkRKbmtWTnVIRHNINkNnQi1QdzFRMG8ydG1JVlVreVNoTF9RVzJUQnFXZ21ObXd4UENrZzYyVnVQMm1zdkRTLXlRY0hYZzJfdw?oc=5,"<a href=""https://news.google.com/rss/articles/CBMie0FVX3lxTFA3THN6LXkzdmJuS29OUFlGVkZTQlY3NHk1MEozYUtZT084ZjhPUTFGNDd6VkRKbmtWTnVIRHNINkNnQi1QdzFRMG8ydG1JVlVreVNoTF9RVzJUQnFXZ21ObXd4UENrZzYyVnVQMm1zdkRTLXlRY0hYZzJfdw?oc=5"" target=""_blank"" class=""btn-link"">🔗 Abrir Noticia</a>",[🔗 Abrir Noticia](https://news.google.com/rss/articles/CBMie0FVX3lxTFA3THN6LXkzdmJuS29OUFlGVkZTQlY3NHk1MEozYUtZT084ZjhPUTFGNDd6VkRKbmtWTnVIRHNINkNnQi1QdzFRMG8ydG1JVlVreVNoTF9RVzJUQnFXZ21ObXd4UENrZzYyVnVQMm1zdkRTLXlRY0hYZzJfdw?oc=5),"Daniela Solar Miranda, la joven madre que perdió la vida en accidente de tránsito en Córdoba Chica Noticias",543887645d05f9f91a9c62af8943d898ebb2ff10200b986addd0b7c873f39bd0,2026-08-13 17:04:50
100,🟡 Pendiente (Verificar Noticia),2026-08-13,2026-08-13,Chica Noticias,¡Alarma vial! 19 personas han muerto en accidentes de tránsito en los primeros 12 días de 2026 - Chica Noticias,Montería (Casco Urbano / Sector en investigación),Montería (Casco Urbano / Sector en investigación),,Montería,No especificado,1,0,Baja (Centroide General Montería),8.7508,-75.8814,https://news.google.com/rss/articles/CBMib0FVX3lxTE1aRlpoa2FIREJFdE5RZExyMXlDV2NYRjNNTTNIN19YdDMwOWU1SUJDVVNiUzBLU1pIZ19wcHplNU1IQWZ3OXp4bXZEbGdVQTNhOTQ1ekZyMzNsZEVVSzhmSUQ1cXRZZGxyaFJqMF9vNA?oc=5,"<a href=""https://news.google.com/rss/articles/CBMib0FVX3lxTE1aRlpoa2FIREJFdE5RZExyMXlDV2NYRjNNTTNIN19YdDMwOWU1SUJDVVNiUzBLU1pIZ19wcHplNU1IQWZ3OXp4bXZEbGdVQTNhOTQ1ekZyMzNsZEVVSzhmSUQ1cXRZZGxyaFJqMF9vNA?oc=5"" target=""_blank"" class=""btn-link"">🔗 Abrir Noticia</a>",[🔗 Abrir Noticia](https://news.google.com/rss/articles/CBMib0FVX3lxTE1aRlpoa2FIREJFdE5RZExyMXlDV2NYRjNNTTNIN19YdDMwOWU1SUJDVVNiUzBLU1pIZ19wcHplNU1IQWZ3OXp4bXZEbGdVQTNhOTQ1ekZyMzNsZEVVSzhmSUQ1cXRZZGxyaFJqMF9vNA?oc=5),¡Alarma vial! 19 personas han muerto en accidentes de tránsito en los primeros 12 días de 2026 Chica Noticias,d9caa39400ce36881c5847118544f8ebd8143a8d9fdb7aadad4e9f8c9e12f3ca,2026-08-13 17:04:50
101,🟡 Pendiente (Verificar Noticia),2026-08-13,2026-08-13,El Colombiano,Pareja de esposos de Guarne iba de paseo a Tolú y perdió la vida en un choque | El Colombiano - El Colombiano,Montería (Casco Urbano / Sector en investigación),Montería (Casco Urbano / Sector en investigación),,Montería,No especificado,1,0,Baja (Centroide General Montería),8.7508,-75.8814,https://news.google.com/rss/articles/CBMiqwFBVV95cUxPX2ZJbUxHcE1KeDRFSXgtN2Y3bnJTOHZaeVV0aHYzRFBRdmdZakVCaERvNTFpOG5TZlpmb1JpdFBqY2M4c1V3Y1lEZmVYUzFRVjBlME1FeWdvWHZ5aFlRb1N1dU9FWjRuYmJVUzdBMWIxT3JjR01aZF9BLUsyOXNKSjNhQXlPTTM0TEhNbVNmMWlma0FLRTdJazYzNEhWZmVybTM2Q2RqVGtUN2vSAbABQVVfeXFMTnBsdEJVODBRUnJCZHh2RmdVOXNlZkVFbmRKS09uRlNxdVg5QTZsRGpJckxDdFEwYVZiN0lZUWp1V3BwNDJyaURBWm5DMmxCN2ZBNEhBUml2WUpUQkNIVVpJR1lPQ1d2T3hGZkI2NkxIalhzZDJjNll5SVY5MzJQTzZZOHlGSWpJTXhKR0hpQmRYci1Fb09oMks0bmJuYzZnRDRBNnZ0R2gya1ZMTVRNM2g?oc=5,"<a href=""https://news.google.com/rss/articles/CBMiqwFBVV95cUxPX2ZJbUxHcE1KeDRFSXgtN2Y3bnJTOHZaeVV0aHYzRFBRdmdZakVCaERvNTFpOG5TZlpmb1JpdFBqY2M4c1V3Y1lEZmVYUzFRVjBlME1FeWdvWHZ5aFlRb1N1dU9FWjRuYmJVUzdBMWIxT3JjR01aZF9BLUsyOXNKSjNhQXlPTTM0TEhNbVNmMWlma0FLRTdJazYzNEhWZmVybTM2Q2RqVGtUN2vSAbABQVVfeXFMTnBsdEJVODBRUnJCZHh2RmdVOXNlZkVFbmRKS09uRlNxdVg5QTZsRGpJckxDdFEwYVZiN0lZUWp1V3BwNDJyaURBWm5DMmxCN2ZBNEhBUml2WUpUQkNIVVpJR1lPQ1d2T3hGZkI2NkxIalhzZDJjNll5SVY5MzJQTzZZOHlGSWpJTXhKR0hpQmRYci1Fb09oMks0bmJuYzZnRDRBNnZ0R2gya1ZMTVRNM2g?oc=5"" target=""_blank"" class=""btn-link"">🔗 Abrir Noticia</a>",[🔗 Abrir Noticia](https://news.google.com/rss/articles/CBMiqwFBVV95cUxPX2ZJbUxHcE1KeDRFSXgtN2Y3bnJTOHZaeVV0aHYzRFBRdmdZakVCaERvNTFpOG5TZlpmb1JpdFBqY2M4c1V3Y1lEZmVYUzFRVjBlME1FeWdvWHZ5aFlRb1N1dU9FWjRuYmJVUzdBMWIxT3JjR01aZF9BLUsyOXNKSjNhQXlPTTM0TEhNbVNmMWlma0FLRTdJazYzNEhWZmVybTM2Q2RqVGtUN2vSAbABQVVfeXFMTnBsdEJVODBRUnJCZHh2RmdVOXNlZkVFbmRKS09uRlNxdVg5QTZsRGpJckxDdFEwYVZiN0lZUWp1V3BwNDJyaURBWm5DMmxCN2ZBNEhBUml2WUpUQkNIVVpJR1lPQ1d2T3hGZkI2NkxIalhzZDJjNll5SVY5MzJQTzZZOHlGSWpJTXhKR0hpQmRYci1Fb09oMks0bmJuYzZnRDRBNnZ0R2gya1ZMTVRNM2g?oc=5),Pareja de esposos de Guarne iba de paseo a Tolú y perdió la vida en un choque | El Colombiano El Colombiano,2e74907e75be925066d9a5c69123845f2924ca58c48700ea1a8b0bdb4416ece2,2026-08-13 17:04:54
102,🟡 Pendiente (Verificar Noticia),2026-08-13,2026-08-13,DiariOriente,Luto en Guarne: pareja de esposos murieron en trágico accidente cuando viajaban hacia Coveñas - DiariOriente,Montería (Casco Urbano / Sector en investigación),Montería (Casco Urbano / Sector en investigación),,Montería,No especificado,1,0,Baja (Centroide General Montería),8.7508,-75.8814,https://news.google.com/rss/articles/CBMiaEFVX3lxTE5iZkppXzB5NVAyRURucGdFckEtMzhwSDh3VG45ZXJsYVhHWmdCQlNHMndqQmlINE1LUEFyOVJrbUJtbDVDdTAtM3c5a1VOdWdWd2d2ajduOGtMY3JnaXppRFlkUkw0WlRa?oc=5,"<a href=""https://news.google.com/rss/articles/CBMiaEFVX3lxTE5iZkppXzB5NVAyRURucGdFckEtMzhwSDh3VG45ZXJsYVhHWmdCQlNHMndqQmlINE1LUEFyOVJrbUJtbDVDdTAtM3c5a1VOdWdWd2d2ajduOGtMY3JnaXppRFlkUkw0WlRa?oc=5"" target=""_blank"" class=""btn-link"">🔗 Abrir Noticia</a>",[🔗 Abrir Noticia](https://news.google.com/rss/articles/CBMiaEFVX3lxTE5iZkppXzB5NVAyRURucGdFckEtMzhwSDh3VG45ZXJsYVhHWmdCQlNHMndqQmlINE1LUEFyOVJrbUJtbDVDdTAtM3c5a1VOdWdWd2d2ajduOGtMY3JnaXppRFlkUkw0WlRa?oc=5),Luto en Guarne: pareja de esposos murieron en trágico accidente cuando viajaban hacia Coveñas DiariOriente,e13302904723533cf59867c1f316f63936f4005c456e8f31c571949d70c4ee99,2026-08-13 17:04:54
103,🟡 Pendiente (Verificar Noticia),2026-08-13,2026-08-13,larazon.co,Dos muertos en accidentes viales durante el inicio de la Semana Santa en Córdoba - larazon.co,Montería (Casco Urbano / Sector en investigación),Montería (Casco Urbano / Sector en investigación),,Montería,No especificado,1,0,Baja (Centroide General Montería),8.7508,-75.8814,https://news.google.com/rss/articles/CBMiogFBVV95cUxPRjhLZ3BsalEtQmhJcENQeG45ZndpeUhWTjB6eVpmX3E3eDlYcGlhcFRsZHhoamJyQXNPQldaLVB2M29RRHVaUnlqQnhlbkZGWEpiT2sxOXlDOGlHQ1R0cEhXX3ByUWYxeVp2SmZxQ2FjSFVaYVlGRS04NXhtM0V0dFpBckdnM3E3Q1BaWGRVMks2XzFDUEtmOFRMRUVjZjl6N3c?oc=5,"<a href=""https://news.google.com/rss/articles/CBMiogFBVV95cUxPRjhLZ3BsalEtQmhJcENQeG45ZndpeUhWTjB6eVpmX3E3eDlYcGlhcFRsZHhoamJyQXNPQldaLVB2M29RRHVaUnlqQnhlbkZGWEpiT2sxOXlDOGlHQ1R0cEhXX3ByUWYxeVp2SmZxQ2FjSFVaYVlGRS04NXhtM0V0dFpBckdnM3E3Q1BaWGRVMks2XzFDUEtmOFRMRUVjZjl6N3c?oc=5"" target=""_blank"" class=""btn-link"">🔗 Abrir Noticia</a>",[🔗 Abrir Noticia](https://news.google.com/rss/articles/CBMiogFBVV95cUxPRjhLZ3BsalEtQmhJcENQeG45ZndpeUhWTjB6eVpmX3E3eDlYcGlhcFRsZHhoamJyQXNPQldaLVB2M29RRHVaUnlqQnhlbkZGWEpiT2sxOXlDOGlHQ1R0cEhXX3ByUWYxeVp2SmZxQ2FjSFVaYVlGRS04NXhtM0V0dFpBckdnM3E3Q1BaWGRVMks2XzFDUEtmOFRMRUVjZjl6N3c?oc=5),Dos muertos en accidentes viales durante el inicio de la Semana Santa en Córdoba larazon.co,7099fd2e498ab5bfaf904c2a89499b1f10c2a1d505b78959ef19e7ce697b102d,2026-08-13 17:04:54
104,🟡 Pendiente (Verificar Noticia),2026-08-13,2026-08-13,larazon.co,Identifican en Medicina Legal a las dos mujeres muertas en accidente de bus en Buenavista - larazon.co,Montería (Casco Urbano / Sector en investigación),Montería (Casco Urbano / Sector en investigación),,Montería,Bus / Transporte Público,0,0,Baja (Centroide General Montería),8.7508,-75.8814,https://news.google.com/rss/articles/CBMiugFBVV95cUxPcnFzMS1HMDhra3c3dXZuM0Zkc1lzczZhZDVvalhSa1hEOFhDWHRDbzl5VEt5akNENFZFT1kyUzVROHBZcm9MLUtzSlB1dmFUYXpacmxWelhTYzRwclZVRkNWR3hFQm9WaVpUR19haDlIb3lVamt5YVRsY0ZsNmFKajZoQWMyc2xXMVRGd280UGlKR2pWNXgxekFuMW9wVTJsMXUxOU5feThiZHBzajhFVUY0NHliTVYyQVE?oc=5,"<a href=""https://news.google.com/rss/articles/CBMiugFBVV95cUxPcnFzMS1HMDhra3c3dXZuM0Zkc1lzczZhZDVvalhSa1hEOFhDWHRDbzl5VEt5akNENFZFT1kyUzVROHBZcm9MLUtzSlB1dmFUYXpacmxWelhTYzRwclZVRkNWR3hFQm9WaVpUR19haDlIb3lVamt5YVRsY0ZsNmFKajZoQWMyc2xXMVRGd280UGlKR2pWNXgxekFuMW9wVTJsMXUxOU5feThiZHBzajhFVUY0NHliTVYyQVE?oc=5"" target=""_blank"" class=""btn-link"">🔗 Abrir Noticia</a>",[🔗 Abrir Noticia](https://news.google.com/rss/articles/CBMiugFBVV95cUxPcnFzMS1HMDhra3c3dXZuM0Zkc1lzczZhZDVvalhSa1hEOFhDWHRDbzl5VEt5akNENFZFT1kyUzVROHBZcm9MLUtzSlB1dmFUYXpacmxWelhTYzRwclZVRkNWR3hFQm9WaVpUR19haDlIb3lVamt5YVRsY0ZsNmFKajZoQWMyc2xXMVRGd280UGlKR2pWNXgxekFuMW9wVTJsMXUxOU5feThiZHBzajhFVUY0NHliTVYyQVE?oc=5),Identifican en Medicina Legal a las dos mujeres muertas en accidente de bus en Buenavista larazon.co,5d527495ea6a33b725179b9458956ae84e2434cac28c2aac17937996c93d183a,2026-08-13 17:04:54
105,🟡 Pendiente (Verificar Noticia),2026-08-13,2026-08-13,El Espectador,Dejaron libre a conductor que manejó en contravía y asesinó a tres personas; hubo protestas - El Espectador,Montería (Casco Urbano / Sector en investigación),Montería (Casco Urbano / Sector en investigación),,Montería,No especificado,0,0,Baja (Centroide General Montería),8.7508,-75.8814,https://news.google.com/rss/articles/CBMi5wFBVV95cUxQMHJodnNrTlRPQWM3eVhIVkpaRy1TamMyNXhVQ1ZpVlRLWEZXdDNxX2lEanFtLWNTSDIyQllBRzE3dFVveFZIYUVSbTFqVGEwY2FmS3p2a0l5X0kzSXVfYzc2LU1YcDNPZGhNRlp1V0w4R202UjZfMVVxVTdnRi1MVzVDWW9mMmVBbThkbWpBWGhNdzNNTENNYTlMS2swSTRkRnVqOGgxQmVtTUd1aFROb3JjT3pJaDl1RjN1OERoQzJjaVRycEVpalUxOWlhQVNKTElJYmlCcWdJMXdWM3k3U2dXanJ2ZkXSAfsBQVVfeXFMTThlSE9aZDBPSkpHSERmaUYyU2p2UDBJWHVnSDdsaTFmNFlrVnZHZkhreFgyMXloSXRKeUlnRnZyOV90cnVEY011TFVsY0J2SURnWG5URXlUS2NLRlhHZU94dGRNMFRWWi1DeHpKWWRzcnNNRExmTjREYkllTldqMFZYTThDS0V4MzYyVl9LLXpYT0xQRGtnS2dkOGZtTW1tdWoxRS1SdzNfUmlhLUoyQVJkYkNuc1dEMnhYamo1OTdnUlR6UHltbklXOEpDZ0RfQkFELV9NbmdvSVJ3Y0hYNGVOVk51TWVsTkctZ0t4Z1NzcDZ6WnE0OGZ1WFU?oc=5,"<a href=""https://news.google.com/rss/articles/CBMi5wFBVV95cUxQMHJodnNrTlRPQWM3eVhIVkpaRy1TamMyNXhVQ1ZpVlRLWEZXdDNxX2lEanFtLWNTSDIyQllBRzE3dFVveFZIYUVSbTFqVGEwY2FmS3p2a0l5X0kzSXVfYzc2LU1YcDNPZGhNRlp1V0w4R202UjZfMVVxVTdnRi1MVzVDWW9mMmVBbThkbWpBWGhNdzNNTENNYTlMS2swSTRkRnVqOGgxQmVtTUd1aFROb3JjT3pJaDl1RjN1OERoQzJjaVRycEVpalUxOWlhQVNKTElJYmlCcWdJMXdWM3k3U2dXanJ2ZkXSAfsBQVVfeXFMTThlSE9aZDBPSkpHSERmaUYyU2p2UDBJWHVnSDdsaTFmNFlrVnZHZkhreFgyMXloSXRKeUlnRnZyOV90cnVEY011TFVsY0J2SURnWG5URXlUS2NLRlhHZU94dGRNMFRWWi1DeHpKWWRzcnNNRExmTjREYkllTldqMFZYTThDS0V4MzYyVl9LLXpYT0xQRGtnS2dkOGZtTW1tdWoxRS1SdzNfUmlhLUoyQVJkYkNuc1dEMnhYamo1OTdnUlR6UHltbklXOEpDZ0RfQkFELV9NbmdvSVJ3Y0hYNGVOVk51TWVsTkctZ0t4Z1NzcDZ6WnE0OGZ1WFU?oc=5"" target=""_blank"" class=""btn-link"">🔗 Abrir Noticia</a>",[🔗 Abrir Noticia](https://news.google.com/rss/articles/CBMi5wFBVV95cUxQMHJodnNrTlRPQWM3eVhIVkpaRy1TamMyNXhVQ1ZpVlRLWEZXdDNxX2lEanFtLWNTSDIyQllBRzE3dFVveFZIYUVSbTFqVGEwY2FmS3p2a0l5X0kzSXVfYzc2LU1YcDNPZGhNRlp1V0w4R202UjZfMVVxVTdnRi1MVzVDWW9mMmVBbThkbWpBWGhNdzNNTENNYTlMS2swSTRkRnVqOGgxQmVtTUd1aFROb3JjT3pJaDl1RjN1OERoQzJjaVRycEVpalUxOWlhQVNKTElJYmlCcWdJMXdWM3k3U2dXanJ2ZkXSAfsBQVVfeXFMTThlSE9aZDBPSkpHSERmaUYyU2p2UDBJWHVnSDdsaTFmNFlrVnZHZkhreFgyMXloSXRKeUlnRnZyOV90cnVEY011TFVsY0J2SURnWG5URXlUS2NLRlhHZU94dGRNMFRWWi1DeHpKWWRzcnNNRExmTjREYkllTldqMFZYTThDS0V4MzYyVl9LLXpYT0xQRGtnS2dkOGZtTW1tdWoxRS1SdzNfUmlhLUoyQVJkYkNuc1dEMnhYamo1OTdnUlR6UHltbklXOEpDZ0RfQkFELV9NbmdvSVJ3Y0hYNGVOVk51TWVsTkctZ0t4Z1NzcDZ6WnE0OGZ1WFU?oc=5),Dejaron libre a conductor que manejó en contravía y asesinó a tres personas; hubo protestas El Espectador,f00fed10b8048dc8485e0f55d0863a6ab7f61c45e0051d0c07473f85f0d69c65,2026-08-13 17:04:55
106,🟡 Pendiente (Verificar Noticia),2026-08-13,2026-08-13,Infobae,Cuatro muertos y varios heridos dejó el choque de una ambulancia con un bus en vía de Córdoba - Infobae,Montería (Casco Urbano / Sector en investigación),Montería (Casco Urbano / Sector en investigación),,Montería,Bus / Transporte Público,1,1,Baja (Centroide General Montería),8.7508,-75.8814,https://news.google.com/rss/articles/CBMi1AFBVV95cUxOZGtnT24wWFdOckxkZ2pPWTlncFUzekVsVU1fd3psclRSUG5udkxwbENQazVtWGVDMzJqb2lBN2IwclZlNmFWZldwTVpERDRvMlk0aWpxenhoSDlsTy12TnFCSmd4V3VMY3BXOU84RzVxZWR0alltYW9kbWRfVjNhMGhDenJqSTJmV0o2TFlKcDBjajRzWDU5VDVXcHNYZGVpa0JMRGpPeXBmNDh5VFJQUmFydkVlaWFIcU1lYnJ3eW9ORmpIR1Y0SmVpZmo5MEVDLUs1TtIB7wFBVV95cUxOWTVJc2VDZEg4U3N5aEd0cC1jUzB5eGw1TXp2UXEtQWpzRHhqVS1xS3J1UVN0WkVXZTFzbkFsWEdqVTdJSjBDNHhqWjJJcU8xV20zWmp4ZVJTdVl6eWxKZnRGc1d5eEFGMWlZTlFDamJWNVdKRVhKTVQzTTU4SzVfbXJvSWR6WC13Ym1GRGljR1JIQy01WTNIR1NXVEhqblZ6NzNleEQyajViTnJBZ0tUa2ZUSnJSNjJaMDBoWUFkWXNXOWhCMFExUmhoT0JmSTBfampYUlZqTVY2bFZ0dWFyQ2U3Mk1ldU41eUt6ZXQ3NA?oc=5,"<a href=""https://news.google.com/rss/articles/CBMi1AFBVV95cUxOZGtnT24wWFdOckxkZ2pPWTlncFUzekVsVU1fd3psclRSUG5udkxwbENQazVtWGVDMzJqb2lBN2IwclZlNmFWZldwTVpERDRvMlk0aWpxenhoSDlsTy12TnFCSmd4V3VMY3BXOU84RzVxZWR0alltYW9kbWRfVjNhMGhDenJqSTJmV0o2TFlKcDBjajRzWDU5VDVXcHNYZGVpa0JMRGpPeXBmNDh5VFJQUmFydkVlaWFIcU1lYnJ3eW9ORmpIR1Y0SmVpZmo5MEVDLUs1TtIB7wFBVV95cUxOWTVJc2VDZEg4U3N5aEd0cC1jUzB5eGw1TXp2UXEtQWpzRHhqVS1xS3J1UVN0WkVXZTFzbkFsWEdqVTdJSjBDNHhqWjJJcU8xV20zWmp4ZVJTdVl6eWxKZnRGc1d5eEFGMWlZTlFDamJWNVdKRVhKTVQzTTU4SzVfbXJvSWR6WC13Ym1GRGljR1JIQy01WTNIR1NXVEhqblZ6NzNleEQyajViTnJBZ0tUa2ZUSnJSNjJaMDBoWUFkWXNXOWhCMFExUmhoT0JmSTBfampYUlZqTVY2bFZ0dWFyQ2U3Mk1ldU41eUt6ZXQ3NA?oc=5"" target=""_blank"" class=""btn-link"">🔗 Abrir Noticia</a>",[🔗 Abrir Noticia](https://news.google.com/rss/articles/CBMi1AFBVV95cUxOZGtnT24wWFdOckxkZ2pPWTlncFUzekVsVU1fd3psclRSUG5udkxwbENQazVtWGVDMzJqb2lBN2IwclZlNmFWZldwTVpERDRvMlk0aWpxenhoSDlsTy12TnFCSmd4V3VMY3BXOU84RzVxZWR0alltYW9kbWRfVjNhMGhDenJqSTJmV0o2TFlKcDBjajRzWDU5VDVXcHNYZGVpa0JMRGpPeXBmNDh5VFJQUmFydkVlaWFIcU1lYnJ3eW9ORmpIR1Y0SmVpZmo5MEVDLUs1TtIB7wFBVV95cUxOWTVJc2VDZEg4U3N5aEd0cC1jUzB5eGw1TXp2UXEtQWpzRHhqVS1xS3J1UVN0WkVXZTFzbkFsWEdqVTdJSjBDNHhqWjJJcU8xV20zWmp4ZVJTdVl6eWxKZnRGc1d5eEFGMWlZTlFDamJWNVdKRVhKTVQzTTU4SzVfbXJvSWR6WC13Ym1GRGljR1JIQy01WTNIR1NXVEhqblZ6NzNleEQyajViTnJBZ0tUa2ZUSnJSNjJaMDBoWUFkWXNXOWhCMFExUmhoT0JmSTBfampYUlZqTVY2bFZ0dWFyQ2U3Mk1ldU41eUt6ZXQ3NA?oc=5),Cuatro muertos y varios heridos dejó el choque de una ambulancia con un bus en vía de Córdoba Infobae,18b03dc1b0872e4d91ae9a4fb9f995e52db9938cdd17ccc349e427196f84dcb2,2026-08-13 17:04:55
107,🟡 Pendiente (Verificar Noticia),2026-08-13,2026-08-13,wradio.com.co,"Tres personas muertas deja choque de motocicletas en zona rural de Moñitos, Córdoba - wradio.com.co","Municipio de Moñitos, Córdoba","Municipio de Moñitos, Córdoba",,Moñitos,No especificado,0,0,Media (Centroide Municipio Córdoba),9.2458,-76.1322,https://news.google.com/rss/articles/CBMivAFBVV95cUxQTl9BRkFILXhENkNLRG14bWtFQzNpLWdrYkpBRXFNQjZJOHFXUGF3OGtWV181cjFZdTdxdFk0LWR3Rklmb3BsZkxsLWF2M3FndG5BUjg0OVBfSWRfQ1lzQXhCbU1QWlVzbm92ZzlybTJRblowRXplTzZJQXpVOU1XeUVXYnlOM01iaFhVN3IxdmZoVlphbjY1MWdDT3VkRGdDTHVWVm9HQmVPT0pYcVRoZzBWdDdhS0NXTEJJMtIB0AFBVV95cUxQZHJvZkkxQ2FIc1pyS1JISTdldlJBX1EzUzg2SkpkcTQ1NXRRWnRCUTJ6d2VUaWxqZVZGZE5NZ25xYllEdnowQXBWdWgzaERyV2Z5S0JpR0poaUhJcGhaOUNRd0RTNGNkRnkzdGJoVlEyVUs3Z0xnUTlhRncwQTlPN0RuM1daLXRoZm1KcVZVdXZHLXZuaTJja2otZjRhZW9BS09GaTI5ejJ0RkttMm1nRkNJYzY1OWFHbzhub3dWazhWSDd5RnJXN0xEeVdmV1FX?oc=5,"<a href=""https://news.google.com/rss/articles/CBMivAFBVV95cUxQTl9BRkFILXhENkNLRG14bWtFQzNpLWdrYkpBRXFNQjZJOHFXUGF3OGtWV181cjFZdTdxdFk0LWR3Rklmb3BsZkxsLWF2M3FndG5BUjg0OVBfSWRfQ1lzQXhCbU1QWlVzbm92ZzlybTJRblowRXplTzZJQXpVOU1XeUVXYnlOM01iaFhVN3IxdmZoVlphbjY1MWdDT3VkRGdDTHVWVm9HQmVPT0pYcVRoZzBWdDdhS0NXTEJJMtIB0AFBVV95cUxQZHJvZkkxQ2FIc1pyS1JISTdldlJBX1EzUzg2SkpkcTQ1NXRRWnRCUTJ6d2VUaWxqZVZGZE5NZ25xYllEdnowQXBWdWgzaERyV2Z5S0JpR0poaUhJcGhaOUNRd0RTNGNkRnkzdGJoVlEyVUs3Z0xnUTlhRncwQTlPN0RuM1daLXRoZm1KcVZVdXZHLXZuaTJja2otZjRhZW9BS09GaTI5ejJ0RkttMm1nRkNJYzY1OWFHbzhub3dWazhWSDd5RnJXN0xEeVdmV1FX?oc=5"" target=""_blank"" class=""btn-link"">🔗 Abrir Noticia</a>",[🔗 Abrir Noticia](https://news.google.com/rss/articles/CBMivAFBVV95cUxQTl9BRkFILXhENkNLRG14bWtFQzNpLWdrYkpBRXFNQjZJOHFXUGF3OGtWV181cjFZdTdxdFk0LWR3Rklmb3BsZkxsLWF2M3FndG5BUjg0OVBfSWRfQ1lzQXhCbU1QWlVzbm92ZzlybTJRblowRXplTzZJQXpVOU1XeUVXYnlOM01iaFhVN3IxdmZoVlphbjY1MWdDT3VkRGdDTHVWVm9HQmVPT0pYcVRoZzBWdDdhS0NXTEJJMtIB0AFBVV95cUxQZHJvZkkxQ2FIc1pyS1JISTdldlJBX1EzUzg2SkpkcTQ1NXRRWnRCUTJ6d2VUaWxqZVZGZE5NZ25xYllEdnowQXBWdWgzaERyV2Z5S0JpR0poaUhJcGhaOUNRd0RTNGNkRnkzdGJoVlEyVUs3Z0xnUTlhRncwQTlPN0RuM1daLXRoZm1KcVZVdXZHLXZuaTJja2otZjRhZW9BS09GaTI5ejJ0RkttMm1nRkNJYzY1OWFHbzhub3dWazhWSDd5RnJXN0xEeVdmV1FX?oc=5),"Tres personas muertas deja choque de motocicletas en zona rural de Moñitos, Córdoba wradio.com.co",a95b64193f2a7e6f867699552f3b78d4304cb81890a971f0dcc4c5c6cd8ae79e,2026-08-13 17:04:55
108,🟡 Pendiente (Verificar Noticia),2026-08-13,2026-08-13,Focus Noticias,Esta es la identidad de las dos víctimas del fatal accidente de motocicleta en Bogotá ¿Quién es el comerciante que conducía el vehículo? - Focus Noticias,Montería (Casco Urbano / Sector en investigación),Montería (Casco Urbano / Sector en investigación),,Montería,Motocicleta,0,0,Baja (Centroide General Montería),8.7508,-75.8814,https://news.google.com/rss/articles/CBMi3wFBVV95cUxQNTdiMXZWUFE1WHpSa29HWHlYbzRRWTZ1VkVGMW5QdmFIUkJMek1hZVBIU3ozQVp1WGZQSUtTb09RZVozZVdnalVMVkdHeU9DSzBaQVZCTGlHQWpNZThXRFlhQ2Jud3hSbm9NeWJWWk51U2l6ZEJEd1N2aDdQcGZLQU1ldlFqWHdBbk1uX0lRbE90VUY1WDlaMWhWSUlIMVZUQWM3cVlCdUxvd1hfUUNTb2N5TmZZeXdJcmxDWFdoRHhrbFFUQl9HYmJRZy1vTTJUczJlNmxRN1ZXMmZkam4w?oc=5,"<a href=""https://news.google.com/rss/articles/CBMi3wFBVV95cUxQNTdiMXZWUFE1WHpSa29HWHlYbzRRWTZ1VkVGMW5QdmFIUkJMek1hZVBIU3ozQVp1WGZQSUtTb09RZVozZVdnalVMVkdHeU9DSzBaQVZCTGlHQWpNZThXRFlhQ2Jud3hSbm9NeWJWWk51U2l6ZEJEd1N2aDdQcGZLQU1ldlFqWHdBbk1uX0lRbE90VUY1WDlaMWhWSUlIMVZUQWM3cVlCdUxvd1hfUUNTb2N5TmZZeXdJcmxDWFdoRHhrbFFUQl9HYmJRZy1vTTJUczJlNmxRN1ZXMmZkam4w?oc=5"" target=""_blank"" class=""btn-link"">🔗 Abrir Noticia</a>",[🔗 Abrir Noticia](https://news.google.com/rss/articles/CBMi3wFBVV95cUxQNTdiMXZWUFE1WHpSa29HWHlYbzRRWTZ1VkVGMW5QdmFIUkJMek1hZVBIU3ozQVp1WGZQSUtTb09RZVozZVdnalVMVkdHeU9DSzBaQVZCTGlHQWpNZThXRFlhQ2Jud3hSbm9NeWJWWk51U2l6ZEJEd1N2aDdQcGZLQU1ldlFqWHdBbk1uX0lRbE90VUY1WDlaMWhWSUlIMVZUQWM3cVlCdUxvd1hfUUNTb2N5TmZZeXdJcmxDWFdoRHhrbFFUQl9HYmJRZy1vTTJUczJlNmxRN1ZXMmZkam4w?oc=5),Esta es la identidad de las dos víctimas del fatal accidente de motocicleta en Bogotá ¿Quién es el comerciante que conducía el vehículo? Focus Noticias,0d7770d46c15b43344f3142266730ae078000af0ce99aefc67c9e7efc65b2064,2026-08-13 17:04:55
109,🟡 Pendiente (Verificar Noticia),2026-08-13,2026-08-13,Infobae,"Video: vehículo particular fue aplastado por una tractomula en accidente múltiple en la vía al mar hacia Buenaventura, Valle - Infobae",Montería (Casco Urbano / Sector en investigación),Montería (Casco Urbano / Sector en investigación),,Montería,"Automóvil, Camión / Carga",0,0,Baja (Centroide General Montería),8.7508,-75.8814,https://news.google.com/rss/articles/CBMi8gFBVV95cUxPaS1YSnByLXhKeVVEeUEwektnM2hkZFBCMk9Xc0lScHdUb0doTHEwcmlndXl4V2NSeEU2c1F3bTFZUmt4YUhzdFVUcnRfdnRUUDNjMnF0QUtIeHpySFc1VTRVc2loLWFrdUQxSXhpcl9kWjJNVlp0RF8wOS04Sk1feU9Ua3dWdHF5Z09qd1NDcmxCd2d6UGdDQWplVVg5X0xhZzU3dmZjcG1zQjN1QmlPVU51T05wdWFocnZ6Nld1NHdja2ZUQXk5MG1nWjBzX21Dak5fcmJCdUFsWjNNVmtjZS1HT0FGeHNYYVY0VTFyQXlqUdIBjAJBVV95cUxPWG5ZOGRFTXRQWnN1aDdNOVI2OElxeFdqZ01ackZNSUgyQ043TnhYMGRYbzNocGJGY2o3RE1fcUlxby1NSFFqLW9ETU1NZENURXplcVUyV2dqUEJPOFNucTNDYmhUdXZpbzBfbG5QMlNKaTkteENHNDkyb0lSZXljU0w4UkVvN0lHMUxObTh5ZmtZSW5oS3pBeUd5WFJQWDdraG1pYzBHcVJ4UmpOTmt5Ui1DQ1gyellLMTVhU1Z6NWRjUnZyTElfRzBldWtha3JSeDdaY1Q3MllubGNyOHNiSDl1ZHdJSUJTemtqY1B0akJ6X1RScTZOSzE1OUY2U19vYlZSMTIxMVRZUmky?oc=5,"<a href=""https://news.google.com/rss/articles/CBMi8gFBVV95cUxPaS1YSnByLXhKeVVEeUEwektnM2hkZFBCMk9Xc0lScHdUb0doTHEwcmlndXl4V2NSeEU2c1F3bTFZUmt4YUhzdFVUcnRfdnRUUDNjMnF0QUtIeHpySFc1VTRVc2loLWFrdUQxSXhpcl9kWjJNVlp0RF8wOS04Sk1feU9Ua3dWdHF5Z09qd1NDcmxCd2d6UGdDQWplVVg5X0xhZzU3dmZjcG1zQjN1QmlPVU51T05wdWFocnZ6Nld1NHdja2ZUQXk5MG1nWjBzX21Dak5fcmJCdUFsWjNNVmtjZS1HT0FGeHNYYVY0VTFyQXlqUdIBjAJBVV95cUxPWG5ZOGRFTXRQWnN1aDdNOVI2OElxeFdqZ01ackZNSUgyQ043TnhYMGRYbzNocGJGY2o3RE1fcUlxby1NSFFqLW9ETU1NZENURXplcVUyV2dqUEJPOFNucTNDYmhUdXZpbzBfbG5QMlNKaTkteENHNDkyb0lSZXljU0w4UkVvN0lHMUxObTh5ZmtZSW5oS3pBeUd5WFJQWDdraG1pYzBHcVJ4UmpOTmt5Ui1DQ1gyellLMTVhU1Z6NWRjUnZyTElfRzBldWtha3JSeDdaY1Q3MllubGNyOHNiSDl1ZHdJSUJTemtqY1B0akJ6X1RScTZOSzE1OUY2U19vYlZSMTIxMVRZUmky?oc=5"" target=""_blank"" class=""btn-link"">🔗 Abrir Noticia</a>",[🔗 Abrir Noticia](https://news.google.com/rss/articles/CBMi8gFBVV95cUxPaS1YSnByLXhKeVVEeUEwektnM2hkZFBCMk9Xc0lScHdUb0doTHEwcmlndXl4V2NSeEU2c1F3bTFZUmt4YUhzdFVUcnRfdnRUUDNjMnF0QUtIeHpySFc1VTRVc2loLWFrdUQxSXhpcl9kWjJNVlp0RF8wOS04Sk1feU9Ua3dWdHF5Z09qd1NDcmxCd2d6UGdDQWplVVg5X0xhZzU3dmZjcG1zQjN1QmlPVU51T05wdWFocnZ6Nld1NHdja2ZUQXk5MG1nWjBzX21Dak5fcmJCdUFsWjNNVmtjZS1HT0FGeHNYYVY0VTFyQXlqUdIBjAJBVV95cUxPWG5ZOGRFTXRQWnN1aDdNOVI2OElxeFdqZ01ackZNSUgyQ043TnhYMGRYbzNocGJGY2o3RE1fcUlxby1NSFFqLW9ETU1NZENURXplcVUyV2dqUEJPOFNucTNDYmhUdXZpbzBfbG5QMlNKaTkteENHNDkyb0lSZXljU0w4UkVvN0lHMUxObTh5ZmtZSW5oS3pBeUd5WFJQWDdraG1pYzBHcVJ4UmpOTmt5Ui1DQ1gyellLMTVhU1Z6NWRjUnZyTElfRzBldWtha3JSeDdaY1Q3MllubGNyOHNiSDl1ZHdJSUJTemtqY1B0akJ6X1RScTZOSzE1OUY2U19vYlZSMTIxMVRZUmky?oc=5),"Video: vehículo particular fue aplastado por una tractomula en accidente múltiple en la vía al mar hacia Buenaventura, Valle Infobae",25facc9b500133aef73a754e3a02b5fea58ca213b949da3e912775b0b29afc5f,2026-08-13 17:04:55
110,🟡 Pendiente (Verificar Noticia),2026-08-13,2026-08-13,Infobae,"Un viaje fatal en Chinú, Córdoba: choque de motociclistas deja cuatro muertos - Infobae","Municipio de Chinú, Córdoba","Municipio de Chinú, Córdoba",,Chinú,No especificado,1,0,Media (Centroide Municipio Córdoba),9.1067,-75.4011,https://news.google.com/rss/articles/CBMixAFBVV95cUxQeTRpSThZVWY2a09FOGdzN2s1VWZKMjJjcXhhc2xWRUZLU2p0dEtkY1lkSmdBeFpiWG5uSUtPMjVaVHhvaUltZHlxaWNPcU9wRmFDUXVULUc3MTRFbWI0WERyaVdtT2o5TzVtOXpQaGV4dFY2TGozcUoyWE8yMVdhVEpNaWg5aWt4WVNpM0luM1oxWk9uYkpJTklkNVFTVkp6NkR3VHZSMHRkMm5KNHFnZzJSWnVqN2IyWGR4bE5wSjZqbGp20gHfAUFVX3lxTFBTZUdvSENjLXFoWHdYZmtrTlgtQUV1TEhPMmtWVWRBX1lmN2RfYmVMakJPSnFzaF9Xa1FnaXhZNmR1RmNuYk1RZ2tseEF6MFBuY1FLdi1oeUppbVJyRW1LbjI4QjdxbmNWYk1zY0RNQjEzNVdQazJpUmtNUWN5WDhsLS1UNnVueTR6aTB4Y1JFSG4xWEQ4Q1ZBamREbEdudnM1am9sZUlNWnBwT1pVN3BzelRGN1ZXSHRUNGRKSFBLTUd4MzFJUjRLYzNtVjEzckIxX09OdWdRQmhFak4tUnc?oc=5,"<a href=""https://news.google.com/rss/articles/CBMixAFBVV95cUxQeTRpSThZVWY2a09FOGdzN2s1VWZKMjJjcXhhc2xWRUZLU2p0dEtkY1lkSmdBeFpiWG5uSUtPMjVaVHhvaUltZHlxaWNPcU9wRmFDUXVULUc3MTRFbWI0WERyaVdtT2o5TzVtOXpQaGV4dFY2TGozcUoyWE8yMVdhVEpNaWg5aWt4WVNpM0luM1oxWk9uYkpJTklkNVFTVkp6NkR3VHZSMHRkMm5KNHFnZzJSWnVqN2IyWGR4bE5wSjZqbGp20gHfAUFVX3lxTFBTZUdvSENjLXFoWHdYZmtrTlgtQUV1TEhPMmtWVWRBX1lmN2RfYmVMakJPSnFzaF9Xa1FnaXhZNmR1RmNuYk1RZ2tseEF6MFBuY1FLdi1oeUppbVJyRW1LbjI4QjdxbmNWYk1zY0RNQjEzNVdQazJpUmtNUWN5WDhsLS1UNnVueTR6aTB4Y1JFSG4xWEQ4Q1ZBamREbEdudnM1am9sZUlNWnBwT1pVN3BzelRGN1ZXSHRUNGRKSFBLTUd4MzFJUjRLYzNtVjEzckIxX09OdWdRQmhFak4tUnc?oc=5"" target=""_blank"" class=""btn-link"">🔗 Abrir Noticia</a>",[🔗 Abrir Noticia](https://news.google.com/rss/articles/CBMixAFBVV95cUxQeTRpSThZVWY2a09FOGdzN2s1VWZKMjJjcXhhc2xWRUZLU2p0dEtkY1lkSmdBeFpiWG5uSUtPMjVaVHhvaUltZHlxaWNPcU9wRmFDUXVULUc3MTRFbWI0WERyaVdtT2o5TzVtOXpQaGV4dFY2TGozcUoyWE8yMVdhVEpNaWg5aWt4WVNpM0luM1oxWk9uYkpJTklkNVFTVkp6NkR3VHZSMHRkMm5KNHFnZzJSWnVqN2IyWGR4bE5wSjZqbGp20gHfAUFVX3lxTFBTZUdvSENjLXFoWHdYZmtrTlgtQUV1TEhPMmtWVWRBX1lmN2RfYmVMakJPSnFzaF9Xa1FnaXhZNmR1RmNuYk1RZ2tseEF6MFBuY1FLdi1oeUppbVJyRW1LbjI4QjdxbmNWYk1zY0RNQjEzNVdQazJpUmtNUWN5WDhsLS1UNnVueTR6aTB4Y1JFSG4xWEQ4Q1ZBamREbEdudnM1am9sZUlNWnBwT1pVN3BzelRGN1ZXSHRUNGRKSFBLTUd4MzFJUjRLYzNtVjEzckIxX09OdWdRQmhFak4tUnc?oc=5),"Un viaje fatal en Chinú, Córdoba: choque de motociclistas deja cuatro muertos Infobae",96dc60b4ebdf9e548c16daa96920d2aedcd5b3bedcbee6ede1499d747d24776e,2026-08-13 17:04:55
111,🟡 Pendiente (Verificar Noticia),2026-08-13,2026-08-13,larazon.co,Tres vidas se perdieron en aparatoso accidente de Tránsito registrado en zona rural de Montería - larazon.co,Montería (Casco Urbano / Sector en investigación),Montería (Casco Urbano / Sector en investigación),,Montería,No especificado,0,0,Baja (Centroide General Montería),8.7508,-75.8814,https://news.google.com/rss/articles/CBMitgFBVV95cUxOT1J4dTRCT0tfRnNJYXhxS1dHdTF3aHRlRWd6TFpnOHRQWGFsajU3OEZfel9xUzNUNi1fMUh6ZmFpTWFTaWVIU19EUVgxRWRYMkZLd1NMbUNLNGNtMDNMYnpsSkdCb2dGeWlDb282cnFaTllRaGxNY2Y2SE5qeWwyRnBaTzZCNnBLQlJCY0F0UmRhTm9JaXhZcjJxZ1hJbTFoa3NHcjVkUzVFUXZ0cV9DX2duZERfdw?oc=5,"<a href=""https://news.google.com/rss/articles/CBMitgFBVV95cUxOT1J4dTRCT0tfRnNJYXhxS1dHdTF3aHRlRWd6TFpnOHRQWGFsajU3OEZfel9xUzNUNi1fMUh6ZmFpTWFTaWVIU19EUVgxRWRYMkZLd1NMbUNLNGNtMDNMYnpsSkdCb2dGeWlDb282cnFaTllRaGxNY2Y2SE5qeWwyRnBaTzZCNnBLQlJCY0F0UmRhTm9JaXhZcjJxZ1hJbTFoa3NHcjVkUzVFUXZ0cV9DX2duZERfdw?oc=5"" target=""_blank"" class=""btn-link"">🔗 Abrir Noticia</a>",[🔗 Abrir Noticia](https://news.google.com/rss/articles/CBMitgFBVV95cUxOT1J4dTRCT0tfRnNJYXhxS1dHdTF3aHRlRWd6TFpnOHRQWGFsajU3OEZfel9xUzNUNi1fMUh6ZmFpTWFTaWVIU19EUVgxRWRYMkZLd1NMbUNLNGNtMDNMYnpsSkdCb2dGeWlDb282cnFaTllRaGxNY2Y2SE5qeWwyRnBaTzZCNnBLQlJCY0F0UmRhTm9JaXhZcjJxZ1hJbTFoa3NHcjVkUzVFUXZ0cV9DX2duZERfdw?oc=5),Tres vidas se perdieron en aparatoso accidente de Tránsito registrado en zona rural de Montería larazon.co,dea9e7d004f659a010f528c2e63ed8f905b54499e8a6b303b22759a22faa57e3,2026-08-13 17:04:55
112,🟡 Pendiente (Verificar Noticia),2026-08-13,2026-08-13,larazon.co,Dos muertos y un herido en choque de motos en la vía Arboletes – Montería - larazon.co,Montería (Casco Urbano / Sector en investigación),Montería (Casco Urbano / Sector en investigación),,Montería,No especificado,1,1,Baja (Centroide General Montería),8.7508,-75.8814,https://news.google.com/rss/articles/CBMilgFBVV95cUxPbVI2Yy1abVJqQldiakN2eE9oWUswQzJZWF9oOGpuTlpMdUY4LWtpdUk3MVc0Vzd5YktUMThBaXB1ejJid29CcVZHTW1sZks5VFl2bk9oSzliSWNFNEdhRy1HSnlqT1htaWxuWXVhZXJPaWtzWU9VQnBia3FPNGdXbmVBTW91alZaQlhpdC1RS1dpS3R2cnc?oc=5,"<a href=""https://news.google.com/rss/articles/CBMilgFBVV95cUxPbVI2Yy1abVJqQldiakN2eE9oWUswQzJZWF9oOGpuTlpMdUY4LWtpdUk3MVc0Vzd5YktUMThBaXB1ejJid29CcVZHTW1sZks5VFl2bk9oSzliSWNFNEdhRy1HSnlqT1htaWxuWXVhZXJPaWtzWU9VQnBia3FPNGdXbmVBTW91alZaQlhpdC1RS1dpS3R2cnc?oc=5"" target=""_blank"" class=""btn-link"">🔗 Abrir Noticia</a>",[🔗 Abrir Noticia](https://news.google.com/rss/articles/CBMilgFBVV95cUxPbVI2Yy1abVJqQldiakN2eE9oWUswQzJZWF9oOGpuTlpMdUY4LWtpdUk3MVc0Vzd5YktUMThBaXB1ejJid29CcVZHTW1sZks5VFl2bk9oSzliSWNFNEdhRy1HSnlqT1htaWxuWXVhZXJPaWtzWU9VQnBia3FPNGdXbmVBTW91alZaQlhpdC1RS1dpS3R2cnc?oc=5),Dos muertos y un herido en choque de motos en la vía Arboletes – Montería larazon.co,7aae332640da441eb4b9e53c7a2e25e77d22e9544ad3403c1e5827b03af923f8,2026-08-13 17:04:55
113,🟡 Pendiente (Verificar Noticia),2026-08-13,2026-08-13,ELHERALDO.CO,"Una contadora y un ingeniero de reconocida empresa suiza, las víctimas en trágico accidente en Bogotá - ELHERALDO.CO",Montería (Casco Urbano / Sector en investigación),Montería (Casco Urbano / Sector en investigación),,Montería,No especificado,0,0,Baja (Centroide General Montería),8.7508,-75.8814,https://news.google.com/rss/articles/CBMi3wFBVV95cUxQVEFGTS1KMTk1QkRaN2VCZjNkeGUzU1RkQW9rVUNJLTRHSlpudUw1NTZkY2ZpWmp3YVRkcTNXYUtZNGItdHlnSVYtc2ZOVEtDUy05OWp6MmFPUFZNdWQwQW1RZWFfeDd4SUs4S0J0bVFBNF9ldTVMT3pucTBNdFNFc1ppVGZUc0hHbDZ1NG1HbDhpeWQ1dzYycERvZmpSbk9acmZvaE51VjMtVTd5a3JNTlp0UnZvWGVPVjRmNjhqaWpDYURaNk9FY3BWdGFMU2pQelp2T29VS0hwcGl1SW1r0gH6AUFVX3lxTE4yYkl5Q2hwZWRNVm9sRFZINE9oUHR6cGFKdEl4TVBPdFp2TC00MUlBQUhkSTc5MVI5clRVbVRJVHl2RlNlRm5tUXhOWjFmMGNBMEczUW9weDNUTy1vMkNrYlF3OEJzUVBvNVFWZjB2VHRybG9ISnNhcS1aekRkUjJYMjBwX0I0Yk9WRFFFZTdRX1hXREh0cVFmaDFtVVNhQi1XM0daeVpvako0VEVWZmtfQ0RHQ3BGLWxsMnF5aTZ2bmhObzRPUlB0YW5JNXh2QmYyVVhXVFFWaGg5TEZ4T0o4WW16ZG1HUzItc1ZnUDlBQkpfeG9SU0RIX2c?oc=5,"<a href=""https://news.google.com/rss/articles/CBMi3wFBVV95cUxQVEFGTS1KMTk1QkRaN2VCZjNkeGUzU1RkQW9rVUNJLTRHSlpudUw1NTZkY2ZpWmp3YVRkcTNXYUtZNGItdHlnSVYtc2ZOVEtDUy05OWp6MmFPUFZNdWQwQW1RZWFfeDd4SUs4S0J0bVFBNF9ldTVMT3pucTBNdFNFc1ppVGZUc0hHbDZ1NG1HbDhpeWQ1dzYycERvZmpSbk9acmZvaE51VjMtVTd5a3JNTlp0UnZvWGVPVjRmNjhqaWpDYURaNk9FY3BWdGFMU2pQelp2T29VS0hwcGl1SW1r0gH6AUFVX3lxTE4yYkl5Q2hwZWRNVm9sRFZINE9oUHR6cGFKdEl4TVBPdFp2TC00MUlBQUhkSTc5MVI5clRVbVRJVHl2RlNlRm5tUXhOWjFmMGNBMEczUW9weDNUTy1vMkNrYlF3OEJzUVBvNVFWZjB2VHRybG9ISnNhcS1aekRkUjJYMjBwX0I0Yk9WRFFFZTdRX1hXREh0cVFmaDFtVVNhQi1XM0daeVpvako0VEVWZmtfQ0RHQ3BGLWxsMnF5aTZ2bmhObzRPUlB0YW5JNXh2QmYyVVhXVFFWaGg5TEZ4T0o4WW16ZG1HUzItc1ZnUDlBQkpfeG9SU0RIX2c?oc=5"" target=""_blank"" class=""btn-link"">🔗 Abrir Noticia</a>",[🔗 Abrir Noticia](https://news.google.com/rss/articles/CBMi3wFBVV95cUxQVEFGTS1KMTk1QkRaN2VCZjNkeGUzU1RkQW9rVUNJLTRHSlpudUw1NTZkY2ZpWmp3YVRkcTNXYUtZNGItdHlnSVYtc2ZOVEtDUy05OWp6MmFPUFZNdWQwQW1RZWFfeDd4SUs4S0J0bVFBNF9ldTVMT3pucTBNdFNFc1ppVGZUc0hHbDZ1NG1HbDhpeWQ1dzYycERvZmpSbk9acmZvaE51VjMtVTd5a3JNTlp0UnZvWGVPVjRmNjhqaWpDYURaNk9FY3BWdGFMU2pQelp2T29VS0hwcGl1SW1r0gH6AUFVX3lxTE4yYkl5Q2hwZWRNVm9sRFZINE9oUHR6cGFKdEl4TVBPdFp2TC00MUlBQUhkSTc5MVI5clRVbVRJVHl2RlNlRm5tUXhOWjFmMGNBMEczUW9weDNUTy1vMkNrYlF3OEJzUVBvNVFWZjB2VHRybG9ISnNhcS1aekRkUjJYMjBwX0I0Yk9WRFFFZTdRX1hXREh0cVFmaDFtVVNhQi1XM0daeVpvako0VEVWZmtfQ0RHQ3BGLWxsMnF5aTZ2bmhObzRPUlB0YW5JNXh2QmYyVVhXVFFWaGg5TEZ4T0o4WW16ZG1HUzItc1ZnUDlBQkpfeG9SU0RIX2c?oc=5),"Una contadora y un ingeniero de reconocida empresa suiza, las víctimas en trágico accidente en Bogotá ELHERALDO.CO",8e1ac250f9461d1fb99dc7451c8b40ed0121aa03e62834cacded15118055281b,2026-08-13 17:04:55
114,🟡 Pendiente (Verificar Noticia),2026-08-13,2026-08-13,larazon.co,Motociclista murió al chocar con camión de valores en la vía Montería -Planeta Rica - larazon.co,"Municipio de Planeta Rica, Córdoba","Municipio de Planeta Rica, Córdoba",,Montería,Camión / Carga,1,0,Baja (Centroide General Montería),8.7508,-75.8814,https://news.google.com/rss/articles/CBMipAFBVV95cUxOWFlidzhveTBHSlgtUmh2c0FTOUtGbC1lU242RHltOEpwWTNBVEFOX0VLaC02czVPWGZKOEFuRDg0VFo3dUEzZ1BfN25sRVBjNFNyLXRDYkFnS253WFBDVkJNS3lXbXMwYVdjanlSdDgwbWRIalJobXFjTFpudXVaX3YzSnZOTTZJN01JYWd5SC1JM05wNEtQWUFoSWhuRHZRZlM1Ug?oc=5,"<a href=""https://news.google.com/rss/articles/CBMipAFBVV95cUxOWFlidzhveTBHSlgtUmh2c0FTOUtGbC1lU242RHltOEpwWTNBVEFOX0VLaC02czVPWGZKOEFuRDg0VFo3dUEzZ1BfN25sRVBjNFNyLXRDYkFnS253WFBDVkJNS3lXbXMwYVdjanlSdDgwbWRIalJobXFjTFpudXVaX3YzSnZOTTZJN01JYWd5SC1JM05wNEtQWUFoSWhuRHZRZlM1Ug?oc=5"" target=""_blank"" class=""btn-link"">🔗 Abrir Noticia</a>",[🔗 Abrir Noticia](https://news.google.com/rss/articles/CBMipAFBVV95cUxOWFlidzhveTBHSlgtUmh2c0FTOUtGbC1lU242RHltOEpwWTNBVEFOX0VLaC02czVPWGZKOEFuRDg0VFo3dUEzZ1BfN25sRVBjNFNyLXRDYkFnS253WFBDVkJNS3lXbXMwYVdjanlSdDgwbWRIalJobXFjTFpudXVaX3YzSnZOTTZJN01JYWd5SC1JM05wNEtQWUFoSWhuRHZRZlM1Ug?oc=5),Motociclista murió al chocar con camión de valores en la vía Montería -Planeta Rica larazon.co,157c151706f41a3fa82ffe0a0852270484cacd1b5d5f0e9ff86053ed95fc41f0,2026-08-13 17:04:55
115,🟡 Pendiente (Verificar Noticia),2026-08-13,2026-08-13,El Tiempo,Cuatro muertos en choque de dos motocicletas en vía de Córdoba - El Tiempo,Montería (Casco Urbano / Sector en investigación),Montería (Casco Urbano / Sector en investigación),,Montería,No especificado,1,0,Baja (Centroide General Montería),8.7508,-75.8814,https://news.google.com/rss/articles/CBMisAFBVV95cUxOWmtkNXl2LXA0TzFrb2loQmUzd2tHRWlhV1RfVnBmR2o4c2w5YnBnYjJFZ0RQOXg0cUJscHBmYkNXMWw2SmpxYVE3ekRDU3lKUWtzWnNYcGR2cVBJNGt5MmdDNUZpQlRSQWZCQUJuMy1mc3pUcmlRRHp2czlzaWNsV1JZMGt4UVdIekFpUUpEM05aUnhUd2oyWUQ2RGcxcUJURFBZbVlaczJBdFRXWkJ2UNIBtgFBVV95cUxNamszNkpvREg4QmFvSXlrVVo1Q1M2WFBNcGo3ZkROMmM0OXJGV3FNR2xRNU90SmtqdjJrTnJNRFFESUdnSHNrMGpHSkduVjRkV3A5R2Y5V3RKNTFvcC1wTExQWjhoU2hWYzRQTHI2aGhlbW55bWZIWnZQdVV4YUdzVmc0MkVlY1VIdkV5SUpmak9EUlNsdWpYdjJ2Z3dTWm1nc0YwRlV5a2NMcFM2eGZlcDVkTXlOQQ?oc=5,"<a href=""https://news.google.com/rss/articles/CBMisAFBVV95cUxOWmtkNXl2LXA0TzFrb2loQmUzd2tHRWlhV1RfVnBmR2o4c2w5YnBnYjJFZ0RQOXg0cUJscHBmYkNXMWw2SmpxYVE3ekRDU3lKUWtzWnNYcGR2cVBJNGt5MmdDNUZpQlRSQWZCQUJuMy1mc3pUcmlRRHp2czlzaWNsV1JZMGt4UVdIekFpUUpEM05aUnhUd2oyWUQ2RGcxcUJURFBZbVlaczJBdFRXWkJ2UNIBtgFBVV95cUxNamszNkpvREg4QmFvSXlrVVo1Q1M2WFBNcGo3ZkROMmM0OXJGV3FNR2xRNU90SmtqdjJrTnJNRFFESUdnSHNrMGpHSkduVjRkV3A5R2Y5V3RKNTFvcC1wTExQWjhoU2hWYzRQTHI2aGhlbW55bWZIWnZQdVV4YUdzVmc0MkVlY1VIdkV5SUpmak9EUlNsdWpYdjJ2Z3dTWm1nc0YwRlV5a2NMcFM2eGZlcDVkTXlOQQ?oc=5"" target=""_blank"" class=""btn-link"">🔗 Abrir Noticia</a>",[🔗 Abrir Noticia](https://news.google.com/rss/articles/CBMisAFBVV95cUxOWmtkNXl2LXA0TzFrb2loQmUzd2tHRWlhV1RfVnBmR2o4c2w5YnBnYjJFZ0RQOXg0cUJscHBmYkNXMWw2SmpxYVE3ekRDU3lKUWtzWnNYcGR2cVBJNGt5MmdDNUZpQlRSQWZCQUJuMy1mc3pUcmlRRHp2czlzaWNsV1JZMGt4UVdIekFpUUpEM05aUnhUd2oyWUQ2RGcxcUJURFBZbVlaczJBdFRXWkJ2UNIBtgFBVV95cUxNamszNkpvREg4QmFvSXlrVVo1Q1M2WFBNcGo3ZkROMmM0OXJGV3FNR2xRNU90SmtqdjJrTnJNRFFESUdnSHNrMGpHSkduVjRkV3A5R2Y5V3RKNTFvcC1wTExQWjhoU2hWYzRQTHI2aGhlbW55bWZIWnZQdVV4YUdzVmc0MkVlY1VIdkV5SUpmak9EUlNsdWpYdjJ2Z3dTWm1nc0YwRlV5a2NMcFM2eGZlcDVkTXlOQQ?oc=5),Cuatro muertos en choque de dos motocicletas en vía de Córdoba El Tiempo,1be977037c103d6132e95e33f64f14098332c75c0f49bc2732952079972a35e3,2026-08-13 17:04:55
116,🟡 Pendiente (Verificar Noticia),2026-08-13,2026-08-13,Noticias RCN,Un muerto y 18 heridos deja accidente de un bus escolar en Córdoba - Noticias RCN,Montería (Casco Urbano / Sector en investigación),Montería (Casco Urbano / Sector en investigación),,Montería,Bus / Transporte Público,1,1,Baja (Centroide General Montería),8.7508,-75.8814,https://news.google.com/rss/articles/CBMirwFBVV95cUxObzVlWUJhdktlTl9Hb29TU1pYRGpkVl9TQ2tWN0ZYeHNVTW52TElBdUJfWUNCUllmWWY1MHJjblNicmNWNHBqZnI3VktoTmlkbkxPRFlCYzhNcS1qMUhMTXlPM1FaU1l0Y0JMZHFfalZCZ3dYR05xdVlQX1NKRTVsY0x6a3RTVUVYcDUzckNjR3JiNGdscmgzLW1OUlBibklWOVpKOHk0bDlJZHRJa2xR0gGvAUFVX3lxTE94SDlOSTEybS1TQ1ZiaERORnh6V3lRRlVFcnFqckdSSmJ1Y1JYQVlsT1RadjRQX0U0eENncW83TUliVEdPWlFVYktoODhNWGFjWGM5SEhWSEF3blFRb3lZVmk3UEZEbEJSSUlpSy1iVG5OdDV2OXhsUDY2MWhFTTVINm56UjlGMHF4YTlTWTZLbXFPNUMyY3hOS3A3R1dLQ3diMWU2OU5SeWZLX1czQ28?oc=5,"<a href=""https://news.google.com/rss/articles/CBMirwFBVV95cUxObzVlWUJhdktlTl9Hb29TU1pYRGpkVl9TQ2tWN0ZYeHNVTW52TElBdUJfWUNCUllmWWY1MHJjblNicmNWNHBqZnI3VktoTmlkbkxPRFlCYzhNcS1qMUhMTXlPM1FaU1l0Y0JMZHFfalZCZ3dYR05xdVlQX1NKRTVsY0x6a3RTVUVYcDUzckNjR3JiNGdscmgzLW1OUlBibklWOVpKOHk0bDlJZHRJa2xR0gGvAUFVX3lxTE94SDlOSTEybS1TQ1ZiaERORnh6V3lRRlVFcnFqckdSSmJ1Y1JYQVlsT1RadjRQX0U0eENncW83TUliVEdPWlFVYktoODhNWGFjWGM5SEhWSEF3blFRb3lZVmk3UEZEbEJSSUlpSy1iVG5OdDV2OXhsUDY2MWhFTTVINm56UjlGMHF4YTlTWTZLbXFPNUMyY3hOS3A3R1dLQ3diMWU2OU5SeWZLX1czQ28?oc=5"" target=""_blank"" class=""btn-link"">🔗 Abrir Noticia</a>",[🔗 Abrir Noticia](https://news.google.com/rss/articles/CBMirwFBVV95cUxObzVlWUJhdktlTl9Hb29TU1pYRGpkVl9TQ2tWN0ZYeHNVTW52TElBdUJfWUNCUllmWWY1MHJjblNicmNWNHBqZnI3VktoTmlkbkxPRFlCYzhNcS1qMUhMTXlPM1FaU1l0Y0JMZHFfalZCZ3dYR05xdVlQX1NKRTVsY0x6a3RTVUVYcDUzckNjR3JiNGdscmgzLW1OUlBibklWOVpKOHk0bDlJZHRJa2xR0gGvAUFVX3lxTE94SDlOSTEybS1TQ1ZiaERORnh6V3lRRlVFcnFqckdSSmJ1Y1JYQVlsT1RadjRQX0U0eENncW83TUliVEdPWlFVYktoODhNWGFjWGM5SEhWSEF3blFRb3lZVmk3UEZEbEJSSUlpSy1iVG5OdDV2OXhsUDY2MWhFTTVINm56UjlGMHF4YTlTWTZLbXFPNUMyY3hOS3A3R1dLQ3diMWU2OU5SeWZLX1czQ28?oc=5),Un muerto y 18 heridos deja accidente de un bus escolar en Córdoba Noticias RCN,016c45648cbc0681be9d3a7f34b4bf5134cab68dbe9f331b5299fb518e3915cf,2026-08-13 17:04:55
117,🟡 Pendiente (Verificar Noticia),2026-08-13,2026-08-13,Pulzo,Brutal choque entre motocicletas dejó dos fallecidos en carretera; irían a toda velocidad - Pulzo,Montería (Casco Urbano / Sector en investigación),Montería (Casco Urbano / Sector en investigación),,Montería,No especificado,0,0,Baja (Centroide General Montería),8.7508,-75.8814,https://news.google.com/rss/articles/CBMiogFBVV95cUxOSEExdDBlWEU1emVLeWhNc3FRNVVwTklpSG9Hbms2cXRleVE4WkpPMDFuVFNHRlF3b1RUcmt6RDBuVDZTRXJ2YTRKU0d0OGI1WFBxMGtrTDA4UF9BRFBIWTNzaFdjMmdOMXZwOFZWcVhwemN5cUZYTkZvRl9vcFJoc01VU1RnWVBsRXA5N2ZNZXZyYjRvTlYzRlVra0ZCZFlWN3fSAacBQVVfeXFMTkthQmlOdTVFaHJneXowNXFXUU9MRE1JUGRIR0pBdUR6V2w5SDBtMzdvUUFndWxDY1prb3Jld1AtWDQ2SlVLb1FnTEh1N3NHTk5kX0FUcWRtV0szc0pad3BVc2QybHN5dDVsc19VNXgzZ2x2b1Iwc3VONjdEYkJyWU55Sy1BV1QxVUFzSUdTTXBtdUJsWmtVeFczd2lMZTlQZG5kSk5ldmc?oc=5,"<a href=""https://news.google.com/rss/articles/CBMiogFBVV95cUxOSEExdDBlWEU1emVLeWhNc3FRNVVwTklpSG9Hbms2cXRleVE4WkpPMDFuVFNHRlF3b1RUcmt6RDBuVDZTRXJ2YTRKU0d0OGI1WFBxMGtrTDA4UF9BRFBIWTNzaFdjMmdOMXZwOFZWcVhwemN5cUZYTkZvRl9vcFJoc01VU1RnWVBsRXA5N2ZNZXZyYjRvTlYzRlVra0ZCZFlWN3fSAacBQVVfeXFMTkthQmlOdTVFaHJneXowNXFXUU9MRE1JUGRIR0pBdUR6V2w5SDBtMzdvUUFndWxDY1prb3Jld1AtWDQ2SlVLb1FnTEh1N3NHTk5kX0FUcWRtV0szc0pad3BVc2QybHN5dDVsc19VNXgzZ2x2b1Iwc3VONjdEYkJyWU55Sy1BV1QxVUFzSUdTTXBtdUJsWmtVeFczd2lMZTlQZG5kSk5ldmc?oc=5"" target=""_blank"" class=""btn-link"">🔗 Abrir Noticia</a>",[🔗 Abrir Noticia](https://news.google.com/rss/articles/CBMiogFBVV95cUxOSEExdDBlWEU1emVLeWhNc3FRNVVwTklpSG9Hbms2cXRleVE4WkpPMDFuVFNHRlF3b1RUcmt6RDBuVDZTRXJ2YTRKU0d0OGI1WFBxMGtrTDA4UF9BRFBIWTNzaFdjMmdOMXZwOFZWcVhwemN5cUZYTkZvRl9vcFJoc01VU1RnWVBsRXA5N2ZNZXZyYjRvTlYzRlVra0ZCZFlWN3fSAacBQVVfeXFMTkthQmlOdTVFaHJneXowNXFXUU9MRE1JUGRIR0pBdUR6V2w5SDBtMzdvUUFndWxDY1prb3Jld1AtWDQ2SlVLb1FnTEh1N3NHTk5kX0FUcWRtV0szc0pad3BVc2QybHN5dDVsc19VNXgzZ2x2b1Iwc3VONjdEYkJyWU55Sy1BV1QxVUFzSUdTTXBtdUJsWmtVeFczd2lMZTlQZG5kSk5ldmc?oc=5),Brutal choque entre motocicletas dejó dos fallecidos en carretera; irían a toda velocidad Pulzo,f9ad3eb93d9ad6da5449d25daa5391a0a44c4b724dacca697dc0ffbdf9d1c81f,2026-08-13 17:04:55
118,🟡 Pendiente (Verificar Noticia),2026-08-13,2026-08-13,larazon.co,Dos muertos en accidente en la vía Cereté – San Pelayo - larazon.co,"Municipio de Cereté, Córdoba","Municipio de Cereté, Córdoba",,Cereté,No especificado,1,0,Media (Centroide Municipio Córdoba),8.8844,-75.7908,https://news.google.com/rss/articles/CBMia0FVX3lxTE5KU1FuNHBmOS1kQnBtUVU3WWtEOFRYWGFFWVhLUXlhQld3LUtnWktScFA3YWpLWDBBX1lCUDFYcGkwd25LMzd0UnM2TU16TGpDWWhwZmZjTW5mWDQ0Q0pPWlNkRHhsa3FlUDQ4?oc=5,"<a href=""https://news.google.com/rss/articles/CBMia0FVX3lxTE5KU1FuNHBmOS1kQnBtUVU3WWtEOFRYWGFFWVhLUXlhQld3LUtnWktScFA3YWpLWDBBX1lCUDFYcGkwd25LMzd0UnM2TU16TGpDWWhwZmZjTW5mWDQ0Q0pPWlNkRHhsa3FlUDQ4?oc=5"" target=""_blank"" class=""btn-link"">🔗 Abrir Noticia</a>",[🔗 Abrir Noticia](https://news.google.com/rss/articles/CBMia0FVX3lxTE5KU1FuNHBmOS1kQnBtUVU3WWtEOFRYWGFFWVhLUXlhQld3LUtnWktScFA3YWpLWDBBX1lCUDFYcGkwd25LMzd0UnM2TU16TGpDWWhwZmZjTW5mWDQ0Q0pPWlNkRHhsa3FlUDQ4?oc=5),Dos muertos en accidente en la vía Cereté – San Pelayo larazon.co,730e46411faf06ae27dda92d23155f2ec6fa0ad6c7fdfadd6dbe8a316c40ec12,2026-08-13 17:04:55
119,🟡 Pendiente (Verificar Noticia),2026-08-13,2026-08-13,larazon.co,Un muerto y una joven herida dejó un vuelco en la vía Cereté-Ciénaga de Oro - larazon.co,"Municipio de Cereté, Córdoba","Municipio de Cereté, Córdoba",,Cereté,No especificado,1,1,Media (Centroide Municipio Córdoba),8.8844,-75.7908,https://news.google.com/rss/articles/CBMimwFBVV95cUxOdE1lbnJ0NkFkMXNMQ0x3bjFORFJiVzlDbmNpb1NfRDFNSFZ1d3lQMTZ2aWZ4bnNqdHctUU5NMXprSFl6a3g1ai0yb09zdEVCMllpQ0lwYm1BV2w3WEY2Z3pNR2hZRDdxYW56MzNEd2t1eHZBSUZSTW5GX3YwOVlIYjdGekNYWGdPS1pzc2hWc09GWjZPSHphSWFQTQ?oc=5,"<a href=""https://news.google.com/rss/articles/CBMimwFBVV95cUxOdE1lbnJ0NkFkMXNMQ0x3bjFORFJiVzlDbmNpb1NfRDFNSFZ1d3lQMTZ2aWZ4bnNqdHctUU5NMXprSFl6a3g1ai0yb09zdEVCMllpQ0lwYm1BV2w3WEY2Z3pNR2hZRDdxYW56MzNEd2t1eHZBSUZSTW5GX3YwOVlIYjdGekNYWGdPS1pzc2hWc09GWjZPSHphSWFQTQ?oc=5"" target=""_blank"" class=""btn-link"">🔗 Abrir Noticia</a>",[🔗 Abrir Noticia](https://news.google.com/rss/articles/CBMimwFBVV95cUxOdE1lbnJ0NkFkMXNMQ0x3bjFORFJiVzlDbmNpb1NfRDFNSFZ1d3lQMTZ2aWZ4bnNqdHctUU5NMXprSFl6a3g1ai0yb09zdEVCMllpQ0lwYm1BV2w3WEY2Z3pNR2hZRDdxYW56MzNEd2t1eHZBSUZSTW5GX3YwOVlIYjdGekNYWGdPS1pzc2hWc09GWjZPSHphSWFQTQ?oc=5),Un muerto y una joven herida dejó un vuelco en la vía Cereté-Ciénaga de Oro larazon.co,7f38f6a1f177d11a4ed962873b84626706b11ef8f93c78a312b41d9b27b70e1c,2026-08-13 17:04:55
120,🟡 Pendiente (Verificar Noticia),2026-08-13,2026-08-13,larazon.co,Accidente frente a Urbanización Malibú deja un muerto y varios heridos - larazon.co,Montería (Casco Urbano / Sector en investigación),Montería (Casco Urbano / Sector en investigación),,Montería,No especificado,1,1,Baja (Centroide General Montería),8.7508,-75.8814,https://news.google.com/rss/articles/CBMilAFBVV95cUxNSEtuWlN0ZHBBSlBVRU8xOThHUzQwYmYyd3F0N3puYVRLMkZlZkVlUTdaTlRPZDE4WExrWkZnaEtUZDBDZUgyMHotQV9FRUp2LVRnNWwtWllvWlV1V1lkOFc3eWdsaG1fRFBzelRhUndJZkNIZnZBZGVXa0pZVDRNU1B0ZW5aalBwTlY5R2FpTlRmOWlq?oc=5,"<a href=""https://news.google.com/rss/articles/CBMilAFBVV95cUxNSEtuWlN0ZHBBSlBVRU8xOThHUzQwYmYyd3F0N3puYVRLMkZlZkVlUTdaTlRPZDE4WExrWkZnaEtUZDBDZUgyMHotQV9FRUp2LVRnNWwtWllvWlV1V1lkOFc3eWdsaG1fRFBzelRhUndJZkNIZnZBZGVXa0pZVDRNU1B0ZW5aalBwTlY5R2FpTlRmOWlq?oc=5"" target=""_blank"" class=""btn-link"">🔗 Abrir Noticia</a>",[🔗 Abrir Noticia](https://news.google.com/rss/articles/CBMilAFBVV95cUxNSEtuWlN0ZHBBSlBVRU8xOThHUzQwYmYyd3F0N3puYVRLMkZlZkVlUTdaTlRPZDE4WExrWkZnaEtUZDBDZUgyMHotQV9FRUp2LVRnNWwtWllvWlV1V1lkOFc3eWdsaG1fRFBzelRhUndJZkNIZnZBZGVXa0pZVDRNU1B0ZW5aalBwTlY5R2FpTlRmOWlq?oc=5),Accidente frente a Urbanización Malibú deja un muerto y varios heridos larazon.co,938dabc31e44a0e234b1d935dcc1b2e6e5e46def6e6cbc0c786a0b4b783f9cdc,2026-08-13 17:04:55
121,🟡 Pendiente (Verificar Noticia),2026-08-13,2026-08-13,Caracol Radio,Dos hombres mueren en un choque de motos en la vía entre Lorica y Cereté - Caracol Radio,"Municipio de Cereté, Córdoba","Municipio de Cereté, Córdoba",,Cereté,No especificado,0,0,Media (Centroide Municipio Córdoba),8.8844,-75.7908,https://news.google.com/rss/articles/CBMifkFVX3lxTE5XSWRDU1g1c2lXaHkxLXFvUURnbmsxb0pmbVlrZVpCTlFWS2xfdXQ2bWVvZ0RGQUdfMVZVYVozY3dVQ2pYa3JJbHkxeHNiSkVmOUVUY3BpeV9kNGhCcUtXbmFqa19UWWRINWtidnNpOEtyQ2R6RTltNzRrbjdKQdIBkgFBVV95cUxOcFZ4dVA4VklGcG1yMkJuOG5LeDhkZmhCbEZkX0c3RDdYcGFFamhNZ0pCdnNOekJZTjZ0MXVhckE3WjY0VVpaS2h5b3FrTUVjcVlfck1yRENZMTFLRmQxX0JwMm5iMFRlMjdZMy02WUhtbjBoLURoV19WTGM4Y3JvMDJBWDY5cVpJcXN5eDRjalNkUQ?oc=5,"<a href=""https://news.google.com/rss/articles/CBMifkFVX3lxTE5XSWRDU1g1c2lXaHkxLXFvUURnbmsxb0pmbVlrZVpCTlFWS2xfdXQ2bWVvZ0RGQUdfMVZVYVozY3dVQ2pYa3JJbHkxeHNiSkVmOUVUY3BpeV9kNGhCcUtXbmFqa19UWWRINWtidnNpOEtyQ2R6RTltNzRrbjdKQdIBkgFBVV95cUxOcFZ4dVA4VklGcG1yMkJuOG5LeDhkZmhCbEZkX0c3RDdYcGFFamhNZ0pCdnNOekJZTjZ0MXVhckE3WjY0VVpaS2h5b3FrTUVjcVlfck1yRENZMTFLRmQxX0JwMm5iMFRlMjdZMy02WUhtbjBoLURoV19WTGM4Y3JvMDJBWDY5cVpJcXN5eDRjalNkUQ?oc=5"" target=""_blank"" class=""btn-link"">🔗 Abrir Noticia</a>",[🔗 Abrir Noticia](https://news.google.com/rss/articles/CBMifkFVX3lxTE5XSWRDU1g1c2lXaHkxLXFvUURnbmsxb0pmbVlrZVpCTlFWS2xfdXQ2bWVvZ0RGQUdfMVZVYVozY3dVQ2pYa3JJbHkxeHNiSkVmOUVUY3BpeV9kNGhCcUtXbmFqa19UWWRINWtidnNpOEtyQ2R6RTltNzRrbjdKQdIBkgFBVV95cUxOcFZ4dVA4VklGcG1yMkJuOG5LeDhkZmhCbEZkX0c3RDdYcGFFamhNZ0pCdnNOekJZTjZ0MXVhckE3WjY0VVpaS2h5b3FrTUVjcVlfck1yRENZMTFLRmQxX0JwMm5iMFRlMjdZMy02WUhtbjBoLURoV19WTGM4Y3JvMDJBWDY5cVpJcXN5eDRjalNkUQ?oc=5),Dos hombres mueren en un choque de motos en la vía entre Lorica y Cereté Caracol Radio,c4c2f366eaeb5797770106a4419994ee66f2074d1dec7edb5061ef18f6cb0ac7,2026-08-13 17:04:55
122,🟡 Pendiente (Verificar Noticia),2026-08-13,2026-08-13,Zona Cero,Triple choque dejó un muerto y cuatro heridos en la vía Montería-Cereté - Zona Cero,"Municipio de Cereté, Córdoba","Municipio de Cereté, Córdoba",,Montería,No especificado,1,1,Baja (Centroide General Montería),8.7508,-75.8814,https://news.google.com/rss/articles/CBMinwFBVV95cUxOSDVYeUZJcEtMRHpBVVFGSks1MWJNLU4tcm5vNEtMeG92OFR2SGlqMHpyZkpVVjIwWDV0cWs2SFBmVDlLOE5DQ0t1aW9ib2FmVGo2c1R5OUozSV9RbWN2OFZ3RTR4SjRFWmY5WUlmQ3U4MkNxYmZpV3JmNVkzZFBVZnM5cWJMYzE1endZVGFYZjB0dTRhRDM2ZDM2bjlDZzQ?oc=5,"<a href=""https://news.google.com/rss/articles/CBMinwFBVV95cUxOSDVYeUZJcEtMRHpBVVFGSks1MWJNLU4tcm5vNEtMeG92OFR2SGlqMHpyZkpVVjIwWDV0cWs2SFBmVDlLOE5DQ0t1aW9ib2FmVGo2c1R5OUozSV9RbWN2OFZ3RTR4SjRFWmY5WUlmQ3U4MkNxYmZpV3JmNVkzZFBVZnM5cWJMYzE1endZVGFYZjB0dTRhRDM2ZDM2bjlDZzQ?oc=5"" target=""_blank"" class=""btn-link"">🔗 Abrir Noticia</a>",[🔗 Abrir Noticia](https://news.google.com/rss/articles/CBMinwFBVV95cUxOSDVYeUZJcEtMRHpBVVFGSks1MWJNLU4tcm5vNEtMeG92OFR2SGlqMHpyZkpVVjIwWDV0cWs2SFBmVDlLOE5DQ0t1aW9ib2FmVGo2c1R5OUozSV9RbWN2OFZ3RTR4SjRFWmY5WUlmQ3U4MkNxYmZpV3JmNVkzZFBVZnM5cWJMYzE1endZVGFYZjB0dTRhRDM2ZDM2bjlDZzQ?oc=5),Triple choque dejó un muerto y cuatro heridos en la vía Montería-Cereté Zona Cero,5d2641e4daf28e602237bc57ebca0bedda39f702ee1d8d00d38d9c2c941cc82e,2026-08-13 17:04:55
123,🟡 Pendiente (Verificar Noticia),2026-08-13,2026-08-13,Zona Cero,"Accidente en Planeta Rica: dos muertos, entre ellos un barranquillero de 13 años - Zona Cero","Municipio de Planeta Rica, Córdoba","Municipio de Planeta Rica, Córdoba",,Planeta Rica,No especificado,1,0,Media (Centroide Municipio Córdoba),8.4076,-75.5837,https://news.google.com/rss/articles/CBMirgFBVV95cUxPTVN3OG90QWRJdHpFZUdOWnVjNmd0NVBZNEIwRGhzRUFkck5vcGEzTVB0dFQtNEdrd0NUWTFrdDdqZjB3eHRWUnB1QXg0WFl0YzYweVJvWERfN050Mk5GaW9heXJicnpzOUttc1VEVF9EVWFmdjM5Z09HVGtFYXFRRjlaU0ltWnFVb0JOOWdObjFQQWo5VllGSURCNm9sMktTQkxpYWh3dE1vWHEtelE?oc=5,"<a href=""https://news.google.com/rss/articles/CBMirgFBVV95cUxPTVN3OG90QWRJdHpFZUdOWnVjNmd0NVBZNEIwRGhzRUFkck5vcGEzTVB0dFQtNEdrd0NUWTFrdDdqZjB3eHRWUnB1QXg0WFl0YzYweVJvWERfN050Mk5GaW9heXJicnpzOUttc1VEVF9EVWFmdjM5Z09HVGtFYXFRRjlaU0ltWnFVb0JOOWdObjFQQWo5VllGSURCNm9sMktTQkxpYWh3dE1vWHEtelE?oc=5"" target=""_blank"" class=""btn-link"">🔗 Abrir Noticia</a>",[🔗 Abrir Noticia](https://news.google.com/rss/articles/CBMirgFBVV95cUxPTVN3OG90QWRJdHpFZUdOWnVjNmd0NVBZNEIwRGhzRUFkck5vcGEzTVB0dFQtNEdrd0NUWTFrdDdqZjB3eHRWUnB1QXg0WFl0YzYweVJvWERfN050Mk5GaW9heXJicnpzOUttc1VEVF9EVWFmdjM5Z09HVGtFYXFRRjlaU0ltWnFVb0JOOWdObjFQQWo5VllGSURCNm9sMktTQkxpYWh3dE1vWHEtelE?oc=5),"Accidente en Planeta Rica: dos muertos, entre ellos un barranquillero de 13 años Zona Cero",30a3fd27a2398fe5e86cf89d051d572d1e0b3d700f3bd6ac44d6c57b105f7b7f,2026-08-13 17:04:55
124,🟡 Pendiente (Verificar Noticia),2026-08-13,2026-08-13,Caracol Radio,Choque entre la Alcaldía de Montería y Metrosinú por aumento de la tarifa del transporte público - Caracol Radio,Montería (Casco Urbano / Sector en investigación),Montería (Casco Urbano / Sector en investigación),,Montería,Bus / Transporte Público,0,0,Baja (Centroide General Montería),8.7508,-75.8814,https://news.google.com/rss/articles/CBMiywFBVV95cUxOaHZVZ25DOUw5T2t2azdObE9ZN2ZMZ19FX0tIQ003ZzgxUXQtY080WGpjeWlfb2E4TmdHT1BqV2NER2dnZ29MT2Z2SGI3dHVncy1ZNkVJVVUtMVM4ZnZmd0M2Q3hsMFJJNmdPVzZKcVF0TUhQWlZMQWZaMVY5d3gtTHJaRXl0R0pnVktTbnQyWmw3eVhDQ2NrZkZpNjhFdG5iRU0waWkwNFM5VW5YQXlENEotSHFMRHU3ZkN4T2E0ZjJFaUFicGlDZDlFWdIB3wFBVV95cUxNQlVkUms2c3FBNFU4OThkcGNmRThLakloNE81Q1E4TFFxNzBtel9KQkMxbTNzLVpScFRiWEhYcmY2bnVHdjdnUm5NU052eVd2eXZkaDJoTFZnMTYxRnJOWlZ0c3ZFS2k4OWhWYlRoR2ZCbjlIb2xrT29nU28tN0pzemtFbmFvM0xLOVExRlUtZDMtTmszWGtmeWxWSjR6bHFOQXZ0U3ZXV2Rld2hNTXZNZTdKYTNMWFVxSVduV05JRkNwdXlXUXhMRS1zMjJJdl9PWmNiT1FZb1hGMGNwYzAw?oc=5,"<a href=""https://news.google.com/rss/articles/CBMiywFBVV95cUxOaHZVZ25DOUw5T2t2azdObE9ZN2ZMZ19FX0tIQ003ZzgxUXQtY080WGpjeWlfb2E4TmdHT1BqV2NER2dnZ29MT2Z2SGI3dHVncy1ZNkVJVVUtMVM4ZnZmd0M2Q3hsMFJJNmdPVzZKcVF0TUhQWlZMQWZaMVY5d3gtTHJaRXl0R0pnVktTbnQyWmw3eVhDQ2NrZkZpNjhFdG5iRU0waWkwNFM5VW5YQXlENEotSHFMRHU3ZkN4T2E0ZjJFaUFicGlDZDlFWdIB3wFBVV95cUxNQlVkUms2c3FBNFU4OThkcGNmRThLakloNE81Q1E4TFFxNzBtel9KQkMxbTNzLVpScFRiWEhYcmY2bnVHdjdnUm5NU052eVd2eXZkaDJoTFZnMTYxRnJOWlZ0c3ZFS2k4OWhWYlRoR2ZCbjlIb2xrT29nU28tN0pzemtFbmFvM0xLOVExRlUtZDMtTmszWGtmeWxWSjR6bHFOQXZ0U3ZXV2Rld2hNTXZNZTdKYTNMWFVxSVduV05JRkNwdXlXUXhMRS1zMjJJdl9PWmNiT1FZb1hGMGNwYzAw?oc=5"" target=""_blank"" class=""btn-link"">🔗 Abrir Noticia</a>",[🔗 Abrir Noticia](https://news.google.com/rss/articles/CBMiywFBVV95cUxOaHZVZ25DOUw5T2t2azdObE9ZN2ZMZ19FX0tIQ003ZzgxUXQtY080WGpjeWlfb2E4TmdHT1BqV2NER2dnZ29MT2Z2SGI3dHVncy1ZNkVJVVUtMVM4ZnZmd0M2Q3hsMFJJNmdPVzZKcVF0TUhQWlZMQWZaMVY5d3gtTHJaRXl0R0pnVktTbnQyWmw3eVhDQ2NrZkZpNjhFdG5iRU0waWkwNFM5VW5YQXlENEotSHFMRHU3ZkN4T2E0ZjJFaUFicGlDZDlFWdIB3wFBVV95cUxNQlVkUms2c3FBNFU4OThkcGNmRThLakloNE81Q1E4TFFxNzBtel9KQkMxbTNzLVpScFRiWEhYcmY2bnVHdjdnUm5NU052eVd2eXZkaDJoTFZnMTYxRnJOWlZ0c3ZFS2k4OWhWYlRoR2ZCbjlIb2xrT29nU28tN0pzemtFbmFvM0xLOVExRlUtZDMtTmszWGtmeWxWSjR6bHFOQXZ0U3ZXV2Rld2hNTXZNZTdKYTNMWFVxSVduV05JRkNwdXlXUXhMRS1zMjJJdl9PWmNiT1FZb1hGMGNwYzAw?oc=5),Choque entre la Alcaldía de Montería y Metrosinú por aumento de la tarifa del transporte público Caracol Radio,b6a7c44cff0abe331ed87bcbfb710a3a2fb441711eb702ff8103c627903ade3f,2026-08-13 17:04:55
125,🟡 Pendiente (Verificar Noticia),2026-08-13,2026-08-13,Hora 13 Noticias,Bus que venía para Medellín terminó volcado y dejó dos mujeres muertas y varios heridos - Hora 13 Noticias,Montería (Casco Urbano / Sector en investigación),Montería (Casco Urbano / Sector en investigación),,Montería,Bus / Transporte Público,0,1,Baja (Centroide General Montería),8.7508,-75.8814,https://news.google.com/rss/articles/CBMiqAFBVV95cUxOc2Q3SVpHSmx3VDlNUVN4UGZCTTZQZzBERnZjSnBPbUJMYjBsYnUwX3dYdHl1Z0Q0UC1TLUNKelBoUUN3UlRCSHVVT0FFLXl2QWh6VEhGd0xNVXAxZjRUbzhNamhESVBGS05tNjcxQTl1WDN6czlGakFvWXpBVktWWGx1SWp5dVVXMmxNVEREYnZHTUs0ZERqS3lDSE5SdGlYWmtJQXROTkk?oc=5,"<a href=""https://news.google.com/rss/articles/CBMiqAFBVV95cUxOc2Q3SVpHSmx3VDlNUVN4UGZCTTZQZzBERnZjSnBPbUJMYjBsYnUwX3dYdHl1Z0Q0UC1TLUNKelBoUUN3UlRCSHVVT0FFLXl2QWh6VEhGd0xNVXAxZjRUbzhNamhESVBGS05tNjcxQTl1WDN6czlGakFvWXpBVktWWGx1SWp5dVVXMmxNVEREYnZHTUs0ZERqS3lDSE5SdGlYWmtJQXROTkk?oc=5"" target=""_blank"" class=""btn-link"">🔗 Abrir Noticia</a>",[🔗 Abrir Noticia](https://news.google.com/rss/articles/CBMiqAFBVV95cUxOc2Q3SVpHSmx3VDlNUVN4UGZCTTZQZzBERnZjSnBPbUJMYjBsYnUwX3dYdHl1Z0Q0UC1TLUNKelBoUUN3UlRCSHVVT0FFLXl2QWh6VEhGd0xNVXAxZjRUbzhNamhESVBGS05tNjcxQTl1WDN6czlGakFvWXpBVktWWGx1SWp5dVVXMmxNVEREYnZHTUs0ZERqS3lDSE5SdGlYWmtJQXROTkk?oc=5),Bus que venía para Medellín terminó volcado y dejó dos mujeres muertas y varios heridos Hora 13 Noticias,59e665668bf8ebc2f3ac1815f23de29215e0ef04c9d3a60c805bbc2a48205874,2026-08-13 17:04:55
126,🟡 Pendiente (Verificar Noticia),2026-08-13,2026-08-13,ELHERALDO.CO,Aparatoso choque entre un tractocamión y un bus en vías de Córdoba deja varios muertos y heridos - ELHERALDO.CO,Montería (Casco Urbano / Sector en investigación),Montería (Casco Urbano / Sector en investigación),,Montería,"Camión / Carga, Bus / Transporte Público",1,1,Baja (Centroide General Montería),8.7508,-75.8814,https://news.google.com/rss/articles/CBMisAFBVV95cUxQQlZjVDJNSlVKZl92Q0FMS3JjQmpfVjVEMTZmdl9CbjlYLWlaUDYwM2RpX0hSR0NmUkxqRERNdEc3N1hkYzNUYnRBZXAydm1pV2kycXNobk1FVTBINmtVSVRqX01Dbm1BNEdFNl9xazVhcFU5WXUtQUhQS1VJRnI1OEJ4OFdubExyYUgyN3E5cmQtVGlPZkdIZ05qVG9LeFoyMlNEcC16UDZhRzVWMWE0c9IBywFBVV95cUxOSm8xQjJsTlltLWkwVjZlMm51dVU0cTBsZElHX2VoaXJ3bF9DemtOejg2UVdQcGx1cFdDYnZBVTk5UnJzUzYwZTg0T3pHODZydkxHXzZhaVN6WVFaaDN5c1lNandKcTBqaXUwbW1qck9UWjJpaWxwQTBvWngyWmsyb0JCYUN5RG9PalYwaERyaFRHdUpTOVdVVUR5WHpPWXREVF81RzBRMTd6WkdrYzFsN2pUOHRlLTh3WkdfZnAwcVBqMnNkNlNGT1lQWQ?oc=5,"<a href=""https://news.google.com/rss/articles/CBMisAFBVV95cUxQQlZjVDJNSlVKZl92Q0FMS3JjQmpfVjVEMTZmdl9CbjlYLWlaUDYwM2RpX0hSR0NmUkxqRERNdEc3N1hkYzNUYnRBZXAydm1pV2kycXNobk1FVTBINmtVSVRqX01Dbm1BNEdFNl9xazVhcFU5WXUtQUhQS1VJRnI1OEJ4OFdubExyYUgyN3E5cmQtVGlPZkdIZ05qVG9LeFoyMlNEcC16UDZhRzVWMWE0c9IBywFBVV95cUxOSm8xQjJsTlltLWkwVjZlMm51dVU0cTBsZElHX2VoaXJ3bF9DemtOejg2UVdQcGx1cFdDYnZBVTk5UnJzUzYwZTg0T3pHODZydkxHXzZhaVN6WVFaaDN5c1lNandKcTBqaXUwbW1qck9UWjJpaWxwQTBvWngyWmsyb0JCYUN5RG9PalYwaERyaFRHdUpTOVdVVUR5WHpPWXREVF81RzBRMTd6WkdrYzFsN2pUOHRlLTh3WkdfZnAwcVBqMnNkNlNGT1lQWQ?oc=5"" target=""_blank"" class=""btn-link"">🔗 Abrir Noticia</a>",[🔗 Abrir Noticia](https://news.google.com/rss/articles/CBMisAFBVV95cUxQQlZjVDJNSlVKZl92Q0FMS3JjQmpfVjVEMTZmdl9CbjlYLWlaUDYwM2RpX0hSR0NmUkxqRERNdEc3N1hkYzNUYnRBZXAydm1pV2kycXNobk1FVTBINmtVSVRqX01Dbm1BNEdFNl9xazVhcFU5WXUtQUhQS1VJRnI1OEJ4OFdubExyYUgyN3E5cmQtVGlPZkdIZ05qVG9LeFoyMlNEcC16UDZhRzVWMWE0c9IBywFBVV95cUxOSm8xQjJsTlltLWkwVjZlMm51dVU0cTBsZElHX2VoaXJ3bF9DemtOejg2UVdQcGx1cFdDYnZBVTk5UnJzUzYwZTg0T3pHODZydkxHXzZhaVN6WVFaaDN5c1lNandKcTBqaXUwbW1qck9UWjJpaWxwQTBvWngyWmsyb0JCYUN5RG9PalYwaERyaFRHdUpTOVdVVUR5WHpPWXREVF81RzBRMTd6WkdrYzFsN2pUOHRlLTh3WkdfZnAwcVBqMnNkNlNGT1lQWQ?oc=5),Aparatoso choque entre un tractocamión y un bus en vías de Córdoba deja varios muertos y heridos ELHERALDO.CO,f98e0ea12125114602286ffc69f9aac814fddb9a13a79e430d93553326b7c58d,2026-08-13 17:04:55
127,🟡 Pendiente (Verificar Noticia),2026-08-13,2026-08-13,facebook.com,"Dos fallecidos en Córdoba: uno en un accidente, otro mientras hacía deporte - facebook.com",Montería (Casco Urbano / Sector en investigación),Montería (Casco Urbano / Sector en investigación),,Montería,No especificado,0,0,Baja (Centroide General Montería),8.7508,-75.8814,https://news.google.com/rss/articles/CBMi3gFBVV95cUxOLVRNWWtDS2UxT3R0dGR1SjBFbGEtZWFuNkNyanV5SFRpcHpvdWdDVU1zc3JHLWp1Z200NkRQaWY0c3ktaWkwQ2d5MUpUOGJucjJreGJKT05zWlBkVk5nZzQ1MlFPbXF4ZWRHX0UzQkszSm9hZFZyVmRLR3M4cjZBNlFUNnRPYmo2NU1OZS1pdTI2Z0FZM09HcmNxSlNpN0FuNmJOUzR3b2t1YnluMUUxcmdpZUE4SGIzY2dVbkJvVW5SWkIwZ2tRWnVGY0dSTjliSndHRHl0bnNlUWVzMlE?oc=5,"<a href=""https://news.google.com/rss/articles/CBMi3gFBVV95cUxOLVRNWWtDS2UxT3R0dGR1SjBFbGEtZWFuNkNyanV5SFRpcHpvdWdDVU1zc3JHLWp1Z200NkRQaWY0c3ktaWkwQ2d5MUpUOGJucjJreGJKT05zWlBkVk5nZzQ1MlFPbXF4ZWRHX0UzQkszSm9hZFZyVmRLR3M4cjZBNlFUNnRPYmo2NU1OZS1pdTI2Z0FZM09HcmNxSlNpN0FuNmJOUzR3b2t1YnluMUUxcmdpZUE4SGIzY2dVbkJvVW5SWkIwZ2tRWnVGY0dSTjliSndHRHl0bnNlUWVzMlE?oc=5"" target=""_blank"" class=""btn-link"">🔗 Abrir Noticia</a>",[🔗 Abrir Noticia](https://news.google.com/rss/articles/CBMi3gFBVV95cUxOLVRNWWtDS2UxT3R0dGR1SjBFbGEtZWFuNkNyanV5SFRpcHpvdWdDVU1zc3JHLWp1Z200NkRQaWY0c3ktaWkwQ2d5MUpUOGJucjJreGJKT05zWlBkVk5nZzQ1MlFPbXF4ZWRHX0UzQkszSm9hZFZyVmRLR3M4cjZBNlFUNnRPYmo2NU1OZS1pdTI2Z0FZM09HcmNxSlNpN0FuNmJOUzR3b2t1YnluMUUxcmdpZUE4SGIzY2dVbkJvVW5SWkIwZ2tRWnVGY0dSTjliSndHRHl0bnNlUWVzMlE?oc=5),"Dos fallecidos en Córdoba: uno en un accidente, otro mientras hacía deporte facebook.com",b5267f6e7571e41c3a1c23188c6175d7089a0ace014cc1625417806424fa0275,2026-08-13 17:04:55
128,🟡 Pendiente (Verificar Noticia),2026-08-13,2026-08-13,larazon.co,Choque fatal en vía Cereté-San Pelayo deja dos personas muertas y una herida - larazon.co,"Municipio de Cereté, Córdoba","Municipio de Cereté, Córdoba",,Cereté,No especificado,0,1,Media (Centroide Municipio Córdoba),8.8844,-75.7908,https://news.google.com/rss/articles/CBMijwFBVV95cUxNNWM0X0FQRTZuYW1QUUxqbFVtd0drc0hRQ2ZhRndhbnB3T2FOMTFOYWNtdXFLZUNWNi11aUt6Y2NkelR5Zi1Sa1cza0NfMzZnWUk1R3MwdlVoMFZxV01jZlZ4U2liTGNLbkFrczRSTGVIM3MzWEFlYlR3dV9MSm9LaDdITkttT0ZWTEU3Vlg3cw?oc=5,"<a href=""https://news.google.com/rss/articles/CBMijwFBVV95cUxNNWM0X0FQRTZuYW1QUUxqbFVtd0drc0hRQ2ZhRndhbnB3T2FOMTFOYWNtdXFLZUNWNi11aUt6Y2NkelR5Zi1Sa1cza0NfMzZnWUk1R3MwdlVoMFZxV01jZlZ4U2liTGNLbkFrczRSTGVIM3MzWEFlYlR3dV9MSm9LaDdITkttT0ZWTEU3Vlg3cw?oc=5"" target=""_blank"" class=""btn-link"">🔗 Abrir Noticia</a>",[🔗 Abrir Noticia](https://news.google.com/rss/articles/CBMijwFBVV95cUxNNWM0X0FQRTZuYW1QUUxqbFVtd0drc0hRQ2ZhRndhbnB3T2FOMTFOYWNtdXFLZUNWNi11aUt6Y2NkelR5Zi1Sa1cza0NfMzZnWUk1R3MwdlVoMFZxV01jZlZ4U2liTGNLbkFrczRSTGVIM3MzWEFlYlR3dV9MSm9LaDdITkttT0ZWTEU3Vlg3cw?oc=5),Choque fatal en vía Cereté-San Pelayo deja dos personas muertas y una herida larazon.co,816233f58e1fe72906be18247935afe7b2b6d0bae869cba22845f2e4d6836a23,2026-08-13 17:04:55
129,🟡 Pendiente (Verificar Noticia),2026-08-13,2026-08-13,ELHERALDO.CO,Accidente en el sur de Córdoba: un muerto y al menos 10 heridos - ELHERALDO.CO,Montería (Casco Urbano / Sector en investigación),Montería (Casco Urbano / Sector en investigación),,Montería,No especificado,1,1,Baja (Centroide General Montería),8.7508,-75.8814,https://news.google.com/rss/articles/CBMitAFBVV95cUxOaWxic3JIc0VkVlh5MkJRc1Z0YnJIM0VnNkR0VUt1SElJWXQ5aWxSSnBqWk9aTTVuSlhKak1ROUpfZnRaZWE0U3lqLXh2YTBOWG5HOXB3OTN6VDROb0xwekJ4QWtUeDBUVXlFSE1CajZyVUVKVHNLRTdsZ0JFZGlfdGVuZFJVM2tyTVdQTDAyUF9RdVE0enJhWnBLeWVHNFFSX1VwZlUtbWM1bktBSnVSRGRuRXnSAc8BQVVfeXFMTklISlZ5Qkd2aGIwR0U4VU1TYmNFeGJfc3BkenpoUHV6YWRzdmUyWW1vVlFUaC11a0dkVGdnbWNzUldfRk9pZ3d1enA2SUotcml2MEh4TmVSTGJ1d3JlNWt3MTVVSktLdV8xVXlUa280SGJ1ODdsLWFpbldhZElEdmNoWGlYc2ZwRWlZUkVVaHFac25Mc3ZzRmR4M2JMZHBOSDR0WDVBWkg2b0Y5Z3p1NWl1N25MT09EZ0I2R2d3b0RMNm1UXzQyQ3hJTGJrQnZv?oc=5,"<a href=""https://news.google.com/rss/articles/CBMitAFBVV95cUxOaWxic3JIc0VkVlh5MkJRc1Z0YnJIM0VnNkR0VUt1SElJWXQ5aWxSSnBqWk9aTTVuSlhKak1ROUpfZnRaZWE0U3lqLXh2YTBOWG5HOXB3OTN6VDROb0xwekJ4QWtUeDBUVXlFSE1CajZyVUVKVHNLRTdsZ0JFZGlfdGVuZFJVM2tyTVdQTDAyUF9RdVE0enJhWnBLeWVHNFFSX1VwZlUtbWM1bktBSnVSRGRuRXnSAc8BQVVfeXFMTklISlZ5Qkd2aGIwR0U4VU1TYmNFeGJfc3BkenpoUHV6YWRzdmUyWW1vVlFUaC11a0dkVGdnbWNzUldfRk9pZ3d1enA2SUotcml2MEh4TmVSTGJ1d3JlNWt3MTVVSktLdV8xVXlUa280SGJ1ODdsLWFpbldhZElEdmNoWGlYc2ZwRWlZUkVVaHFac25Mc3ZzRmR4M2JMZHBOSDR0WDVBWkg2b0Y5Z3p1NWl1N25MT09EZ0I2R2d3b0RMNm1UXzQyQ3hJTGJrQnZv?oc=5"" target=""_blank"" class=""btn-link"">🔗 Abrir Noticia</a>",[🔗 Abrir Noticia](https://news.google.com/rss/articles/CBMitAFBVV95cUxOaWxic3JIc0VkVlh5MkJRc1Z0YnJIM0VnNkR0VUt1SElJWXQ5aWxSSnBqWk9aTTVuSlhKak1ROUpfZnRaZWE0U3lqLXh2YTBOWG5HOXB3OTN6VDROb0xwekJ4QWtUeDBUVXlFSE1CajZyVUVKVHNLRTdsZ0JFZGlfdGVuZFJVM2tyTVdQTDAyUF9RdVE0enJhWnBLeWVHNFFSX1VwZlUtbWM1bktBSnVSRGRuRXnSAc8BQVVfeXFMTklISlZ5Qkd2aGIwR0U4VU1TYmNFeGJfc3BkenpoUHV6YWRzdmUyWW1vVlFUaC11a0dkVGdnbWNzUldfRk9pZ3d1enA2SUotcml2MEh4TmVSTGJ1d3JlNWt3MTVVSktLdV8xVXlUa280SGJ1ODdsLWFpbldhZElEdmNoWGlYc2ZwRWlZUkVVaHFac25Mc3ZzRmR4M2JMZHBOSDR0WDVBWkg2b0Y5Z3p1NWl1N25MT09EZ0I2R2d3b0RMNm1UXzQyQ3hJTGJrQnZv?oc=5),Accidente en el sur de Córdoba: un muerto y al menos 10 heridos ELHERALDO.CO,5d25159322341b5c68968d91052eeae5c7e2d14f1af2168f739d4592a05ae72a,2026-08-13 17:04:55
130,🟡 Pendiente (Verificar Noticia),2026-08-13,2026-08-13,Blu Radio,Conductor y enfermero de una ambulancia murieron en accidente de tránsito en San Pedro de Urabá - Blu Radio,Montería (Casco Urbano / Sector en investigación),Montería (Casco Urbano / Sector en investigación),,Montería,No especificado,1,0,Baja (Centroide General Montería),8.7508,-75.8814,https://news.google.com/rss/articles/CBMi2gFBVV95cUxNM0lYQVRPekJXUjE5YVB6dXdBbk1JOUpBVDhHYUhIRW94RzhneV9uUEdMc0VzdnhQOXMtZVlvb2RISlhPVWpFSUg1YlZMeVBSQkVJRzFpYnhDUjlJc0lGajlSa21UVG1BR0hGRnlHQkdlN1ROUm5DakdRbzcwcVVST3ZobFF0eS1XdnF0SkdERG1YUzNycjB4Z1NOV29JTXR0Yi1QS1l0UE9TOGxNTUtTZGQ0OVdhSTlJNlZoRTZNNUNqQ19GZWVOem1fU1I2bmFXZmZna2xhaXVfQdIB5wFBVV95cUxOd3VSNmFTcExMYVNEb1Y0SjgtdktLbnFKY2RCV2VSSVY1M0M5cERLTVFUTFFrUXBEOXB3YWtxclRfeGNtSWNoSTdVcDI3SmJvdFVHazYzdTg5UjRiYTZFbTZyRHB1VDFvMDJwVHFBRkpmUlFRNENQcDVYWjdrZ1RERkpHZWU2LWxsTDZGeVJLQ0gtRURBMkF0UXFyWkNwUDZpcUhsUEdpN1VXenVCbjVJVXpKR3NHWE9UVzU3eGplYXVyUUZCWEl0QWFpS0FHUllDUG00NHBwdGpGeGZvelZnTXkxWlVCQ0k?oc=5,"<a href=""https://news.google.com/rss/articles/CBMi2gFBVV95cUxNM0lYQVRPekJXUjE5YVB6dXdBbk1JOUpBVDhHYUhIRW94RzhneV9uUEdMc0VzdnhQOXMtZVlvb2RISlhPVWpFSUg1YlZMeVBSQkVJRzFpYnhDUjlJc0lGajlSa21UVG1BR0hGRnlHQkdlN1ROUm5DakdRbzcwcVVST3ZobFF0eS1XdnF0SkdERG1YUzNycjB4Z1NOV29JTXR0Yi1QS1l0UE9TOGxNTUtTZGQ0OVdhSTlJNlZoRTZNNUNqQ19GZWVOem1fU1I2bmFXZmZna2xhaXVfQdIB5wFBVV95cUxOd3VSNmFTcExMYVNEb1Y0SjgtdktLbnFKY2RCV2VSSVY1M0M5cERLTVFUTFFrUXBEOXB3YWtxclRfeGNtSWNoSTdVcDI3SmJvdFVHazYzdTg5UjRiYTZFbTZyRHB1VDFvMDJwVHFBRkpmUlFRNENQcDVYWjdrZ1RERkpHZWU2LWxsTDZGeVJLQ0gtRURBMkF0UXFyWkNwUDZpcUhsUEdpN1VXenVCbjVJVXpKR3NHWE9UVzU3eGplYXVyUUZCWEl0QWFpS0FHUllDUG00NHBwdGpGeGZvelZnTXkxWlVCQ0k?oc=5"" target=""_blank"" class=""btn-link"">🔗 Abrir Noticia</a>",[🔗 Abrir Noticia](https://news.google.com/rss/articles/CBMi2gFBVV95cUxNM0lYQVRPekJXUjE5YVB6dXdBbk1JOUpBVDhHYUhIRW94RzhneV9uUEdMc0VzdnhQOXMtZVlvb2RISlhPVWpFSUg1YlZMeVBSQkVJRzFpYnhDUjlJc0lGajlSa21UVG1BR0hGRnlHQkdlN1ROUm5DakdRbzcwcVVST3ZobFF0eS1XdnF0SkdERG1YUzNycjB4Z1NOV29JTXR0Yi1QS1l0UE9TOGxNTUtTZGQ0OVdhSTlJNlZoRTZNNUNqQ19GZWVOem1fU1I2bmFXZmZna2xhaXVfQdIB5wFBVV95cUxOd3VSNmFTcExMYVNEb1Y0SjgtdktLbnFKY2RCV2VSSVY1M0M5cERLTVFUTFFrUXBEOXB3YWtxclRfeGNtSWNoSTdVcDI3SmJvdFVHazYzdTg5UjRiYTZFbTZyRHB1VDFvMDJwVHFBRkpmUlFRNENQcDVYWjdrZ1RERkpHZWU2LWxsTDZGeVJLQ0gtRURBMkF0UXFyWkNwUDZpcUhsUEdpN1VXenVCbjVJVXpKR3NHWE9UVzU3eGplYXVyUUZCWEl0QWFpS0FHUllDUG00NHBwdGpGeGZvelZnTXkxWlVCQ0k?oc=5),Conductor y enfermero de una ambulancia murieron en accidente de tránsito en San Pedro de Urabá Blu Radio,b707fe6d0402e620462ff271b90ca0d91aba68f8c00c62aad677b568bd2b89d5,2026-08-13 17:04:55
131,🟢 Verificada / Específica,2026-08-13,2026-08-13,radiohoy.com,Choque de moto y bus dejó un muerto en la Troncal del Caribe - radiohoy.com,"Sector/Barrio Troncal del Caribe, Montería","Sector/Barrio Troncal del Caribe, Montería",Troncal del Caribe,Montería,"Motocicleta, Bus / Transporte Público",1,0,Alta (Centroide Hito/Barrio Verificado),8.762,-75.842,https://news.google.com/rss/articles/CBMipwFBVV95cUxPLS1PcWhSZzl2Wl9NOEd6Q0I1QVNrVkNJajJDU0VEWFpmMlhaemN4WVhzdlYyX1FYSU5PeXQ3M2FISno0UW9PU3RFMTBRNzJJTEh4aTlkM3NZbVl1NkVlVFJEWWZoNUdid1RFcERPdnRYQWNRaEhpbzkyek13MF92Tk5zU0g2UVhRV2JxMjdNLVA4XzU2T0tGeERieU9GRGw2ejFPVDRyaw?oc=5,"<a href=""https://news.google.com/rss/articles/CBMipwFBVV95cUxPLS1PcWhSZzl2Wl9NOEd6Q0I1QVNrVkNJajJDU0VEWFpmMlhaemN4WVhzdlYyX1FYSU5PeXQ3M2FISno0UW9PU3RFMTBRNzJJTEh4aTlkM3NZbVl1NkVlVFJEWWZoNUdid1RFcERPdnRYQWNRaEhpbzkyek13MF92Tk5zU0g2UVhRV2JxMjdNLVA4XzU2T0tGeERieU9GRGw2ejFPVDRyaw?oc=5"" target=""_blank"" class=""btn-link"">🔗 Abrir Noticia</a>",[🔗 Abrir Noticia](https://news.google.com/rss/articles/CBMipwFBVV95cUxPLS1PcWhSZzl2Wl9NOEd6Q0I1QVNrVkNJajJDU0VEWFpmMlhaemN4WVhzdlYyX1FYSU5PeXQ3M2FISno0UW9PU3RFMTBRNzJJTEh4aTlkM3NZbVl1NkVlVFJEWWZoNUdid1RFcERPdnRYQWNRaEhpbzkyek13MF92Tk5zU0g2UVhRV2JxMjdNLVA4XzU2T0tGeERieU9GRGw2ejFPVDRyaw?oc=5),Choque de moto y bus dejó un muerto en la Troncal del Caribe radiohoy.com,abfe783b8fd7cf296db6e37984cdb166ff317959f4e10b17af5223735b7f2016,2026-08-13 17:04:55
132,🟡 Pendiente (Verificar Noticia),2026-08-13,2026-08-13,Chica Noticias,Dos jóvenes perdieron la vida tras brutal choque contra un camión en la vía Cereté - Ciénaga de Oro - Chica Noticias,"Municipio de Cereté, Córdoba","Municipio de Cereté, Córdoba",,Cereté,Camión / Carga,1,0,Media (Centroide Municipio Córdoba),8.8844,-75.7908,https://news.google.com/rss/articles/CBMickFVX3lxTE5zUEVxSW5Fd0c3MFY2bXlYemY1YWpORE9JcWxJaWVla1ZicWZGdUVXcEVzT1FqTFNsTDFXNml3TzZ6YkZqX1dQWVp1NThMT05oVURWNUZzWm8wdVZpRTluV21uVXhRLXNqUHlmWWlBR0VWUQ?oc=5,"<a href=""https://news.google.com/rss/articles/CBMickFVX3lxTE5zUEVxSW5Fd0c3MFY2bXlYemY1YWpORE9JcWxJaWVla1ZicWZGdUVXcEVzT1FqTFNsTDFXNml3TzZ6YkZqX1dQWVp1NThMT05oVURWNUZzWm8wdVZpRTluV21uVXhRLXNqUHlmWWlBR0VWUQ?oc=5"" target=""_blank"" class=""btn-link"">🔗 Abrir Noticia</a>",[🔗 Abrir Noticia](https://news.google.com/rss/articles/CBMickFVX3lxTE5zUEVxSW5Fd0c3MFY2bXlYemY1YWpORE9JcWxJaWVla1ZicWZGdUVXcEVzT1FqTFNsTDFXNml3TzZ6YkZqX1dQWVp1NThMT05oVURWNUZzWm8wdVZpRTluV21uVXhRLXNqUHlmWWlBR0VWUQ?oc=5),Dos jóvenes perdieron la vida tras brutal choque contra un camión en la vía Cereté - Ciénaga de Oro Chica Noticias,4c2f16941ed25609b856f7810bd942762a0a5fbdf972f6a24cc590009305094f,2026-08-13 17:04:55
133,🟢 Verificada / Específica,2026-08-13,2026-08-13,rionoticias.co,Dos muertos en la vía Planeta Rica-Montería: una de las víctimas era estudiante de Unicor - rionoticias.co,"Sector/Barrio Unicor, Montería","Sector/Barrio Unicor, Montería",Unicor,Montería,No especificado,1,0,Alta (Centroide Hito/Barrio Verificado),8.784,-75.857,https://news.google.com/rss/articles/CBMisgFBVV95cUxNb096OXpZSHl3WU1jTS02aXQxZmNGTDBwamQ3TDVhN1BLRE1rVlUxQk9pNGdvZFBaQWNJR04wa243aWhSQ1ZvdkxaSXZVVG54TVhfY0djQ3o2WFhyZ29kXzhnSjBZaC1LN2hqRUFpcERqZWduNUFFb3Nsd245aUVXT2ctdVdqVmx2c0lxN2ZlZjZPVjJBZ3ZjSlp6Mk43c1RlbnIyeTBwUlUtSmlldmJFTk9B0gG3AUFVX3lxTE5vRTlWWXJncXV2V2hUeGE2LWZvSXZoNmZTd3dGaWdDVzRaQjd2NTZWcUJqUjk0NGNfUHhFcnZIdUE0YXBDRzV5aWt5b1NfbWRzSnRGbXk3cEc0N3NNWlJreTVzRjY4T3B5QlMzVHhTdlhwV3gtR05ucjZRS2ltQUZJdVhOc05hcDd2TzN6S3RuN2xkTWNtaGYxNzlpZ1c0QU1RdkN1MXNzRGVlZ1RkeFFTWnFNLUxCTQ?oc=5,"<a href=""https://news.google.com/rss/articles/CBMisgFBVV95cUxNb096OXpZSHl3WU1jTS02aXQxZmNGTDBwamQ3TDVhN1BLRE1rVlUxQk9pNGdvZFBaQWNJR04wa243aWhSQ1ZvdkxaSXZVVG54TVhfY0djQ3o2WFhyZ29kXzhnSjBZaC1LN2hqRUFpcERqZWduNUFFb3Nsd245aUVXT2ctdVdqVmx2c0lxN2ZlZjZPVjJBZ3ZjSlp6Mk43c1RlbnIyeTBwUlUtSmlldmJFTk9B0gG3AUFVX3lxTE5vRTlWWXJncXV2V2hUeGE2LWZvSXZoNmZTd3dGaWdDVzRaQjd2NTZWcUJqUjk0NGNfUHhFcnZIdUE0YXBDRzV5aWt5b1NfbWRzSnRGbXk3cEc0N3NNWlJreTVzRjY4T3B5QlMzVHhTdlhwV3gtR05ucjZRS2ltQUZJdVhOc05hcDd2TzN6S3RuN2xkTWNtaGYxNzlpZ1c0QU1RdkN1MXNzRGVlZ1RkeFFTWnFNLUxCTQ?oc=5"" target=""_blank"" class=""btn-link"">🔗 Abrir Noticia</a>",[🔗 Abrir Noticia](https://news.google.com/rss/articles/CBMisgFBVV95cUxNb096OXpZSHl3WU1jTS02aXQxZmNGTDBwamQ3TDVhN1BLRE1rVlUxQk9pNGdvZFBaQWNJR04wa243aWhSQ1ZvdkxaSXZVVG54TVhfY0djQ3o2WFhyZ29kXzhnSjBZaC1LN2hqRUFpcERqZWduNUFFb3Nsd245aUVXT2ctdVdqVmx2c0lxN2ZlZjZPVjJBZ3ZjSlp6Mk43c1RlbnIyeTBwUlUtSmlldmJFTk9B0gG3AUFVX3lxTE5vRTlWWXJncXV2V2hUeGE2LWZvSXZoNmZTd3dGaWdDVzRaQjd2NTZWcUJqUjk0NGNfUHhFcnZIdUE0YXBDRzV5aWt5b1NfbWRzSnRGbXk3cEc0N3NNWlJreTVzRjY4T3B5QlMzVHhTdlhwV3gtR05ucjZRS2ltQUZJdVhOc05hcDd2TzN6S3RuN2xkTWNtaGYxNzlpZ1c0QU1RdkN1MXNzRGVlZ1RkeFFTWnFNLUxCTQ?oc=5),Dos muertos en la vía Planeta Rica-Montería: una de las víctimas era estudiante de Unicor rionoticias.co,ca9599ec703229c883b52898de6d8f195a8481d9a0548c7398ac9db749d8ff06,2026-08-13 17:04:55
134,🟡 Pendiente (Verificar Noticia),2026-08-13,2026-08-13,Chica Noticias,Falleció el tercer menor involucrado en choque de motos en Montelíbano - Chica Noticias,"Municipio de Montelíbano, Córdoba","Municipio de Montelíbano, Córdoba",,Montelíbano,No especificado,1,0,Media (Centroide Municipio Córdoba),7.9786,-75.4189,https://news.google.com/rss/articles/CBMisgFBVV95cUxNVE9qbWxIZGNlMHRqRWQ3SHJldzRtNWp0UXlrUlVKSngyanhHbEo5dTg3NUl0RHp6T1JGdFpYQ3NwWmxoSmpGaDhadkczNU0zRUxuMzZpYnpwVTI4WGtLeHNqRDNoZEUtQzFHcHYxYnhvZ04xSVBGaF9rV2R6OEExSGtFNE95VlZWMGZ1SUJ0QW5tR2JidzdrcHNtYUtYbm9WeVc2eS1Wd0o2UEtGUWJwZWhn?oc=5,"<a href=""https://news.google.com/rss/articles/CBMisgFBVV95cUxNVE9qbWxIZGNlMHRqRWQ3SHJldzRtNWp0UXlrUlVKSngyanhHbEo5dTg3NUl0RHp6T1JGdFpYQ3NwWmxoSmpGaDhadkczNU0zRUxuMzZpYnpwVTI4WGtLeHNqRDNoZEUtQzFHcHYxYnhvZ04xSVBGaF9rV2R6OEExSGtFNE95VlZWMGZ1SUJ0QW5tR2JidzdrcHNtYUtYbm9WeVc2eS1Wd0o2UEtGUWJwZWhn?oc=5"" target=""_blank"" class=""btn-link"">🔗 Abrir Noticia</a>",[🔗 Abrir Noticia](https://news.google.com/rss/articles/CBMisgFBVV95cUxNVE9qbWxIZGNlMHRqRWQ3SHJldzRtNWp0UXlrUlVKSngyanhHbEo5dTg3NUl0RHp6T1JGdFpYQ3NwWmxoSmpGaDhadkczNU0zRUxuMzZpYnpwVTI4WGtLeHNqRDNoZEUtQzFHcHYxYnhvZ04xSVBGaF9rV2R6OEExSGtFNE95VlZWMGZ1SUJ0QW5tR2JidzdrcHNtYUtYbm9WeVc2eS1Wd0o2UEtGUWJwZWhn?oc=5),Falleció el tercer menor involucrado en choque de motos en Montelíbano Chica Noticias,34afe629679cb4e933cab9f0225528ae1fd475bd1f1aaf0bca73a04f6d3d598e,2026-08-13 17:04:55
135,🟡 Pendiente (Verificar Noticia),2026-08-13,2026-08-13,Chica Noticias,¡Carreteras de luto! Dos muertos y más de 10 heridos en violento fin de semana vial en Córdoba - Chica Noticias,Montería (Casco Urbano / Sector en investigación),Montería (Casco Urbano / Sector en investigación),,Montería,No especificado,1,1,Baja (Centroide General Montería),8.7508,-75.8814,https://news.google.com/rss/articles/CBMifkFVX3lxTFA5ZmFid2Jpbm5OSXB2TWNaQ2wtZUh2d2VxN0ROck5sUldCVzJ6YzFPUVVVMlVyOWszMlZDb0VOWFN5OFJPYmJYVERibF8tNVNzUHdSSHNveTVLNEhVaS1HVzRyNTBidXpacE5VT2FaQm82cW9tdUxrR0JVZlRfdw?oc=5,"<a href=""https://news.google.com/rss/articles/CBMifkFVX3lxTFA5ZmFid2Jpbm5OSXB2TWNaQ2wtZUh2d2VxN0ROck5sUldCVzJ6YzFPUVVVMlVyOWszMlZDb0VOWFN5OFJPYmJYVERibF8tNVNzUHdSSHNveTVLNEhVaS1HVzRyNTBidXpacE5VT2FaQm82cW9tdUxrR0JVZlRfdw?oc=5"" target=""_blank"" class=""btn-link"">🔗 Abrir Noticia</a>",[🔗 Abrir Noticia](https://news.google.com/rss/articles/CBMifkFVX3lxTFA5ZmFid2Jpbm5OSXB2TWNaQ2wtZUh2d2VxN0ROck5sUldCVzJ6YzFPUVVVMlVyOWszMlZDb0VOWFN5OFJPYmJYVERibF8tNVNzUHdSSHNveTVLNEhVaS1HVzRyNTBidXpacE5VT2FaQm82cW9tdUxrR0JVZlRfdw?oc=5),¡Carreteras de luto! Dos muertos y más de 10 heridos en violento fin de semana vial en Córdoba Chica Noticias,1dc6a269cbc65766fb8f1e512eba593a46ad887fe6567068cc0fdd555e7966f1,2026-08-13 17:04:55
136,🟡 Pendiente (Verificar Noticia),2026-08-13,2026-08-13,Eluniversal.com.co,4 muertos y 13 heridos dejó fuerte choque entre bus de Brasilia y ambulancia - Eluniversal.com.co,Montería (Casco Urbano / Sector en investigación),Montería (Casco Urbano / Sector en investigación),,Montería,Bus / Transporte Público,1,1,Baja (Centroide General Montería),8.7508,-75.8814,https://news.google.com/rss/articles/CBMixgFBVV95cUxNelgtQlVJc19hR1c0NXBIQnJFOVFxZmhBTFRlNUtzMU82cXlQdk1HRTEyYnF0YTJyZjNJOC1IY2hyQ0JUVldHcDBVYTFkZ1NwSTlranJzTjItXzRLSFdhbXJ0eWdpNF9pNll3T05rQUR4WjdfeVR6cndVd2tES1ZKLU9aem5WR2lmQmpQSXBjUHRhLWVHdHptTEttcVd6NjUyTTZHYUN1bFhuZUNRWUJDYVM2SzZwV1Q3bW5namJIYTE5QWFvelHSAdoBQVVfeXFMTTJobVFqT1F2ajJ6cks0dTlKZ1hhYXpGMjBTU1liSmJrOGJRN2ZSRGY0UU1ZUnRKMWdOUno0Ykd0UHBuSkJBbTRCMGtUR2dzQW5wQ0kzT1gxVHRrVE5zVHJyWjV1bDMwSlZzQ3lLNy1SSmZPdm1ubnc1dEFCNnRWeDhMTC1HMi15QlFETXljM3NONnJRbFB4dVlBcXFwb1pDXzY4dUJDcDNlNFlXbm1rQnJqUENUZUdkU3hzMm9OX2N4eEVqN1VwZ1NHX2gyVHh0SlRUd2duOEJWUVE?oc=5,"<a href=""https://news.google.com/rss/articles/CBMixgFBVV95cUxNelgtQlVJc19hR1c0NXBIQnJFOVFxZmhBTFRlNUtzMU82cXlQdk1HRTEyYnF0YTJyZjNJOC1IY2hyQ0JUVldHcDBVYTFkZ1NwSTlranJzTjItXzRLSFdhbXJ0eWdpNF9pNll3T05rQUR4WjdfeVR6cndVd2tES1ZKLU9aem5WR2lmQmpQSXBjUHRhLWVHdHptTEttcVd6NjUyTTZHYUN1bFhuZUNRWUJDYVM2SzZwV1Q3bW5namJIYTE5QWFvelHSAdoBQVVfeXFMTTJobVFqT1F2ajJ6cks0dTlKZ1hhYXpGMjBTU1liSmJrOGJRN2ZSRGY0UU1ZUnRKMWdOUno0Ykd0UHBuSkJBbTRCMGtUR2dzQW5wQ0kzT1gxVHRrVE5zVHJyWjV1bDMwSlZzQ3lLNy1SSmZPdm1ubnc1dEFCNnRWeDhMTC1HMi15QlFETXljM3NONnJRbFB4dVlBcXFwb1pDXzY4dUJDcDNlNFlXbm1rQnJqUENUZUdkU3hzMm9OX2N4eEVqN1VwZ1NHX2gyVHh0SlRUd2duOEJWUVE?oc=5"" target=""_blank"" class=""btn-link"">🔗 Abrir Noticia</a>",[🔗 Abrir Noticia](https://news.google.com/rss/articles/CBMixgFBVV95cUxNelgtQlVJc19hR1c0NXBIQnJFOVFxZmhBTFRlNUtzMU82cXlQdk1HRTEyYnF0YTJyZjNJOC1IY2hyQ0JUVldHcDBVYTFkZ1NwSTlranJzTjItXzRLSFdhbXJ0eWdpNF9pNll3T05rQUR4WjdfeVR6cndVd2tES1ZKLU9aem5WR2lmQmpQSXBjUHRhLWVHdHptTEttcVd6NjUyTTZHYUN1bFhuZUNRWUJDYVM2SzZwV1Q3bW5namJIYTE5QWFvelHSAdoBQVVfeXFMTTJobVFqT1F2ajJ6cks0dTlKZ1hhYXpGMjBTU1liSmJrOGJRN2ZSRGY0UU1ZUnRKMWdOUno0Ykd0UHBuSkJBbTRCMGtUR2dzQW5wQ0kzT1gxVHRrVE5zVHJyWjV1bDMwSlZzQ3lLNy1SSmZPdm1ubnc1dEFCNnRWeDhMTC1HMi15QlFETXljM3NONnJRbFB4dVlBcXFwb1pDXzY4dUJDcDNlNFlXbm1rQnJqUENUZUdkU3hzMm9OX2N4eEVqN1VwZ1NHX2gyVHh0SlRUd2duOEJWUVE?oc=5),4 muertos y 13 heridos dejó fuerte choque entre bus de Brasilia y ambulancia Eluniversal.com.co,c1dd3c01cd046a637dd89721a5d1d5255aba4190232b6e0abd05587b1937224f,2026-08-13 17:04:55
137,🟡 Pendiente (Verificar Noticia),2026-08-13,2026-08-13,Chica Noticias,Cuatro muertos y decenas de heridos dejó accidente en la vía Montería – Planeta Rica - Chica Noticias,"Municipio de Planeta Rica, Córdoba","Municipio de Planeta Rica, Córdoba",,Montería,No especificado,1,1,Baja (Centroide General Montería),8.7508,-75.8814,https://news.google.com/rss/articles/CBMiwgFBVV95cUxQbXlLdnlxWVBKM1h1OUpScG5YSHpDQkZueWlnOVZoS2dCTzZfQnF5N21maWNneDBsbXZqQzNNOG9MZl93b2VTYnlhSnpMU1p0VkZvejY2YWhrczgtLVRLbWkwZEtZWHhuWi0yVkw3Ym9JNGpJR1NaSjRSWmlFMThlNlNuVlI5bUxQaVdDVlJycWg1VTdkbkR4Wko2eU5tUGNCbF96QnozV204ZjYyRldraHd0bGhSMWxLZEw4WElid1JqZw?oc=5,"<a href=""https://news.google.com/rss/articles/CBMiwgFBVV95cUxQbXlLdnlxWVBKM1h1OUpScG5YSHpDQkZueWlnOVZoS2dCTzZfQnF5N21maWNneDBsbXZqQzNNOG9MZl93b2VTYnlhSnpMU1p0VkZvejY2YWhrczgtLVRLbWkwZEtZWHhuWi0yVkw3Ym9JNGpJR1NaSjRSWmlFMThlNlNuVlI5bUxQaVdDVlJycWg1VTdkbkR4Wko2eU5tUGNCbF96QnozV204ZjYyRldraHd0bGhSMWxLZEw4WElid1JqZw?oc=5"" target=""_blank"" class=""btn-link"">🔗 Abrir Noticia</a>",[🔗 Abrir Noticia](https://news.google.com/rss/articles/CBMiwgFBVV95cUxQbXlLdnlxWVBKM1h1OUpScG5YSHpDQkZueWlnOVZoS2dCTzZfQnF5N21maWNneDBsbXZqQzNNOG9MZl93b2VTYnlhSnpMU1p0VkZvejY2YWhrczgtLVRLbWkwZEtZWHhuWi0yVkw3Ym9JNGpJR1NaSjRSWmlFMThlNlNuVlI5bUxQaVdDVlJycWg1VTdkbkR4Wko2eU5tUGNCbF96QnozV204ZjYyRldraHd0bGhSMWxLZEw4WElid1JqZw?oc=5),Cuatro muertos y decenas de heridos dejó accidente en la vía Montería – Planeta Rica Chica Noticias,d1fce2c62d2468388922628c3fcecfea5fd36eb1d585622ed24603d5aa7044fc,2026-08-13 17:04:55
138,🟡 Pendiente (Verificar Noticia),2026-08-13,2026-08-13,Chica Noticias,Se conocen más detalles del accidente que involucra a un exgobernador de Córdoba - Chica Noticias,Montería (Casco Urbano / Sector en investigación),Montería (Casco Urbano / Sector en investigación),,Montería,No especificado,0,0,Baja (Centroide General Montería),8.7508,-75.8814,https://news.google.com/rss/articles/CBMifkFVX3lxTE5CVlBjd05pVEg4aWhrT2hsWkR1NjNmNWNQMWwwTTBDRTdNTGl6Mnhmbzk2WHd5ZGsxMGxJWDRCa1NSMldpOHBMaXh2YWhLQk1zdW5UZl9NYTlqWXFBM3RWcHlwY0JJNFVmWUtvNEtVVE53b1dXWFNlMUhRN0ptQQ?oc=5,"<a href=""https://news.google.com/rss/articles/CBMifkFVX3lxTE5CVlBjd05pVEg4aWhrT2hsWkR1NjNmNWNQMWwwTTBDRTdNTGl6Mnhmbzk2WHd5ZGsxMGxJWDRCa1NSMldpOHBMaXh2YWhLQk1zdW5UZl9NYTlqWXFBM3RWcHlwY0JJNFVmWUtvNEtVVE53b1dXWFNlMUhRN0ptQQ?oc=5"" target=""_blank"" class=""btn-link"">🔗 Abrir Noticia</a>",[🔗 Abrir Noticia](https://news.google.com/rss/articles/CBMifkFVX3lxTE5CVlBjd05pVEg4aWhrT2hsWkR1NjNmNWNQMWwwTTBDRTdNTGl6Mnhmbzk2WHd5ZGsxMGxJWDRCa1NSMldpOHBMaXh2YWhLQk1zdW5UZl9NYTlqWXFBM3RWcHlwY0JJNFVmWUtvNEtVVE53b1dXWFNlMUhRN0ptQQ?oc=5),Se conocen más detalles del accidente que involucra a un exgobernador de Córdoba Chica Noticias,2c33c0d6422ebcf7fa9a26418a1478dfeb5fb10ec0015ea3a44938be6c84c3d4,2026-08-13 17:04:55
139,🟡 Pendiente (Verificar Noticia),2026-08-13,2026-08-13,rionoticias.co,Trágico accidente en Montelíbano deja un fallecido y una mujer herida de gravedad - rionoticias.co,"Municipio de Montelíbano, Córdoba","Municipio de Montelíbano, Córdoba",,Montelíbano,No especificado,1,1,Media (Centroide Municipio Córdoba),7.9786,-75.4189,https://news.google.com/rss/articles/CBMiqAFBVV95cUxOT2RacU5lU1JTN0tHbjZ0XzVrRFlCdjI3WC1ueUY5c2lfMHRHZVN6dERKMlFIeEFiN1Y4bFg3MXVWRHhuS1BtR21DTXJkREo5a1hOemJEbHB0eGlKV08wX2RESFhnWFYxMHVsY2gzRnNheXhCSm1aSzJiSk9GczhUc0NlOW1GX2lhcDZpREFPNEdLeDc1Tk9wcXZOZkF0S2NBTDBrSXZtTErSAa4BQVVfeXFMT1E2bE52akNCMjlQVWFFWk81R0lTZHM2aHdhRE5rSTJEZVZibnV4MWxuOGlXdTBtQ3pnWF91aDIzT3lRZFBNa2tVdWFEbml6ekYtWE5WN2c5eUxBOTdGOFVOdm5iLUd2eW4teWV6U1VFQ3FlYWpUNnZnZjhSZkJ6Z2ktd3FmSDZZc29aUml0VDBFSkE1Y2tMUl9hRDZBYXphaFV4aHYwTjQyNzRlTExB?oc=5,"<a href=""https://news.google.com/rss/articles/CBMiqAFBVV95cUxOT2RacU5lU1JTN0tHbjZ0XzVrRFlCdjI3WC1ueUY5c2lfMHRHZVN6dERKMlFIeEFiN1Y4bFg3MXVWRHhuS1BtR21DTXJkREo5a1hOemJEbHB0eGlKV08wX2RESFhnWFYxMHVsY2gzRnNheXhCSm1aSzJiSk9GczhUc0NlOW1GX2lhcDZpREFPNEdLeDc1Tk9wcXZOZkF0S2NBTDBrSXZtTErSAa4BQVVfeXFMT1E2bE52akNCMjlQVWFFWk81R0lTZHM2aHdhRE5rSTJEZVZibnV4MWxuOGlXdTBtQ3pnWF91aDIzT3lRZFBNa2tVdWFEbml6ekYtWE5WN2c5eUxBOTdGOFVOdm5iLUd2eW4teWV6U1VFQ3FlYWpUNnZnZjhSZkJ6Z2ktd3FmSDZZc29aUml0VDBFSkE1Y2tMUl9hRDZBYXphaFV4aHYwTjQyNzRlTExB?oc=5"" target=""_blank"" class=""btn-link"">🔗 Abrir Noticia</a>",[🔗 Abrir Noticia](https://news.google.com/rss/articles/CBMiqAFBVV95cUxOT2RacU5lU1JTN0tHbjZ0XzVrRFlCdjI3WC1ueUY5c2lfMHRHZVN6dERKMlFIeEFiN1Y4bFg3MXVWRHhuS1BtR21DTXJkREo5a1hOemJEbHB0eGlKV08wX2RESFhnWFYxMHVsY2gzRnNheXhCSm1aSzJiSk9GczhUc0NlOW1GX2lhcDZpREFPNEdLeDc1Tk9wcXZOZkF0S2NBTDBrSXZtTErSAa4BQVVfeXFMT1E2bE52akNCMjlQVWFFWk81R0lTZHM2aHdhRE5rSTJEZVZibnV4MWxuOGlXdTBtQ3pnWF91aDIzT3lRZFBNa2tVdWFEbml6ekYtWE5WN2c5eUxBOTdGOFVOdm5iLUd2eW4teWV6U1VFQ3FlYWpUNnZnZjhSZkJ6Z2ktd3FmSDZZc29aUml0VDBFSkE1Y2tMUl9hRDZBYXphaFV4aHYwTjQyNzRlTExB?oc=5),Trágico accidente en Montelíbano deja un fallecido y una mujer herida de gravedad rionoticias.co,82688d41039769817c4ba306931519dc8e1c38db3d976f25ef306d3f2c17a0ed,2026-08-13 17:04:55
140,🟡 Pendiente (Verificar Noticia),2026-08-13,2026-08-13,Eluniversal.com.co,Quedó en libertad conductor ebrio que dejó 2 muertos y 6 heridos en Montería - Eluniversal.com.co,Montería (Casco Urbano / Sector en investigación),Montería (Casco Urbano / Sector en investigación),,Montería,No especificado,1,1,Baja (Centroide General Montería),8.7508,-75.8814,https://news.google.com/rss/articles/CBMixgFBVV95cUxNUDFrRVROTGprV3lVOTRBOS0wZVY1akhGRVVaRmF2bW15ZDhTSlFGQ29KdW1YdTAySGZYR3o2OWt2UkVHeTRkdlJwZUVxcER1TktwZXVEYl9FMURqekN5a016V0RVT1hqSkgtamVobkt5cHNmVmJpbGlZbl9vVTdFY0x0WE5LRlUxZktkc04zRHBqUThqSzBIdHdTNzU0dEFNRGNTbnJlbm5uSGpJLTVSRzlqdjRVUm90U3dyMmFjYUliazlfTkHSAdoBQVVfeXFMUEJ3THROd2o3bXAxUW1CcVVkeWNjSkprbW1KTm5TOGVwcnNIN3d3ZDVsOWl0djgyTWFER1BDa3hXeHhkdldKdUpvZ2VVZXF2MUxxSDRkd1VCSDU0X1BpOEpBcTlEQk9IR1l5WUE3ZmZTVFZfZ1E2Rk1zMDJtY1VoTlpITEZCeU1EQzBDRjhEZS01ejRjd0hVakUzQ3Y5enpOUjd1Ulhrd0Z4NDJJbzRlYkpSeVVUaGlZUHdxaVJ4NnZiYjhqY0p5SG1sUzdUT2tqSWdJUmRRc3dNSUE?oc=5,"<a href=""https://news.google.com/rss/articles/CBMixgFBVV95cUxNUDFrRVROTGprV3lVOTRBOS0wZVY1akhGRVVaRmF2bW15ZDhTSlFGQ29KdW1YdTAySGZYR3o2OWt2UkVHeTRkdlJwZUVxcER1TktwZXVEYl9FMURqekN5a016V0RVT1hqSkgtamVobkt5cHNmVmJpbGlZbl9vVTdFY0x0WE5LRlUxZktkc04zRHBqUThqSzBIdHdTNzU0dEFNRGNTbnJlbm5uSGpJLTVSRzlqdjRVUm90U3dyMmFjYUliazlfTkHSAdoBQVVfeXFMUEJ3THROd2o3bXAxUW1CcVVkeWNjSkprbW1KTm5TOGVwcnNIN3d3ZDVsOWl0djgyTWFER1BDa3hXeHhkdldKdUpvZ2VVZXF2MUxxSDRkd1VCSDU0X1BpOEpBcTlEQk9IR1l5WUE3ZmZTVFZfZ1E2Rk1zMDJtY1VoTlpITEZCeU1EQzBDRjhEZS01ejRjd0hVakUzQ3Y5enpOUjd1Ulhrd0Z4NDJJbzRlYkpSeVVUaGlZUHdxaVJ4NnZiYjhqY0p5SG1sUzdUT2tqSWdJUmRRc3dNSUE?oc=5"" target=""_blank"" class=""btn-link"">🔗 Abrir Noticia</a>",[🔗 Abrir Noticia](https://news.google.com/rss/articles/CBMixgFBVV95cUxNUDFrRVROTGprV3lVOTRBOS0wZVY1akhGRVVaRmF2bW15ZDhTSlFGQ29KdW1YdTAySGZYR3o2OWt2UkVHeTRkdlJwZUVxcER1TktwZXVEYl9FMURqekN5a016V0RVT1hqSkgtamVobkt5cHNmVmJpbGlZbl9vVTdFY0x0WE5LRlUxZktkc04zRHBqUThqSzBIdHdTNzU0dEFNRGNTbnJlbm5uSGpJLTVSRzlqdjRVUm90U3dyMmFjYUliazlfTkHSAdoBQVVfeXFMUEJ3THROd2o3bXAxUW1CcVVkeWNjSkprbW1KTm5TOGVwcnNIN3d3ZDVsOWl0djgyTWFER1BDa3hXeHhkdldKdUpvZ2VVZXF2MUxxSDRkd1VCSDU0X1BpOEpBcTlEQk9IR1l5WUE3ZmZTVFZfZ1E2Rk1zMDJtY1VoTlpITEZCeU1EQzBDRjhEZS01ejRjd0hVakUzQ3Y5enpOUjd1Ulhrd0Z4NDJJbzRlYkpSeVVUaGlZUHdxaVJ4NnZiYjhqY0p5SG1sUzdUT2tqSWdJUmRRc3dNSUE?oc=5),Quedó en libertad conductor ebrio que dejó 2 muertos y 6 heridos en Montería Eluniversal.com.co,00cc23aa10eb36a65f1240efaf29aff5a7146101bb2e9a29f0b34367a75ef94a,2026-08-13 17:04:55
141,🟡 Pendiente (Verificar Noticia),2026-08-13,2026-08-13,"El Piñero, Periodismo y Debate.","Tragedia en la Córdoba-Veracruz; un muerto y cinco heridos tras violento choque - El Piñero, Periodismo y Debate.",Montería (Casco Urbano / Sector en investigación),Montería (Casco Urbano / Sector en investigación),,Montería,No especificado,1,1,Baja (Centroide General Montería),8.7508,-75.8814,https://news.google.com/rss/articles/CBMipgFBVV95cUxPMk5nNkFRalVEbTctYVBFQ1RBNXE5bU5MUU11VzlXYmdTOE4tYUozZ0l6YlNmLVR2RmdzZlBENXE1RnFpNVJBX0tuS08zckUyZ2Rid3VRbWE2QTFjUV9oaG00Wk1vdGxlMTNYMDdPa2xFakpKU2lTMjFWZHA1dUNSbDhlb21VdlplNTFYMkdZWGUwbWxQSVh0M2gxTEVvSFFMaW9hZG93?oc=5,"<a href=""https://news.google.com/rss/articles/CBMipgFBVV95cUxPMk5nNkFRalVEbTctYVBFQ1RBNXE5bU5MUU11VzlXYmdTOE4tYUozZ0l6YlNmLVR2RmdzZlBENXE1RnFpNVJBX0tuS08zckUyZ2Rid3VRbWE2QTFjUV9oaG00Wk1vdGxlMTNYMDdPa2xFakpKU2lTMjFWZHA1dUNSbDhlb21VdlplNTFYMkdZWGUwbWxQSVh0M2gxTEVvSFFMaW9hZG93?oc=5"" target=""_blank"" class=""btn-link"">🔗 Abrir Noticia</a>",[🔗 Abrir Noticia](https://news.google.com/rss/articles/CBMipgFBVV95cUxPMk5nNkFRalVEbTctYVBFQ1RBNXE5bU5MUU11VzlXYmdTOE4tYUozZ0l6YlNmLVR2RmdzZlBENXE1RnFpNVJBX0tuS08zckUyZ2Rid3VRbWE2QTFjUV9oaG00Wk1vdGxlMTNYMDdPa2xFakpKU2lTMjFWZHA1dUNSbDhlb21VdlplNTFYMkdZWGUwbWxQSVh0M2gxTEVvSFFMaW9hZG93?oc=5),"Tragedia en la Córdoba-Veracruz; un muerto y cinco heridos tras violento choque El Piñero, Periodismo y Debate.",252f6ee444a3df510728f0b03783ab53c52ad7544fc0fdcc3e7a9b02056228f7,2026-08-13 17:04:55
142,🟡 Pendiente (Verificar Noticia),2026-08-13,2026-08-13,El Meridiano,Joven perdió la vida en un accidente de tránsito en Cereté - El Meridiano,"Municipio de Cereté, Córdoba","Municipio de Cereté, Córdoba",,Cereté,No especificado,1,0,Media (Centroide Municipio Córdoba),8.8844,-75.7908,https://news.google.com/rss/articles/CBMinwFBVV95cUxQMnZPUFpKcXhaNjZKMnZBV3Utci1qT1FMQkNmWDJrekNRd3djRWR3Ml9FaVVWUlkzcFg3VzFZZ0xjenByQk1PR0tVeE5JOTFlekdpRGpSaXZzYVdtNlJvVlkyVWpNeUY0R2VyU1BiQ1hYOHAyM2xKa3Z0Qlpha3lzZ3NvdkxnYUN0dk1TY0x4U2dRSnBIaXN3VTdKSWNHMlU?oc=5,"<a href=""https://news.google.com/rss/articles/CBMinwFBVV95cUxQMnZPUFpKcXhaNjZKMnZBV3Utci1qT1FMQkNmWDJrekNRd3djRWR3Ml9FaVVWUlkzcFg3VzFZZ0xjenByQk1PR0tVeE5JOTFlekdpRGpSaXZzYVdtNlJvVlkyVWpNeUY0R2VyU1BiQ1hYOHAyM2xKa3Z0Qlpha3lzZ3NvdkxnYUN0dk1TY0x4U2dRSnBIaXN3VTdKSWNHMlU?oc=5"" target=""_blank"" class=""btn-link"">🔗 Abrir Noticia</a>",[🔗 Abrir Noticia](https://news.google.com/rss/articles/CBMinwFBVV95cUxQMnZPUFpKcXhaNjZKMnZBV3Utci1qT1FMQkNmWDJrekNRd3djRWR3Ml9FaVVWUlkzcFg3VzFZZ0xjenByQk1PR0tVeE5JOTFlekdpRGpSaXZzYVdtNlJvVlkyVWpNeUY0R2VyU1BiQ1hYOHAyM2xKa3Z0Qlpha3lzZ3NvdkxnYUN0dk1TY0x4U2dRSnBIaXN3VTdKSWNHMlU?oc=5),Joven perdió la vida en un accidente de tránsito en Cereté El Meridiano,e77f01cec3472f0afde4d3dc6ac7a34a02a43c12d3cd9079fd032f4116cf8f04,2026-08-13 17:04:59
143,🟡 Pendiente (Verificar Noticia),2026-08-13,2026-08-13,ELHERALDO.CO,"Una odontóloga y una enfermera mueren en un accidente en Cereté, Córdoba - ELHERALDO.CO","Municipio de Cereté, Córdoba","Municipio de Cereté, Córdoba",,Cereté,No especificado,0,0,Media (Centroide Municipio Córdoba),8.8844,-75.7908,https://news.google.com/rss/articles/CBMitwFBVV95cUxPbk5FSHJSSmc5NUxXOVF1TUd5TUhocUZTODZWaE5maE9SbXJpQ2tldWxOTnotUFBsRWx4NGEwQjhHVGk5Tks4bXFkckxmbDc2UjlIQjlTTUl1WW8zYnJyUWYwdXdodFZybWg3T3RqcHMyeFFDbnVUV2NZVFpCYkNTLTkxeC1XQXlFdE1kczl5WWM5QjNWZnRjM01MY2NXWW9ObWppRWlMNGpxbDVvZnhXRjNKZ3l1d1HSAdIBQVVfeXFMTVdnS2Z2aDdyZXV5Q0VHOU5PVDR4ZllTNWJIUDdjbEswTTMyRzRPSVJiSDFmR0FjN2lPandyd3ZjWmdOLVdubUVKYU1KLW83Q0FodkRYU2tYWDJUUjRjckVGSEU2dTZDOUxlcnlzTkVqZy1FYUZLcVpuZ1FZb1V5NVBFX0J0V1VLd0loWlI4NklPMDJ5MFFzQ3dCdmlDQS1HWnJqXzBsYUczcGl1UFFTMGc3eV9rdXZJVEFaekdfVmstRk5nUHVTcHZMQzZ3X2JZejFn?oc=5,"<a href=""https://news.google.com/rss/articles/CBMitwFBVV95cUxPbk5FSHJSSmc5NUxXOVF1TUd5TUhocUZTODZWaE5maE9SbXJpQ2tldWxOTnotUFBsRWx4NGEwQjhHVGk5Tks4bXFkckxmbDc2UjlIQjlTTUl1WW8zYnJyUWYwdXdodFZybWg3T3RqcHMyeFFDbnVUV2NZVFpCYkNTLTkxeC1XQXlFdE1kczl5WWM5QjNWZnRjM01MY2NXWW9ObWppRWlMNGpxbDVvZnhXRjNKZ3l1d1HSAdIBQVVfeXFMTVdnS2Z2aDdyZXV5Q0VHOU5PVDR4ZllTNWJIUDdjbEswTTMyRzRPSVJiSDFmR0FjN2lPandyd3ZjWmdOLVdubUVKYU1KLW83Q0FodkRYU2tYWDJUUjRjckVGSEU2dTZDOUxlcnlzTkVqZy1FYUZLcVpuZ1FZb1V5NVBFX0J0V1VLd0loWlI4NklPMDJ5MFFzQ3dCdmlDQS1HWnJqXzBsYUczcGl1UFFTMGc3eV9rdXZJVEFaekdfVmstRk5nUHVTcHZMQzZ3X2JZejFn?oc=5"" target=""_blank"" class=""btn-link"">🔗 Abrir Noticia</a>",[🔗 Abrir Noticia](https://news.google.com/rss/articles/CBMitwFBVV95cUxPbk5FSHJSSmc5NUxXOVF1TUd5TUhocUZTODZWaE5maE9SbXJpQ2tldWxOTnotUFBsRWx4NGEwQjhHVGk5Tks4bXFkckxmbDc2UjlIQjlTTUl1WW8zYnJyUWYwdXdodFZybWg3T3RqcHMyeFFDbnVUV2NZVFpCYkNTLTkxeC1XQXlFdE1kczl5WWM5QjNWZnRjM01MY2NXWW9ObWppRWlMNGpxbDVvZnhXRjNKZ3l1d1HSAdIBQVVfeXFMTVdnS2Z2aDdyZXV5Q0VHOU5PVDR4ZllTNWJIUDdjbEswTTMyRzRPSVJiSDFmR0FjN2lPandyd3ZjWmdOLVdubUVKYU1KLW83Q0FodkRYU2tYWDJUUjRjckVGSEU2dTZDOUxlcnlzTkVqZy1FYUZLcVpuZ1FZb1V5NVBFX0J0V1VLd0loWlI4NklPMDJ5MFFzQ3dCdmlDQS1HWnJqXzBsYUczcGl1UFFTMGc3eV9rdXZJVEFaekdfVmstRk5nUHVTcHZMQzZ3X2JZejFn?oc=5),"Una odontóloga y una enfermera mueren en un accidente en Cereté, Córdoba ELHERALDO.CO",d2a561d615e2c1499240e9a455f1cdcb8d5b31c7b05e5b86fc3f1731ae59f2f4,2026-08-13 17:04:59
144,🟡 Pendiente (Verificar Noticia),2026-08-13,2026-08-13,larazon.co,Tragedia en la vía Montería-Cereté: médico perdió la vida en accidente de tránsito - larazon.co,"Municipio de Cereté, Córdoba","Municipio de Cereté, Córdoba",,Montería,No especificado,1,0,Baja (Centroide General Montería),8.7508,-75.8814,https://news.google.com/rss/articles/CBMiowFBVV95cUxPRVp2bjhEU0x3SG52YW4zRzctbnM0aGwtTHlUNzR0eUw1bkcydTZwNlFwQi1uZ1JhZ1NyZk1rZEluVThvT0oxTm9JMTA2MVlUNlowSjg5QkhxNWgxR1JGTk84OWE4SnJyWmJUVVFac3h5b3dablpDV1FfMThCYjIzODRoc0NkaHFfaHlybkszeWRoWDBKZENvR2g2OWZ4aTNtN3g4?oc=5,"<a href=""https://news.google.com/rss/articles/CBMiowFBVV95cUxPRVp2bjhEU0x3SG52YW4zRzctbnM0aGwtTHlUNzR0eUw1bkcydTZwNlFwQi1uZ1JhZ1NyZk1rZEluVThvT0oxTm9JMTA2MVlUNlowSjg5QkhxNWgxR1JGTk84OWE4SnJyWmJUVVFac3h5b3dablpDV1FfMThCYjIzODRoc0NkaHFfaHlybkszeWRoWDBKZENvR2g2OWZ4aTNtN3g4?oc=5"" target=""_blank"" class=""btn-link"">🔗 Abrir Noticia</a>",[🔗 Abrir Noticia](https://news.google.com/rss/articles/CBMiowFBVV95cUxPRVp2bjhEU0x3SG52YW4zRzctbnM0aGwtTHlUNzR0eUw1bkcydTZwNlFwQi1uZ1JhZ1NyZk1rZEluVThvT0oxTm9JMTA2MVlUNlowSjg5QkhxNWgxR1JGTk84OWE4SnJyWmJUVVFac3h5b3dablpDV1FfMThCYjIzODRoc0NkaHFfaHlybkszeWRoWDBKZENvR2g2OWZ4aTNtN3g4?oc=5),Tragedia en la vía Montería-Cereté: médico perdió la vida en accidente de tránsito larazon.co,f07063029ac0ebc53bbc43f450d89410e65f4648374ef99c3adb9eeaa20cfb7c,2026-08-13 17:04:59
145,🟡 Pendiente (Verificar Noticia),2026-08-13,2026-08-13,ELHERALDO.CO,Pareja de esposos murió en un accidente en la vía Ciénaga de Oro – Cereté - ELHERALDO.CO,"Municipio de Cereté, Córdoba","Municipio de Cereté, Córdoba",,Cereté,No especificado,1,0,Media (Centroide Municipio Córdoba),8.8844,-75.7908,https://news.google.com/rss/articles/CBMitwFBVV95cUxNeXJhRUN3VURrUTRCNkI1SVZZWWF2Y3ZsTEtKWDVpSVlYdlZodlhNczg2c0NORUtwVGR3UHFWRjdIODZLM1NURVFpcGVwSVl4TnJMMVlxSmdOWjZOc0h0M3Bwcl9iWGhSRHZvRmFWWVFtMUt2UkxiX2prOU9qVlR4aVVkaXlKT3NJT2lKbjhJQlBhdmQ2Ukwzb2pLWVpBNjNBTm1IU0pkRFVPTFNBSmt5cUNaM3VRcDTSAdIBQVVfeXFMTjFpUjhQVGpGbkN4TXcyb3NXdUZBNGtyb1NaNVJrMVgzTWhLZ3lMM3g1QTVMZkFBbmFrcnlaZnRDeEZXUzd6OWVBYjZRWXBJVjZPaWpEdjVHd1RYSnlsTUxtZy1uWHRtNGFpUkV4Nm1OeVBhb3BqSmtEeDZvSkZybTlOMjUtclkxUnQyYlVrZjRWZkp4RTBneHdYdE9kbEU3R00tSFFLMjhlY195Uk91ckw0ZzRGS3Fvc0pEc2RGV3BrZXdVbG5EZ0tXRGJnMmYzVTh3?oc=5,"<a href=""https://news.google.com/rss/articles/CBMitwFBVV95cUxNeXJhRUN3VURrUTRCNkI1SVZZWWF2Y3ZsTEtKWDVpSVlYdlZodlhNczg2c0NORUtwVGR3UHFWRjdIODZLM1NURVFpcGVwSVl4TnJMMVlxSmdOWjZOc0h0M3Bwcl9iWGhSRHZvRmFWWVFtMUt2UkxiX2prOU9qVlR4aVVkaXlKT3NJT2lKbjhJQlBhdmQ2Ukwzb2pLWVpBNjNBTm1IU0pkRFVPTFNBSmt5cUNaM3VRcDTSAdIBQVVfeXFMTjFpUjhQVGpGbkN4TXcyb3NXdUZBNGtyb1NaNVJrMVgzTWhLZ3lMM3g1QTVMZkFBbmFrcnlaZnRDeEZXUzd6OWVBYjZRWXBJVjZPaWpEdjVHd1RYSnlsTUxtZy1uWHRtNGFpUkV4Nm1OeVBhb3BqSmtEeDZvSkZybTlOMjUtclkxUnQyYlVrZjRWZkp4RTBneHdYdE9kbEU3R00tSFFLMjhlY195Uk91ckw0ZzRGS3Fvc0pEc2RGV3BrZXdVbG5EZ0tXRGJnMmYzVTh3?oc=5"" target=""_blank"" class=""btn-link"">🔗 Abrir Noticia</a>",[🔗 Abrir Noticia](https://news.google.com/rss/articles/CBMitwFBVV95cUxNeXJhRUN3VURrUTRCNkI1SVZZWWF2Y3ZsTEtKWDVpSVlYdlZodlhNczg2c0NORUtwVGR3UHFWRjdIODZLM1NURVFpcGVwSVl4TnJMMVlxSmdOWjZOc0h0M3Bwcl9iWGhSRHZvRmFWWVFtMUt2UkxiX2prOU9qVlR4aVVkaXlKT3NJT2lKbjhJQlBhdmQ2Ukwzb2pLWVpBNjNBTm1IU0pkRFVPTFNBSmt5cUNaM3VRcDTSAdIBQVVfeXFMTjFpUjhQVGpGbkN4TXcyb3NXdUZBNGtyb1NaNVJrMVgzTWhLZ3lMM3g1QTVMZkFBbmFrcnlaZnRDeEZXUzd6OWVBYjZRWXBJVjZPaWpEdjVHd1RYSnlsTUxtZy1uWHRtNGFpUkV4Nm1OeVBhb3BqSmtEeDZvSkZybTlOMjUtclkxUnQyYlVrZjRWZkp4RTBneHdYdE9kbEU3R00tSFFLMjhlY195Uk91ckw0ZzRGS3Fvc0pEc2RGV3BrZXdVbG5EZ0tXRGJnMmYzVTh3?oc=5),Pareja de esposos murió en un accidente en la vía Ciénaga de Oro – Cereté ELHERALDO.CO,bbc28214596e0e6bede706dfcd62bfeaa7dd8aebd84450949dbb425120f9be77,2026-08-13 17:04:59
146,🟡 Pendiente (Verificar Noticia),2026-08-13,2026-08-13,larazon.co,Trágico accidente se cobra la vida de un joven en la vía Montería – Cereté - larazon.co,"Municipio de Cereté, Córdoba","Municipio de Cereté, Córdoba",,Montería,No especificado,0,0,Baja (Centroide General Montería),8.7508,-75.8814,https://news.google.com/rss/articles/CBMikwFBVV95cUxPWkM3dDZDcEd1MG0wbl9lYlZlT0VTNGtXWk1VYUtnOHRMSVBkbW5KaU83VkNwWWRKRXRRLS1IS3AtX05ndFRkNHdNY0RHSGdmT205VVNOM2xhVUx6T04xZWR2Ym42NS10clRsQ25qdGpFdF8xNVEtTkNibVhNWVhaQk9CQ1hiOXdPVDl1T2dxNV9oemc?oc=5,"<a href=""https://news.google.com/rss/articles/CBMikwFBVV95cUxPWkM3dDZDcEd1MG0wbl9lYlZlT0VTNGtXWk1VYUtnOHRMSVBkbW5KaU83VkNwWWRKRXRRLS1IS3AtX05ndFRkNHdNY0RHSGdmT205VVNOM2xhVUx6T04xZWR2Ym42NS10clRsQ25qdGpFdF8xNVEtTkNibVhNWVhaQk9CQ1hiOXdPVDl1T2dxNV9oemc?oc=5"" target=""_blank"" class=""btn-link"">🔗 Abrir Noticia</a>",[🔗 Abrir Noticia](https://news.google.com/rss/articles/CBMikwFBVV95cUxPWkM3dDZDcEd1MG0wbl9lYlZlT0VTNGtXWk1VYUtnOHRMSVBkbW5KaU83VkNwWWRKRXRRLS1IS3AtX05ndFRkNHdNY0RHSGdmT205VVNOM2xhVUx6T04xZWR2Ym42NS10clRsQ25qdGpFdF8xNVEtTkNibVhNWVhaQk9CQ1hiOXdPVDl1T2dxNV9oemc?oc=5),Trágico accidente se cobra la vida de un joven en la vía Montería – Cereté larazon.co,888a6026902712c20b2dea6ebe8b20fc573b1f4fcd8ba184290bc5628a322edf,2026-08-13 17:04:59
147,🟡 Pendiente (Verificar Noticia),2026-08-13,2026-08-13,larazon.co,A una impudencia atribuyen autoridades el fatal accidente de motos en Cereté - larazon.co,"Municipio de Cereté, Córdoba","Municipio de Cereté, Córdoba",,Cereté,No especificado,0,0,Media (Centroide Municipio Córdoba),8.8844,-75.7908,https://news.google.com/rss/articles/CBMinAFBVV95cUxPNkpSdlFQejBGMm1YQ2p3LWltNnd2dnl2Y2xYVjNVallFVkhRcEo4X2R1d1g1TDZRNEZ6ZE1ZeXVoZUFiTjdTQUh0ZXpTOE0xcl9iNkNLd25BbG1pdnVHU21raXMxX29oUFpsQkVXYzUwZ3RxSWlZZGhNVXJpMVU3c1o0X1pxR1doQ2wySk9NS0ttUGh1ZUpRWmdsa2c?oc=5,"<a href=""https://news.google.com/rss/articles/CBMinAFBVV95cUxPNkpSdlFQejBGMm1YQ2p3LWltNnd2dnl2Y2xYVjNVallFVkhRcEo4X2R1d1g1TDZRNEZ6ZE1ZeXVoZUFiTjdTQUh0ZXpTOE0xcl9iNkNLd25BbG1pdnVHU21raXMxX29oUFpsQkVXYzUwZ3RxSWlZZGhNVXJpMVU3c1o0X1pxR1doQ2wySk9NS0ttUGh1ZUpRWmdsa2c?oc=5"" target=""_blank"" class=""btn-link"">🔗 Abrir Noticia</a>",[🔗 Abrir Noticia](https://news.google.com/rss/articles/CBMinAFBVV95cUxPNkpSdlFQejBGMm1YQ2p3LWltNnd2dnl2Y2xYVjNVallFVkhRcEo4X2R1d1g1TDZRNEZ6ZE1ZeXVoZUFiTjdTQUh0ZXpTOE0xcl9iNkNLd25BbG1pdnVHU21raXMxX29oUFpsQkVXYzUwZ3RxSWlZZGhNVXJpMVU3c1o0X1pxR1doQ2wySk9NS0ttUGh1ZUpRWmdsa2c?oc=5),A una impudencia atribuyen autoridades el fatal accidente de motos en Cereté larazon.co,fdaf99c2d93f361916211803bb454103b56323e1fe91aa7cb043d844f06984fa,2026-08-13 17:04:59
148,🟡 Pendiente (Verificar Noticia),2026-08-13,2026-08-13,larazon.co,"Fallece joven luego de varios días en UCI, tras accidente de moto - larazon.co",Montería (Casco Urbano / Sector en investigación),Montería (Casco Urbano / Sector en investigación),,Montería,Motocicleta,0,0,Baja (Centroide General Montería),8.7508,-75.8814,https://news.google.com/rss/articles/CBMijAFBVV95cUxPbDRiTk9TM3NvRjFYNWJRLUNFdzU3ZlpKR3hkRFFxeUFOanlWV3g0d3hYT0ZHUnQ2X2VUelVXSlBxVWJGTVBsLVVYdmJQUEIybzU5SlRzZERpUWhEeGJ1WElrejBkRWJsUHdBbTdRelpjTVV5NFJVNFlEc2VOYTZwNmNJbjFNWFMwRE41Nw?oc=5,"<a href=""https://news.google.com/rss/articles/CBMijAFBVV95cUxPbDRiTk9TM3NvRjFYNWJRLUNFdzU3ZlpKR3hkRFFxeUFOanlWV3g0d3hYT0ZHUnQ2X2VUelVXSlBxVWJGTVBsLVVYdmJQUEIybzU5SlRzZERpUWhEeGJ1WElrejBkRWJsUHdBbTdRelpjTVV5NFJVNFlEc2VOYTZwNmNJbjFNWFMwRE41Nw?oc=5"" target=""_blank"" class=""btn-link"">🔗 Abrir Noticia</a>",[🔗 Abrir Noticia](https://news.google.com/rss/articles/CBMijAFBVV95cUxPbDRiTk9TM3NvRjFYNWJRLUNFdzU3ZlpKR3hkRFFxeUFOanlWV3g0d3hYT0ZHUnQ2X2VUelVXSlBxVWJGTVBsLVVYdmJQUEIybzU5SlRzZERpUWhEeGJ1WElrejBkRWJsUHdBbTdRelpjTVV5NFJVNFlEc2VOYTZwNmNJbjFNWFMwRE41Nw?oc=5),"Fallece joven luego de varios días en UCI, tras accidente de moto larazon.co",40e0385f3f7b7bc8d3bae55ee72f3d3620c5a6352dfcb2e06cc9301ca5528a60,2026-08-13 17:04:59
149,🟡 Pendiente (Verificar Noticia),2026-08-13,2026-08-13,larazon.co,Menor de 6 años es la única sobreviviente del accidente vial en Cereté-Ciénaga de Oro - larazon.co,"Municipio de Cereté, Córdoba","Municipio de Cereté, Córdoba",,Cereté,No especificado,0,0,Media (Centroide Municipio Córdoba),8.8844,-75.7908,https://news.google.com/rss/articles/CBMiqAFBVV95cUxQVW1CSTdiRW9rbGxLRXBDS0NoZWh2RDZLa0VqbmRGMFZURDE1VGN4bXBTMFpPaFFXeW1Wb19jY3d1SGsxVHF2Sm9aSV91WU5GYTdNSG81UDdIYlFIX1JNenBMQlo3YXJBcS1BVUhSWS1nNGU3RXVMb1FOVTVwVDVjSGhPWm5QbGdHOHFGeG9qb1p1X0U4aEdsYllIUlV6QzVqcS0xQ0VOZmI?oc=5,"<a href=""https://news.google.com/rss/articles/CBMiqAFBVV95cUxQVW1CSTdiRW9rbGxLRXBDS0NoZWh2RDZLa0VqbmRGMFZURDE1VGN4bXBTMFpPaFFXeW1Wb19jY3d1SGsxVHF2Sm9aSV91WU5GYTdNSG81UDdIYlFIX1JNenBMQlo3YXJBcS1BVUhSWS1nNGU3RXVMb1FOVTVwVDVjSGhPWm5QbGdHOHFGeG9qb1p1X0U4aEdsYllIUlV6QzVqcS0xQ0VOZmI?oc=5"" target=""_blank"" class=""btn-link"">🔗 Abrir Noticia</a>",[🔗 Abrir Noticia](https://news.google.com/rss/articles/CBMiqAFBVV95cUxQVW1CSTdiRW9rbGxLRXBDS0NoZWh2RDZLa0VqbmRGMFZURDE1VGN4bXBTMFpPaFFXeW1Wb19jY3d1SGsxVHF2Sm9aSV91WU5GYTdNSG81UDdIYlFIX1JNenBMQlo3YXJBcS1BVUhSWS1nNGU3RXVMb1FOVTVwVDVjSGhPWm5QbGdHOHFGeG9qb1p1X0U4aEdsYllIUlV6QzVqcS0xQ0VOZmI?oc=5),Menor de 6 años es la única sobreviviente del accidente vial en Cereté-Ciénaga de Oro larazon.co,8a629a74d0e1096fe5170586c690143a160258f5ae0777428c72f9ab45cbc220,2026-08-13 17:04:59
150,🟡 Pendiente (Verificar Noticia),2026-08-13,2026-08-13,larazon.co,Un muerto y dos heridos graves al chocar contra un semoviente en la vía Cereté – Montería - larazon.co,"Municipio de Cereté, Córdoba","Municipio de Cereté, Córdoba",,Montería,No especificado,1,1,Baja (Centroide General Montería),8.7508,-75.8814,https://news.google.com/rss/articles/CBMiqwFBVV95cUxNZktyMEZxeE9tdWoyZXBWdk1xbE05dFRqaDZsb2NZNEtsUEUzSC1GS2QybHNCTjMwT2otd2dUQXJOcUl1bmVRZXlzT3BnWDZyUGVTTXRQMnFWQXVfamtzeDFEMXlnb0drRV9Ncm55dTJ3LTNQSzh1MlVwSzBVc3RfX05TYm8xU01uTUFEWlUtVll6T29jcUU5Nm56MVBoM0FBU2VCcjZOOHpzZkE?oc=5,"<a href=""https://news.google.com/rss/articles/CBMiqwFBVV95cUxNZktyMEZxeE9tdWoyZXBWdk1xbE05dFRqaDZsb2NZNEtsUEUzSC1GS2QybHNCTjMwT2otd2dUQXJOcUl1bmVRZXlzT3BnWDZyUGVTTXRQMnFWQXVfamtzeDFEMXlnb0drRV9Ncm55dTJ3LTNQSzh1MlVwSzBVc3RfX05TYm8xU01uTUFEWlUtVll6T29jcUU5Nm56MVBoM0FBU2VCcjZOOHpzZkE?oc=5"" target=""_blank"" class=""btn-link"">🔗 Abrir Noticia</a>",[🔗 Abrir Noticia](https://news.google.com/rss/articles/CBMiqwFBVV95cUxNZktyMEZxeE9tdWoyZXBWdk1xbE05dFRqaDZsb2NZNEtsUEUzSC1GS2QybHNCTjMwT2otd2dUQXJOcUl1bmVRZXlzT3BnWDZyUGVTTXRQMnFWQXVfamtzeDFEMXlnb0drRV9Ncm55dTJ3LTNQSzh1MlVwSzBVc3RfX05TYm8xU01uTUFEWlUtVll6T29jcUU5Nm56MVBoM0FBU2VCcjZOOHpzZkE?oc=5),Un muerto y dos heridos graves al chocar contra un semoviente en la vía Cereté – Montería larazon.co,9156cd2ddf147d64c1364673e28f398fab56b6075d9090d68ea00a248da5fe5b,2026-08-13 17:04:59
151,🟡 Pendiente (Verificar Noticia),2026-08-13,2026-08-13,larazon.co,Semana Santa terminó en tragedia en Cereté: Un muerto y dos heridos dejó aparatoso accidente - larazon.co,"Municipio de Cereté, Córdoba","Municipio de Cereté, Córdoba",,Cereté,No especificado,1,1,Media (Centroide Municipio Córdoba),8.8844,-75.7908,https://news.google.com/rss/articles/CBMisAFBVV95cUxOVVk0eHBqZkVQUFJ0X3czT29GSWFEeU5YX1pLNWdxOEpjZHVlUFpGZW9nay1tbFRwVjROcEtZUWUtUGZYUHRSei0tYVNnODlwZ0ZMS2VMMUVCM1B1eGhLSVJfTU9VSkVmeHpOVy1SNkxXUi0ya0k5eFRsbTN6SnkxMllKTjJXN3lzanluLWJZTlJ1c2hudktTZmdDc3lKams1SG1PWVJ2WTRoV2JyQkRMVA?oc=5,"<a href=""https://news.google.com/rss/articles/CBMisAFBVV95cUxOVVk0eHBqZkVQUFJ0X3czT29GSWFEeU5YX1pLNWdxOEpjZHVlUFpGZW9nay1tbFRwVjROcEtZUWUtUGZYUHRSei0tYVNnODlwZ0ZMS2VMMUVCM1B1eGhLSVJfTU9VSkVmeHpOVy1SNkxXUi0ya0k5eFRsbTN6SnkxMllKTjJXN3lzanluLWJZTlJ1c2hudktTZmdDc3lKams1SG1PWVJ2WTRoV2JyQkRMVA?oc=5"" target=""_blank"" class=""btn-link"">🔗 Abrir Noticia</a>",[🔗 Abrir Noticia](https://news.google.com/rss/articles/CBMisAFBVV95cUxOVVk0eHBqZkVQUFJ0X3czT29GSWFEeU5YX1pLNWdxOEpjZHVlUFpGZW9nay1tbFRwVjROcEtZUWUtUGZYUHRSei0tYVNnODlwZ0ZMS2VMMUVCM1B1eGhLSVJfTU9VSkVmeHpOVy1SNkxXUi0ya0k5eFRsbTN6SnkxMllKTjJXN3lzanluLWJZTlJ1c2hudktTZmdDc3lKams1SG1PWVJ2WTRoV2JyQkRMVA?oc=5),Semana Santa terminó en tragedia en Cereté: Un muerto y dos heridos dejó aparatoso accidente larazon.co,77cf462b4ea8c0a2318cb0c1a47f82cfcdf0ae84786e16868e5ec08e1b137f20,2026-08-13 17:04:59
152,🟢 Verificada / Específica,2026-08-13,2026-08-13,larazon.co,"Accidente de tránsito deja una persona herida, frente al INEM - larazon.co","Sector/Barrio INEM, Montería","Sector/Barrio INEM, Montería",INEM,Montería,No especificado,0,1,Alta (Centroide Hito/Barrio Verificado),8.768,-75.865,https://news.google.com/rss/articles/CBMigwFBVV95cUxPZk1ic1U0MV9POGJvMlFTZHk4TDdCclFfN0ZWTkdRQjVwUFRITUZqWlVRYjVCQVQzV1hzN3dheU9Eb2xuT25wUWlqTnVIY2J2Ml81dGNXYUhFNDd2TEhfS2o0VU9GRC1oRmlhVFgyU1BWTkY5UzBFcXR1UndtMExtbUpjbw?oc=5,"<a href=""https://news.google.com/rss/articles/CBMigwFBVV95cUxPZk1ic1U0MV9POGJvMlFTZHk4TDdCclFfN0ZWTkdRQjVwUFRITUZqWlVRYjVCQVQzV1hzN3dheU9Eb2xuT25wUWlqTnVIY2J2Ml81dGNXYUhFNDd2TEhfS2o0VU9GRC1oRmlhVFgyU1BWTkY5UzBFcXR1UndtMExtbUpjbw?oc=5"" target=""_blank"" class=""btn-link"">🔗 Abrir Noticia</a>",[🔗 Abrir Noticia](https://news.google.com/rss/articles/CBMigwFBVV95cUxPZk1ic1U0MV9POGJvMlFTZHk4TDdCclFfN0ZWTkdRQjVwUFRITUZqWlVRYjVCQVQzV1hzN3dheU9Eb2xuT25wUWlqTnVIY2J2Ml81dGNXYUhFNDd2TEhfS2o0VU9GRC1oRmlhVFgyU1BWTkY5UzBFcXR1UndtMExtbUpjbw?oc=5),"Accidente de tránsito deja una persona herida, frente al INEM larazon.co",a4c1630e93e09623187066507b6d8dae302e973c4a859dbe8f359a8af62f4459,2026-08-13 17:04:59
153,🟡 Pendiente (Verificar Noticia),2026-08-13,2026-08-13,Chica Noticias,Brayan David Ávila permanece en UCI tras accidente en Cereté - Chica Noticias,"Municipio de Cereté, Córdoba","Municipio de Cereté, Córdoba",,Cereté,No especificado,0,0,Media (Centroide Municipio Córdoba),8.8844,-75.7908,https://news.google.com/rss/articles/CBMidkFVX3lxTE03QzNOUXNZbHdsOS1Lb3VQejNuaFlENEdIaW1Ta2VWN2hYa2pDUmIyQkNkSFozOXdLWGVqRUdZbWVEOVBHcnpDM3NDSFJzam9EVGc5R0pBQkN4YVgweklGR3pacjdMVGZzZ25ybGZiRy1ObkFKbWc?oc=5,"<a href=""https://news.google.com/rss/articles/CBMidkFVX3lxTE03QzNOUXNZbHdsOS1Lb3VQejNuaFlENEdIaW1Ta2VWN2hYa2pDUmIyQkNkSFozOXdLWGVqRUdZbWVEOVBHcnpDM3NDSFJzam9EVGc5R0pBQkN4YVgweklGR3pacjdMVGZzZ25ybGZiRy1ObkFKbWc?oc=5"" target=""_blank"" class=""btn-link"">🔗 Abrir Noticia</a>",[🔗 Abrir Noticia](https://news.google.com/rss/articles/CBMidkFVX3lxTE03QzNOUXNZbHdsOS1Lb3VQejNuaFlENEdIaW1Ta2VWN2hYa2pDUmIyQkNkSFozOXdLWGVqRUdZbWVEOVBHcnpDM3NDSFJzam9EVGc5R0pBQkN4YVgweklGR3pacjdMVGZzZ25ybGZiRy1ObkFKbWc?oc=5),Brayan David Ávila permanece en UCI tras accidente en Cereté Chica Noticias,9d7ba32f2836f4bb658d44b6561ba9084792d32d5faaf874be6420a64e65b1fa,2026-08-13 17:04:59
154,🟡 Pendiente (Verificar Noticia),2026-08-13,2026-08-13,Chica Noticias,Falleció motociclista tras accidente en la vía Cereté – San Pelayo - Chica Noticias,"Municipio de Cereté, Córdoba","Municipio de Cereté, Córdoba",,Cereté,No especificado,1,0,Media (Centroide Municipio Córdoba),8.8844,-75.7908,https://news.google.com/rss/articles/CBMigAFBVV95cUxNVkw1QWdFaFNOSUp6cElHSnhWaUVhaWRndl9kMmZSTUdoS1FzUnYwUERWbXkzdU5Uc1dPVEVleTdTWVFxdjY2ZjR4MlVXNGxMV2tDNDNQbndLalpBS0JxbjZRSU0zMy1oRWhoc3VpTmFfRFppWUVEaXBzcXFZZ0dMOQ?oc=5,"<a href=""https://news.google.com/rss/articles/CBMigAFBVV95cUxNVkw1QWdFaFNOSUp6cElHSnhWaUVhaWRndl9kMmZSTUdoS1FzUnYwUERWbXkzdU5Uc1dPVEVleTdTWVFxdjY2ZjR4MlVXNGxMV2tDNDNQbndLalpBS0JxbjZRSU0zMy1oRWhoc3VpTmFfRFppWUVEaXBzcXFZZ0dMOQ?oc=5"" target=""_blank"" class=""btn-link"">🔗 Abrir Noticia</a>",[🔗 Abrir Noticia](https://news.google.com/rss/articles/CBMigAFBVV95cUxNVkw1QWdFaFNOSUp6cElHSnhWaUVhaWRndl9kMmZSTUdoS1FzUnYwUERWbXkzdU5Uc1dPVEVleTdTWVFxdjY2ZjR4MlVXNGxMV2tDNDNQbndLalpBS0JxbjZRSU0zMy1oRWhoc3VpTmFfRFppWUVEaXBzcXFZZ0dMOQ?oc=5),Falleció motociclista tras accidente en la vía Cereté – San Pelayo Chica Noticias,091a7e02e7506e13fc0410b22b6240440f59f58b5e0bfa7449d4e031f9df0ac4,2026-08-13 17:04:59
155,🟡 Pendiente (Verificar Noticia),2026-08-13,2026-08-13,Chica Noticias,Tragedia en la vía Montería–Cereté: joven madre fallece tras accidente - Chica Noticias,"Municipio de Cereté, Córdoba","Municipio de Cereté, Córdoba",,Montería,No especificado,0,0,Baja (Centroide General Montería),8.7508,-75.8814,https://news.google.com/rss/articles/CBMiaEFVX3lxTE1mcVNEX1ZJb2VXOEZTZXduR29TclcwcHJYSndNUjluRGFNZER4ZzJYd2pLMmgzSDRsbG1GaGd2blFFWjBVdWRab3hZUXlSLXF4OFpfQjAtWTdwM0pIN1lVMVlpZUI1V1lf?oc=5,"<a href=""https://news.google.com/rss/articles/CBMiaEFVX3lxTE1mcVNEX1ZJb2VXOEZTZXduR29TclcwcHJYSndNUjluRGFNZER4ZzJYd2pLMmgzSDRsbG1GaGd2blFFWjBVdWRab3hZUXlSLXF4OFpfQjAtWTdwM0pIN1lVMVlpZUI1V1lf?oc=5"" target=""_blank"" class=""btn-link"">🔗 Abrir Noticia</a>",[🔗 Abrir Noticia](https://news.google.com/rss/articles/CBMiaEFVX3lxTE1mcVNEX1ZJb2VXOEZTZXduR29TclcwcHJYSndNUjluRGFNZER4ZzJYd2pLMmgzSDRsbG1GaGd2blFFWjBVdWRab3hZUXlSLXF4OFpfQjAtWTdwM0pIN1lVMVlpZUI1V1lf?oc=5),Tragedia en la vía Montería–Cereté: joven madre fallece tras accidente Chica Noticias,37bcbb801a9209df17c320cd55db3fdb0b01e50b61808237c2baee08540740a9,2026-08-13 17:04:59
156,🟡 Pendiente (Verificar Noticia),2026-08-13,2026-08-13,Chica Noticias,Banderillero resultó gravemente herido en accidente en la vía Montería-Cereté - Chica Noticias,"Municipio de Cereté, Córdoba","Municipio de Cereté, Córdoba",,Montería,No especificado,0,1,Baja (Centroide General Montería),8.7508,-75.8814,https://news.google.com/rss/articles/CBMie0FVX3lxTE9BNmNjMmc0elRNSWdES3VBMmtfXzdqREEwbHBGYl9OMWNOVzlIdXExT1NkWWFWSUdyRjFXQTBSbEJIY2c2WDN0VUZYaW9UaE03SklXSi12ZmtuVHZOOHpWSFp4N0pLdTNsN0VkQ00xenQ4cExYekNEZDhIOA?oc=5,"<a href=""https://news.google.com/rss/articles/CBMie0FVX3lxTE9BNmNjMmc0elRNSWdES3VBMmtfXzdqREEwbHBGYl9OMWNOVzlIdXExT1NkWWFWSUdyRjFXQTBSbEJIY2c2WDN0VUZYaW9UaE03SklXSi12ZmtuVHZOOHpWSFp4N0pLdTNsN0VkQ00xenQ4cExYekNEZDhIOA?oc=5"" target=""_blank"" class=""btn-link"">🔗 Abrir Noticia</a>",[🔗 Abrir Noticia](https://news.google.com/rss/articles/CBMie0FVX3lxTE9BNmNjMmc0elRNSWdES3VBMmtfXzdqREEwbHBGYl9OMWNOVzlIdXExT1NkWWFWSUdyRjFXQTBSbEJIY2c2WDN0VUZYaW9UaE03SklXSi12ZmtuVHZOOHpWSFp4N0pLdTNsN0VkQ00xenQ4cExYekNEZDhIOA?oc=5),Banderillero resultó gravemente herido en accidente en la vía Montería-Cereté Chica Noticias,74b734abceb6440e782a9255f0ac37e5a4dccdf0c6ab43880d3a690caf275423,2026-08-13 17:04:59
157,🟡 Pendiente (Verificar Noticia),2026-08-13,2026-08-13,rionoticias.co,Accidente en Ciénaga de Oro–Cereté deja herido y cuestionamientos por atención médica - rionoticias.co,"Municipio de Cereté, Córdoba","Municipio de Cereté, Córdoba",,Cereté,No especificado,0,1,Media (Centroide Municipio Córdoba),8.8844,-75.7908,https://news.google.com/rss/articles/CBMirgFBVV95cUxPWWZDRno4SWNIaktPLVBQd25HOGhkei1YalJFdVl0LVFnQzdwaHlnYm13S2hFQU1ONXBKa1JubG55OUt1OGpvVXZUamVHMlg1SFMzSzU4QWk4VFhZRlhaWGhiSWdqalh0OXJ4TkxCeVJYZUVKcmY3YXhDYmdLRWNVdlF6ZDVlVHhmZndsYV9MSTFTdElDZUdRSTExSFdZcE9vajIzbzAzbjM3X3V2V2fSAbMBQVVfeXFMTmYyRXpwYlRpUnZndGVVanZoeWItUHVORnZVNUxfNFhZWTl3R3NqU0xLZVE3bDd1RzZKM2plQmN6M0NtT0h3NEJfUU5HWHVMMUF3ZEFFMGE4dVBydG0wM1RLZFBWd0dEcjVQbzNqQXhmbHBtTzZTVUQtWkJIY3k5U0ptRzMyMjE0YkZQOTRlNjlkR3JMbjZjUjBsNXpYcnFXZGtsckROOUZ6RHF0eWZWNTFfUGc?oc=5,"<a href=""https://news.google.com/rss/articles/CBMirgFBVV95cUxPWWZDRno4SWNIaktPLVBQd25HOGhkei1YalJFdVl0LVFnQzdwaHlnYm13S2hFQU1ONXBKa1JubG55OUt1OGpvVXZUamVHMlg1SFMzSzU4QWk4VFhZRlhaWGhiSWdqalh0OXJ4TkxCeVJYZUVKcmY3YXhDYmdLRWNVdlF6ZDVlVHhmZndsYV9MSTFTdElDZUdRSTExSFdZcE9vajIzbzAzbjM3X3V2V2fSAbMBQVVfeXFMTmYyRXpwYlRpUnZndGVVanZoeWItUHVORnZVNUxfNFhZWTl3R3NqU0xLZVE3bDd1RzZKM2plQmN6M0NtT0h3NEJfUU5HWHVMMUF3ZEFFMGE4dVBydG0wM1RLZFBWd0dEcjVQbzNqQXhmbHBtTzZTVUQtWkJIY3k5U0ptRzMyMjE0YkZQOTRlNjlkR3JMbjZjUjBsNXpYcnFXZGtsckROOUZ6RHF0eWZWNTFfUGc?oc=5"" target=""_blank"" class=""btn-link"">🔗 Abrir Noticia</a>",[🔗 Abrir Noticia](https://news.google.com/rss/articles/CBMirgFBVV95cUxPWWZDRno4SWNIaktPLVBQd25HOGhkei1YalJFdVl0LVFnQzdwaHlnYm13S2hFQU1ONXBKa1JubG55OUt1OGpvVXZUamVHMlg1SFMzSzU4QWk4VFhZRlhaWGhiSWdqalh0OXJ4TkxCeVJYZUVKcmY3YXhDYmdLRWNVdlF6ZDVlVHhmZndsYV9MSTFTdElDZUdRSTExSFdZcE9vajIzbzAzbjM3X3V2V2fSAbMBQVVfeXFMTmYyRXpwYlRpUnZndGVVanZoeWItUHVORnZVNUxfNFhZWTl3R3NqU0xLZVE3bDd1RzZKM2plQmN6M0NtT0h3NEJfUU5HWHVMMUF3ZEFFMGE4dVBydG0wM1RLZFBWd0dEcjVQbzNqQXhmbHBtTzZTVUQtWkJIY3k5U0ptRzMyMjE0YkZQOTRlNjlkR3JMbjZjUjBsNXpYcnFXZGtsckROOUZ6RHF0eWZWNTFfUGc?oc=5),Accidente en Ciénaga de Oro–Cereté deja herido y cuestionamientos por atención médica rionoticias.co,3b700e729809fc763324d66121a92d497ed6543efcc117b05121a12f6dfa0880,2026-08-13 17:04:59
158,🟡 Pendiente (Verificar Noticia),2026-08-13,2026-08-13,rionoticias.co,Dos personas heridas dejan accidente en la vía Cereté – Ciénaga de oro - rionoticias.co,"Municipio de Cereté, Córdoba","Municipio de Cereté, Córdoba",,Cereté,No especificado,0,2,Media (Centroide Municipio Córdoba),8.8844,-75.7908,https://news.google.com/rss/articles/CBMilwFBVV95cUxPelVsTVRNMXdxN0h3S0M1NGpQeEJqSWNoRWtSajl4MGxTblhSemxrWUxEQzRQUlFrTDF0cy1vV2ljMVA1N2NjRGpudHlDN2laVUhJQ01nb3Q3RjhXOFV6TVlNYnlydGctZUI2UkVpZzB2ZVVyUXducS13dnBjcU5mb25Jb3ZMSUxwQW1fLURnSER6SjJxQ3dF0gGcAUFVX3lxTE5SR2lETFp1VGU2bm5jaldPOW5JLVFwS1kyekdTNkJTdGZvWjN5SjBnZFEzUE1neVROclVpSWNxd2VYc2xHOE9QdTBjNFZreWViSk5KTGpNdktZM0JfTlN6SlhPNEdCTzU3MExYNGtBWVoxSG1QU0tlc3V3dDhYVF9sSHJnMzV6ODNFREdSQUZ3N1VyNDRuZTBaa3R1Ug?oc=5,"<a href=""https://news.google.com/rss/articles/CBMilwFBVV95cUxPelVsTVRNMXdxN0h3S0M1NGpQeEJqSWNoRWtSajl4MGxTblhSemxrWUxEQzRQUlFrTDF0cy1vV2ljMVA1N2NjRGpudHlDN2laVUhJQ01nb3Q3RjhXOFV6TVlNYnlydGctZUI2UkVpZzB2ZVVyUXducS13dnBjcU5mb25Jb3ZMSUxwQW1fLURnSER6SjJxQ3dF0gGcAUFVX3lxTE5SR2lETFp1VGU2bm5jaldPOW5JLVFwS1kyekdTNkJTdGZvWjN5SjBnZFEzUE1neVROclVpSWNxd2VYc2xHOE9QdTBjNFZreWViSk5KTGpNdktZM0JfTlN6SlhPNEdCTzU3MExYNGtBWVoxSG1QU0tlc3V3dDhYVF9sSHJnMzV6ODNFREdSQUZ3N1VyNDRuZTBaa3R1Ug?oc=5"" target=""_blank"" class=""btn-link"">🔗 Abrir Noticia</a>",[🔗 Abrir Noticia](https://news.google.com/rss/articles/CBMilwFBVV95cUxPelVsTVRNMXdxN0h3S0M1NGpQeEJqSWNoRWtSajl4MGxTblhSemxrWUxEQzRQUlFrTDF0cy1vV2ljMVA1N2NjRGpudHlDN2laVUhJQ01nb3Q3RjhXOFV6TVlNYnlydGctZUI2UkVpZzB2ZVVyUXducS13dnBjcU5mb25Jb3ZMSUxwQW1fLURnSER6SjJxQ3dF0gGcAUFVX3lxTE5SR2lETFp1VGU2bm5jaldPOW5JLVFwS1kyekdTNkJTdGZvWjN5SjBnZFEzUE1neVROclVpSWNxd2VYc2xHOE9QdTBjNFZreWViSk5KTGpNdktZM0JfTlN6SlhPNEdCTzU3MExYNGtBWVoxSG1QU0tlc3V3dDhYVF9sSHJnMzV6ODNFREdSQUZ3N1VyNDRuZTBaa3R1Ug?oc=5),Dos personas heridas dejan accidente en la vía Cereté – Ciénaga de oro rionoticias.co,e3fb7851af6f83af3eed586452dc619e1c6a3ff7af14d647d60d0932c1416516,2026-08-13 17:04:59
159,🟡 Pendiente (Verificar Noticia),2026-08-13,2026-08-13,Chica Noticias,¡LUTO EN EL FÚTBOL DE CERETÉ! Falleció el árbitro Ahitob Banda en accidente de tránsito - Chica Noticias,"Municipio de Cereté, Córdoba","Municipio de Cereté, Córdoba",,Cereté,No especificado,1,0,Media (Centroide Municipio Córdoba),8.8844,-75.7908,https://news.google.com/rss/articles/CBMie0FVX3lxTFBEeDdKazgzdTJzUEpTUlI3TDdUX0FBMjZOQkpDWjFPVlJzdjFqUEI4NWsybVBQTktEVkJ5RFppemVRMGRzbUwxT3FfZzBFaGhiNUdqdFliSi01VGVFOF9nREtKZ2VBcUM4WG5Ja2VCREhCd1ZoaTZrbV81bw?oc=5,"<a href=""https://news.google.com/rss/articles/CBMie0FVX3lxTFBEeDdKazgzdTJzUEpTUlI3TDdUX0FBMjZOQkpDWjFPVlJzdjFqUEI4NWsybVBQTktEVkJ5RFppemVRMGRzbUwxT3FfZzBFaGhiNUdqdFliSi01VGVFOF9nREtKZ2VBcUM4WG5Ja2VCREhCd1ZoaTZrbV81bw?oc=5"" target=""_blank"" class=""btn-link"">🔗 Abrir Noticia</a>",[🔗 Abrir Noticia](https://news.google.com/rss/articles/CBMie0FVX3lxTFBEeDdKazgzdTJzUEpTUlI3TDdUX0FBMjZOQkpDWjFPVlJzdjFqUEI4NWsybVBQTktEVkJ5RFppemVRMGRzbUwxT3FfZzBFaGhiNUdqdFliSi01VGVFOF9nREtKZ2VBcUM4WG5Ja2VCREhCd1ZoaTZrbV81bw?oc=5),¡LUTO EN EL FÚTBOL DE CERETÉ! Falleció el árbitro Ahitob Banda en accidente de tránsito Chica Noticias,916f7b8bf7eee34be089d5284611c45dcd36d7d377110c14d2a81072fc823a26,2026-08-13 17:04:59
160,🟢 Verificada / Específica,2026-08-13,2026-08-13,Chica Noticias,Fuerte choque en puente de Mateo Gómez genera alarma en la vía Montería – Cereté - Chica Noticias,"Sector/Barrio Mateo Gómez, Montería","Sector/Barrio Mateo Gómez, Montería",Mateo Gómez,Montería,No especificado,0,0,Alta (Centroide Hito/Barrio Verificado),8.841,-75.801,https://news.google.com/rss/articles/CBMibEFVX3lxTE1QYktBNEtIY043clBjY01PUGJsX2dXNlBrVkdnUzBMZk1DcGhjV0VpQ0xoeE00LXhaeVdtWGdPWXhfdDV2MVhTUVRMZ01mTHdYUWVaLTlYejBVZ3BST1FFcWZfZUdtSGo0djNLeA?oc=5,"<a href=""https://news.google.com/rss/articles/CBMibEFVX3lxTE1QYktBNEtIY043clBjY01PUGJsX2dXNlBrVkdnUzBMZk1DcGhjV0VpQ0xoeE00LXhaeVdtWGdPWXhfdDV2MVhTUVRMZ01mTHdYUWVaLTlYejBVZ3BST1FFcWZfZUdtSGo0djNLeA?oc=5"" target=""_blank"" class=""btn-link"">🔗 Abrir Noticia</a>",[🔗 Abrir Noticia](https://news.google.com/rss/articles/CBMibEFVX3lxTE1QYktBNEtIY043clBjY01PUGJsX2dXNlBrVkdnUzBMZk1DcGhjV0VpQ0xoeE00LXhaeVdtWGdPWXhfdDV2MVhTUVRMZ01mTHdYUWVaLTlYejBVZ3BST1FFcWZfZUdtSGo0djNLeA?oc=5),Fuerte choque en puente de Mateo Gómez genera alarma en la vía Montería – Cereté Chica Noticias,630f70a035784640f01bf5ff1b161594234856c89e2a2815db55943b0c4fc023,2026-08-13 17:05:00
161,🟡 Pendiente (Verificar Noticia),2026-08-13,2026-08-13,Chica Noticias,Joven perdió la vida en accidente en la vía Montería – Cereté - Chica Noticias,"Municipio de Cereté, Córdoba","Municipio de Cereté, Córdoba",,Montería,No especificado,1,0,Baja (Centroide General Montería),8.7508,-75.8814,https://news.google.com/rss/articles/CBMia0FVX3lxTE8wQTVpT0Y3NS1xb1FyY0I5WEFiY3pSWFVBUjh5OWtPcWQ3eHB5cE9zaVY1aHdnLVRZbUtOMUoxT1pON2NJaFpIb2lPaWpGbmdBdldMdGFEQ0FSRkNvSnRNRGhTSTFtNDdxQWFn?oc=5,"<a href=""https://news.google.com/rss/articles/CBMia0FVX3lxTE8wQTVpT0Y3NS1xb1FyY0I5WEFiY3pSWFVBUjh5OWtPcWQ3eHB5cE9zaVY1aHdnLVRZbUtOMUoxT1pON2NJaFpIb2lPaWpGbmdBdldMdGFEQ0FSRkNvSnRNRGhTSTFtNDdxQWFn?oc=5"" target=""_blank"" class=""btn-link"">🔗 Abrir Noticia</a>",[🔗 Abrir Noticia](https://news.google.com/rss/articles/CBMia0FVX3lxTE8wQTVpT0Y3NS1xb1FyY0I5WEFiY3pSWFVBUjh5OWtPcWQ3eHB5cE9zaVY1aHdnLVRZbUtOMUoxT1pON2NJaFpIb2lPaWpGbmdBdldMdGFEQ0FSRkNvSnRNRGhTSTFtNDdxQWFn?oc=5),Joven perdió la vida en accidente en la vía Montería – Cereté Chica Noticias,ea366a83c41f7f9005be9bb5a6e2b24310fbe07a1801fb14f3c8f41f07f6bb82,2026-08-13 17:05:00
162,🟡 Pendiente (Verificar Noticia),2026-08-13,2026-08-13,Chica Noticias,Identifican a las víctimas de trágico accidente en Ciénaga de Oro–Cereté - Chica Noticias,"Municipio de Cereté, Córdoba","Municipio de Cereté, Córdoba",,Cereté,No especificado,0,0,Media (Centroide Municipio Córdoba),8.8844,-75.7908,https://news.google.com/rss/articles/CBMicEFVX3lxTE1vTTFtZm9palhkRExWMWhHQ2FPa2VVLVp3TGZ5TVFHZmN5SF9nZjNHVEpCejU3dkplNk80Y1pkYXBnSFRMRDVPSXVvaFdRb0JuWmRjZ1FZdzh4QXdUVmxZNWUtVjRRQUswcVZUcWZDd08?oc=5,"<a href=""https://news.google.com/rss/articles/CBMicEFVX3lxTE1vTTFtZm9palhkRExWMWhHQ2FPa2VVLVp3TGZ5TVFHZmN5SF9nZjNHVEpCejU3dkplNk80Y1pkYXBnSFRMRDVPSXVvaFdRb0JuWmRjZ1FZdzh4QXdUVmxZNWUtVjRRQUswcVZUcWZDd08?oc=5"" target=""_blank"" class=""btn-link"">🔗 Abrir Noticia</a>",[🔗 Abrir Noticia](https://news.google.com/rss/articles/CBMicEFVX3lxTE1vTTFtZm9palhkRExWMWhHQ2FPa2VVLVp3TGZ5TVFHZmN5SF9nZjNHVEpCejU3dkplNk80Y1pkYXBnSFRMRDVPSXVvaFdRb0JuWmRjZ1FZdzh4QXdUVmxZNWUtVjRRQUswcVZUcWZDd08?oc=5),Identifican a las víctimas de trágico accidente en Ciénaga de Oro–Cereté Chica Noticias,3d21839e2a8d7de46d3f22e342f31bd44daf5a9a367786543561b81202c61d25,2026-08-13 17:05:00
163,🟢 Verificada / Específica,2026-08-13,2026-08-13,Chica Noticias,¡NO FUE EN LA AUTOPISTA! Árbitro de Cereté falleció tras chocar contra un árbol en una vía del barrio Leticia - Chica Noticias,"Sector/Barrio Leticia, Montería","Sector/Barrio Leticia, Montería",Leticia,Montería,No especificado,1,0,Alta (Centroide Hito/Barrio Verificado),8.631,-75.951,https://news.google.com/rss/articles/CBMiZ0FVX3lxTE8zdC01eTRZQXFBUVZFalVxWFR3OVhpOUNNelZTbmZhblZsUHhQdmRiQzRQZGZYS2swSHVDcUdlVUNaN19ZcVFvdE1UaFktY3I1UHUtX2NSek02a2x5NUl0MVNpdUlta1k?oc=5,"<a href=""https://news.google.com/rss/articles/CBMiZ0FVX3lxTE8zdC01eTRZQXFBUVZFalVxWFR3OVhpOUNNelZTbmZhblZsUHhQdmRiQzRQZGZYS2swSHVDcUdlVUNaN19ZcVFvdE1UaFktY3I1UHUtX2NSek02a2x5NUl0MVNpdUlta1k?oc=5"" target=""_blank"" class=""btn-link"">🔗 Abrir Noticia</a>",[🔗 Abrir Noticia](https://news.google.com/rss/articles/CBMiZ0FVX3lxTE8zdC01eTRZQXFBUVZFalVxWFR3OVhpOUNNelZTbmZhblZsUHhQdmRiQzRQZGZYS2swSHVDcUdlVUNaN19ZcVFvdE1UaFktY3I1UHUtX2NSek02a2x5NUl0MVNpdUlta1k?oc=5),¡NO FUE EN LA AUTOPISTA! Árbitro de Cereté falleció tras chocar contra un árbol en una vía del barrio Leticia Chica Noticias,57ba8c819efb4f44c09927d97ce9851474b235b8f577eb28f5168e561c8c7acb,2026-08-13 17:05:00
164,🟡 Pendiente (Verificar Noticia),2026-08-13,2026-08-13,Chica Noticias,¡Luto en Cereté! Falleció la Odontologa Lina Páez en accidente de tránsito - Chica Noticias,"Municipio de Cereté, Córdoba","Municipio de Cereté, Córdoba",,Cereté,No especificado,1,0,Media (Centroide Municipio Córdoba),8.8844,-75.7908,https://news.google.com/rss/articles/CBMitAFBVV95cUxQTUc5c3pzajdVVEhVdVF5NktIdWRYQVR1Y000YlNJZXhfcE5fZV9WRkZOX2h3Sm5iMG1GQlhRNkFkR0NYSXprSFo2OWItR0Ryak0yeEY2T1hjaDk3TVZMZkl4dTBVZC1TUFBOQlh0TUNOMTNuQTk3WXlxMGlNNWZxRnhMUU1tNGtQaDdJRmlwc09lcUlWb2gwOGV2LXBRNWJqekdYNWdnUEhOaTg3MVdEU0Jud2M?oc=5,"<a href=""https://news.google.com/rss/articles/CBMitAFBVV95cUxQTUc5c3pzajdVVEhVdVF5NktIdWRYQVR1Y000YlNJZXhfcE5fZV9WRkZOX2h3Sm5iMG1GQlhRNkFkR0NYSXprSFo2OWItR0Ryak0yeEY2T1hjaDk3TVZMZkl4dTBVZC1TUFBOQlh0TUNOMTNuQTk3WXlxMGlNNWZxRnhMUU1tNGtQaDdJRmlwc09lcUlWb2gwOGV2LXBRNWJqekdYNWdnUEhOaTg3MVdEU0Jud2M?oc=5"" target=""_blank"" class=""btn-link"">🔗 Abrir Noticia</a>",[🔗 Abrir Noticia](https://news.google.com/rss/articles/CBMitAFBVV95cUxQTUc5c3pzajdVVEhVdVF5NktIdWRYQVR1Y000YlNJZXhfcE5fZV9WRkZOX2h3Sm5iMG1GQlhRNkFkR0NYSXprSFo2OWItR0Ryak0yeEY2T1hjaDk3TVZMZkl4dTBVZC1TUFBOQlh0TUNOMTNuQTk3WXlxMGlNNWZxRnhMUU1tNGtQaDdJRmlwc09lcUlWb2gwOGV2LXBRNWJqekdYNWdnUEhOaTg3MVdEU0Jud2M?oc=5),¡Luto en Cereté! Falleció la Odontologa Lina Páez en accidente de tránsito Chica Noticias,16a09b0054feafadfe7fd17b2138da45962c4654e26d3aa607482d83b273ce9a,2026-08-13 17:05:00
165,🟡 Pendiente (Verificar Noticia),2026-08-13,2026-08-13,Diario La Libertad,Protestan en Fiscalía de Cereté por muerte de tres miembros de una familia en Ciénaga de Oro - Diario La Libertad,"Municipio de Cereté, Córdoba","Municipio de Cereté, Córdoba",,Cereté,No especificado,0,0,Media (Centroide Municipio Córdoba),8.8844,-75.7908,https://news.google.com/rss/articles/CBMi0AFBVV95cUxOc0JfUmptcHc3dUNyZkJ2VmZ0c0hwYWUwQnQ5bld6SVhjaE4tQ0dETF9JbWRzaVB1UU40SW5iazAydVFrdDFRWDdhM1Njdk10QlRrb0VCcGtTWUtrQ2l0UGxVMTNwZTRuUGgtYk5GR3YwNDEzMFRRZTVpYzlPNTZGa24ya1c2THRrM0stRGE1dE9ONkF0eXRQU0FMS3VuLWdDbVVBWG90cFhtQk9NMkVjRFppalpuS2VvZEpXWHNvdmZFbG0tLWVnUUFjZk9kTDVw?oc=5,"<a href=""https://news.google.com/rss/articles/CBMi0AFBVV95cUxOc0JfUmptcHc3dUNyZkJ2VmZ0c0hwYWUwQnQ5bld6SVhjaE4tQ0dETF9JbWRzaVB1UU40SW5iazAydVFrdDFRWDdhM1Njdk10QlRrb0VCcGtTWUtrQ2l0UGxVMTNwZTRuUGgtYk5GR3YwNDEzMFRRZTVpYzlPNTZGa24ya1c2THRrM0stRGE1dE9ONkF0eXRQU0FMS3VuLWdDbVVBWG90cFhtQk9NMkVjRFppalpuS2VvZEpXWHNvdmZFbG0tLWVnUUFjZk9kTDVw?oc=5"" target=""_blank"" class=""btn-link"">🔗 Abrir Noticia</a>",[🔗 Abrir Noticia](https://news.google.com/rss/articles/CBMi0AFBVV95cUxOc0JfUmptcHc3dUNyZkJ2VmZ0c0hwYWUwQnQ5bld6SVhjaE4tQ0dETF9JbWRzaVB1UU40SW5iazAydVFrdDFRWDdhM1Njdk10QlRrb0VCcGtTWUtrQ2l0UGxVMTNwZTRuUGgtYk5GR3YwNDEzMFRRZTVpYzlPNTZGa24ya1c2THRrM0stRGE1dE9ONkF0eXRQU0FMS3VuLWdDbVVBWG90cFhtQk9NMkVjRFppalpuS2VvZEpXWHNvdmZFbG0tLWVnUUFjZk9kTDVw?oc=5),Protestan en Fiscalía de Cereté por muerte de tres miembros de una familia en Ciénaga de Oro Diario La Libertad,09d659a013c82631a5a7433e54d3bc37b29a73de31f8d4aedbf000e4f29b2108,2026-08-13 17:05:00
166,🟡 Pendiente (Verificar Noticia),2026-08-13,2026-08-13,Chica Noticias,Accidente de tránsito dejó un adulto y un niño herido frente a Malibú - Chica Noticias,Montería (Casco Urbano / Sector en investigación),Montería (Casco Urbano / Sector en investigación),,Montería,No especificado,0,1,Baja (Centroide General Montería),8.7508,-75.8814,https://news.google.com/rss/articles/CBMiugFBVV95cUxOMEtPUUhlR1pacXRUU3F4dWdKTWhaZ3NvLXZzeXlYOGF0Rmtnck5vaXotTHVEYUdkRXl5b3RYN01EekYzRzcxczFNRHEweldYSEtxa3ZpdWtlWkcyVHdiREdfR3MtRUw3VjZHSHhadFdoZzVvRXF1c0ZPTWxTXzR3ZjlLY191TDM1cGhvS25uN011T0o3dGx0RkRIMU1nSkdrYloxa3o1amV4VkJXa1ptY09rNzRkc2pVWXc?oc=5,"<a href=""https://news.google.com/rss/articles/CBMiugFBVV95cUxOMEtPUUhlR1pacXRUU3F4dWdKTWhaZ3NvLXZzeXlYOGF0Rmtnck5vaXotTHVEYUdkRXl5b3RYN01EekYzRzcxczFNRHEweldYSEtxa3ZpdWtlWkcyVHdiREdfR3MtRUw3VjZHSHhadFdoZzVvRXF1c0ZPTWxTXzR3ZjlLY191TDM1cGhvS25uN011T0o3dGx0RkRIMU1nSkdrYloxa3o1amV4VkJXa1ptY09rNzRkc2pVWXc?oc=5"" target=""_blank"" class=""btn-link"">🔗 Abrir Noticia</a>",[🔗 Abrir Noticia](https://news.google.com/rss/articles/CBMiugFBVV95cUxOMEtPUUhlR1pacXRUU3F4dWdKTWhaZ3NvLXZzeXlYOGF0Rmtnck5vaXotTHVEYUdkRXl5b3RYN01EekYzRzcxczFNRHEweldYSEtxa3ZpdWtlWkcyVHdiREdfR3MtRUw3VjZHSHhadFdoZzVvRXF1c0ZPTWxTXzR3ZjlLY191TDM1cGhvS25uN011T0o3dGx0RkRIMU1nSkdrYloxa3o1amV4VkJXa1ptY09rNzRkc2pVWXc?oc=5),Accidente de tránsito dejó un adulto y un niño herido frente a Malibú Chica Noticias,366a3fcdb5ff300f0d73661314f34adfa42678d32bc9872ee8d447b14940c367,2026-08-13 17:05:00
167,🟡 Pendiente (Verificar Noticia),2026-08-13,2026-08-13,rionoticias.co,"Carlos, el médico que perdió la vida en vías de Córdoba - rionoticias.co",Montería (Casco Urbano / Sector en investigación),Montería (Casco Urbano / Sector en investigación),,Montería,No especificado,1,0,Baja (Centroide General Montería),8.7508,-75.8814,https://news.google.com/rss/articles/CBMihAFBVV95cUxOT0dvd3c5UUN4eWJnWHdJOEN0WlJTVTdwbmpnd19BVl9jVXZ3eldaT1lJV0dWT0cwVUc0UXFxU042SzNuZ2pTUGdMUlNGTHpxSDY5dkxrMzFQdjkyeFVTWlFGaWxjZ09CQjZ5em1DYUNSbHNuYUJGQmVoR29iX2FtM0pLYkbSAYoBQVVfeXFMT2xPUFhiZlJFOEZWdlQwUHR4R0xFY182c2cwY0xWeFRTMVI0azIwdnZaVC1QZDdDNmxmV0UwNllHeENlN2tLdW4wVFFMTEdOT0xkYmItR2NwMlJKQV9aZDQyczBwaS02eUl1YV9mUy1UZzRnMVY2SmxFbk55RVJ2cmM4ZkJXWlVxS1Zn?oc=5,"<a href=""https://news.google.com/rss/articles/CBMihAFBVV95cUxOT0dvd3c5UUN4eWJnWHdJOEN0WlJTVTdwbmpnd19BVl9jVXZ3eldaT1lJV0dWT0cwVUc0UXFxU042SzNuZ2pTUGdMUlNGTHpxSDY5dkxrMzFQdjkyeFVTWlFGaWxjZ09CQjZ5em1DYUNSbHNuYUJGQmVoR29iX2FtM0pLYkbSAYoBQVVfeXFMT2xPUFhiZlJFOEZWdlQwUHR4R0xFY182c2cwY0xWeFRTMVI0azIwdnZaVC1QZDdDNmxmV0UwNllHeENlN2tLdW4wVFFMTEdOT0xkYmItR2NwMlJKQV9aZDQyczBwaS02eUl1YV9mUy1UZzRnMVY2SmxFbk55RVJ2cmM4ZkJXWlVxS1Zn?oc=5"" target=""_blank"" class=""btn-link"">🔗 Abrir Noticia</a>",[🔗 Abrir Noticia](https://news.google.com/rss/articles/CBMihAFBVV95cUxOT0dvd3c5UUN4eWJnWHdJOEN0WlJTVTdwbmpnd19BVl9jVXZ3eldaT1lJV0dWT0cwVUc0UXFxU042SzNuZ2pTUGdMUlNGTHpxSDY5dkxrMzFQdjkyeFVTWlFGaWxjZ09CQjZ5em1DYUNSbHNuYUJGQmVoR29iX2FtM0pLYkbSAYoBQVVfeXFMT2xPUFhiZlJFOEZWdlQwUHR4R0xFY182c2cwY0xWeFRTMVI0azIwdnZaVC1QZDdDNmxmV0UwNllHeENlN2tLdW4wVFFMTEdOT0xkYmItR2NwMlJKQV9aZDQyczBwaS02eUl1YV9mUy1UZzRnMVY2SmxFbk55RVJ2cmM4ZkJXWlVxS1Zn?oc=5),"Carlos, el médico que perdió la vida en vías de Córdoba rionoticias.co",67eb317ecdb58131e4cd77607500df6d992c2bce00d6c05c13470f58f49be91c,2026-08-13 17:05:00
168,🟢 Verificada / Específica,2026-08-13,2026-08-13,Diario del Norte,Joven wayuu fallece tras accidente de tránsito en la Avenida Circunvalar de Manaure - Diario del Norte,"Sector/Barrio Avenida Circunvalar, Montería","Sector/Barrio Avenida Circunvalar, Montería",Avenida Circunvalar,Montería,No especificado,0,0,Alta (Centroide Hito/Barrio Verificado),8.755,-75.875,https://news.google.com/rss/articles/CBMivwFBVV95cUxNWkcwSHYzM1E2VEx0QlM4dTNVRm1xM2l0UVpTRzZHTDQtNEhZNWJFV2Z1eVZ3QWk2SkFScnVtMlFOZlR1VDJ2THNsRG9RQ21McW13SFMteW5JalI1cFV2Q3dfTkhiT050VHR3R01HOUFhc1drSnI5Ulc4YjU1RERodHQ1OThxeGU5TW1rS3BqNjRsUTRxdV9CQUhvV0dSV1dRMk1Sd0o1cHItMVMyMTlxMzBxSmNPaGsyYkJlaDZOcw?oc=5,"<a href=""https://news.google.com/rss/articles/CBMivwFBVV95cUxNWkcwSHYzM1E2VEx0QlM4dTNVRm1xM2l0UVpTRzZHTDQtNEhZNWJFV2Z1eVZ3QWk2SkFScnVtMlFOZlR1VDJ2THNsRG9RQ21McW13SFMteW5JalI1cFV2Q3dfTkhiT050VHR3R01HOUFhc1drSnI5Ulc4YjU1RERodHQ1OThxeGU5TW1rS3BqNjRsUTRxdV9CQUhvV0dSV1dRMk1Sd0o1cHItMVMyMTlxMzBxSmNPaGsyYkJlaDZOcw?oc=5"" target=""_blank"" class=""btn-link"">🔗 Abrir Noticia</a>",[🔗 Abrir Noticia](https://news.google.com/rss/articles/CBMivwFBVV95cUxNWkcwSHYzM1E2VEx0QlM4dTNVRm1xM2l0UVpTRzZHTDQtNEhZNWJFV2Z1eVZ3QWk2SkFScnVtMlFOZlR1VDJ2THNsRG9RQ21McW13SFMteW5JalI1cFV2Q3dfTkhiT050VHR3R01HOUFhc1drSnI5Ulc4YjU1RERodHQ1OThxeGU5TW1rS3BqNjRsUTRxdV9CQUhvV0dSV1dRMk1Sd0o1cHItMVMyMTlxMzBxSmNPaGsyYkJlaDZOcw?oc=5),Joven wayuu fallece tras accidente de tránsito en la Avenida Circunvalar de Manaure Diario del Norte,5163a6694f39ae756d58abb2aaa95d7943c802100a72a74443b2bf5c10aaa17a,2026-08-13 17:05:04
169,🟡 Pendiente (Verificar Noticia),2026-08-13,2026-08-13,larazon.co,Accidente de motos en la circunvalar deja varios heridos - larazon.co,Montería (Casco Urbano / Sector en investigación),Montería (Casco Urbano / Sector en investigación),,Montería,No especificado,0,1,Baja (Centroide General Montería),8.7508,-75.8814,https://news.google.com/rss/articles/CBMiggFBVV95cUxQWWwtanBvaVdLcGU4THdTRmJkaFI3QnV6dW1fTWV4M2pydi1ienNJVWlQVE1fbC1UcWhZQXRUYTRvOE00RWZLS3NEOUgzd0pEa09Nd25rYnRSMUJjWWttdWlPcC1ybmVTc3kySHR0N2hycjFBQ2E5SkRZMFA2aTNpTFlR?oc=5,"<a href=""https://news.google.com/rss/articles/CBMiggFBVV95cUxQWWwtanBvaVdLcGU4THdTRmJkaFI3QnV6dW1fTWV4M2pydi1ienNJVWlQVE1fbC1UcWhZQXRUYTRvOE00RWZLS3NEOUgzd0pEa09Nd25rYnRSMUJjWWttdWlPcC1ybmVTc3kySHR0N2hycjFBQ2E5SkRZMFA2aTNpTFlR?oc=5"" target=""_blank"" class=""btn-link"">🔗 Abrir Noticia</a>",[🔗 Abrir Noticia](https://news.google.com/rss/articles/CBMiggFBVV95cUxQWWwtanBvaVdLcGU4THdTRmJkaFI3QnV6dW1fTWV4M2pydi1ienNJVWlQVE1fbC1UcWhZQXRUYTRvOE00RWZLS3NEOUgzd0pEa09Nd25rYnRSMUJjWWttdWlPcC1ybmVTc3kySHR0N2hycjFBQ2E5SkRZMFA2aTNpTFlR?oc=5),Accidente de motos en la circunvalar deja varios heridos larazon.co,fecc62d263bc084e4c64d32df7b2c291db00302b6ecb4a857006e52706c1c28c,2026-08-13 17:05:04
170,🟡 Pendiente (Verificar Noticia),2026-08-13,2026-08-13,Caracol Radio,Un accidente cobró la vida de un ciclista en el Día Sin Carro y Sin Moto en Montería - Caracol Radio,Montería (Casco Urbano / Sector en investigación),Montería (Casco Urbano / Sector en investigación),,Montería,"Motocicleta, Automóvil, Bicicleta",0,0,Baja (Centroide General Montería),8.7508,-75.8814,https://news.google.com/rss/articles/CBMiuwFBVV95cUxNZEx2YUlLMjJkakNqNnhjb2ZsUjNpclBUZ1RVdWlwN1JVc2RYZ1ZFR2Y5MERPeEprR2dVYmhCVXh2SUR2ZWZ1by1zem5pVHNBYXVwSGtCSmZObjU3SDk3V2FVSzlqTHYtUHBtMU5DbmZ2d1drc0lrRXlhdkcxMVZVcFRwbF8yRkg2aGtpb2cxc2oyenB6WWMwRzhIalJpb0pyR3FOcDJ6T01ORURVSmJ5aVpHS2NUS0FUT05J0gHPAUFVX3lxTE5uOVJYS09zV0wzdE52V25fVFZOMGFfNlR2Z2lONURpMGtlTkdGTFR6VC02VGhNOFZYb2xVdHFRTGhqTUMzU1dHTmpBOXUtMzNIQUprcjRTVnB2VkY1eDlDV1dRQ01xSGlGMGY4RXp1cVI4RHZna0k4OE1COEY1UW9GdXdhOFRsSzhiQ0w2QnhRTHFhREpJMUhDeWFHdl9ydmxCU3N5eFJsNExWckpYZXFockhyTTIyVXVJbGh2Y05Jd2VJRmxubGNDUUNOVmgyRQ?oc=5,"<a href=""https://news.google.com/rss/articles/CBMiuwFBVV95cUxNZEx2YUlLMjJkakNqNnhjb2ZsUjNpclBUZ1RVdWlwN1JVc2RYZ1ZFR2Y5MERPeEprR2dVYmhCVXh2SUR2ZWZ1by1zem5pVHNBYXVwSGtCSmZObjU3SDk3V2FVSzlqTHYtUHBtMU5DbmZ2d1drc0lrRXlhdkcxMVZVcFRwbF8yRkg2aGtpb2cxc2oyenB6WWMwRzhIalJpb0pyR3FOcDJ6T01ORURVSmJ5aVpHS2NUS0FUT05J0gHPAUFVX3lxTE5uOVJYS09zV0wzdE52V25fVFZOMGFfNlR2Z2lONURpMGtlTkdGTFR6VC02VGhNOFZYb2xVdHFRTGhqTUMzU1dHTmpBOXUtMzNIQUprcjRTVnB2VkY1eDlDV1dRQ01xSGlGMGY4RXp1cVI4RHZna0k4OE1COEY1UW9GdXdhOFRsSzhiQ0w2QnhRTHFhREpJMUhDeWFHdl9ydmxCU3N5eFJsNExWckpYZXFockhyTTIyVXVJbGh2Y05Jd2VJRmxubGNDUUNOVmgyRQ?oc=5"" target=""_blank"" class=""btn-link"">🔗 Abrir Noticia</a>",[🔗 Abrir Noticia](https://news.google.com/rss/articles/CBMiuwFBVV95cUxNZEx2YUlLMjJkakNqNnhjb2ZsUjNpclBUZ1RVdWlwN1JVc2RYZ1ZFR2Y5MERPeEprR2dVYmhCVXh2SUR2ZWZ1by1zem5pVHNBYXVwSGtCSmZObjU3SDk3V2FVSzlqTHYtUHBtMU5DbmZ2d1drc0lrRXlhdkcxMVZVcFRwbF8yRkg2aGtpb2cxc2oyenB6WWMwRzhIalJpb0pyR3FOcDJ6T01ORURVSmJ5aVpHS2NUS0FUT05J0gHPAUFVX3lxTE5uOVJYS09zV0wzdE52V25fVFZOMGFfNlR2Z2lONURpMGtlTkdGTFR6VC02VGhNOFZYb2xVdHFRTGhqTUMzU1dHTmpBOXUtMzNIQUprcjRTVnB2VkY1eDlDV1dRQ01xSGlGMGY4RXp1cVI4RHZna0k4OE1COEY1UW9GdXdhOFRsSzhiQ0w2QnhRTHFhREpJMUhDeWFHdl9ydmxCU3N5eFJsNExWckpYZXFockhyTTIyVXVJbGh2Y05Jd2VJRmxubGNDUUNOVmgyRQ?oc=5),Un accidente cobró la vida de un ciclista en el Día Sin Carro y Sin Moto en Montería Caracol Radio,cf28fb73174b28aa0ba5712cf71453127ebdaf10efda3b2533d680e44ec12de7,2026-08-13 17:05:04
171,🟢 Verificada / Específica,2026-08-13,2026-08-13,ELHERALDO.CO,Montería: joven motociclista murió en la Avenida Circunvalar luego de perder el control de su vehículo - ELHERALDO.CO,"Sector/Barrio Avenida Circunvalar, Montería","Sector/Barrio Avenida Circunvalar, Montería",Avenida Circunvalar,Montería,No especificado,1,0,Alta (Centroide Hito/Barrio Verificado),8.755,-75.875,https://news.google.com/rss/articles/CBMi6gFBVV95cUxQTWxJbHJUY3NtcEdqTHZTOHRXZWxFR3RuR08wUndJV204YTlmV3Q1Zld3b29xWTVpWGtOTm44eVZ4UEkzOS1PTlAzbXJCLXRvaTd2Z1J2Wkw3aGszV09EbkV2bGtBNjR3VGt5VWY2cFFyUFM3UkpfRi1qWFc4MlQ3Zm4yekVrTW5hSExDMTJLV2U1d2RuY28tRjBIaFhoRWlUd1VqczZ0UDVIdGxiUHZ3QmpwZUdJNElBVTF2MjJ0TkhRTGdwRXNYbVNuYzBVbW5rNW5wcFhrUTY3UTdsTVRNYUtaRnh2OGhxdmfSAYQCQVVfeXFMUFc1N005VXJCd0p0RENXLUxGWXpfeWxESk8wSGx3QzUtWjFIbjJYeC13cEZDQzlFNk5fQUxOSFV2bjNBLWZtMUVjaEJjVlVQOXVfcGhpOGpXT2dzSEE2cXp3eXdwTmdmSWQ0dXZad3BweExTbzBNejJ3clREaUl5R2IwTkRLSjVGamI1X0Y3czZYaVZvd1JSWVA1Z1JRQWpMZTBmcTB5MmVsUmZ0S2JtRzM3OFRmS2k2d1ZlZGQ5bVc2NjJNNEpHWHphOFJwVnh1Wl9vWmUxUC1WNmtWN192V2Z6YkI0U2lMQ1Nfb1NET2JwcGc0R0lvWGJMZWpsdzhhd1lDeEQ?oc=5,"<a href=""https://news.google.com/rss/articles/CBMi6gFBVV95cUxQTWxJbHJUY3NtcEdqTHZTOHRXZWxFR3RuR08wUndJV204YTlmV3Q1Zld3b29xWTVpWGtOTm44eVZ4UEkzOS1PTlAzbXJCLXRvaTd2Z1J2Wkw3aGszV09EbkV2bGtBNjR3VGt5VWY2cFFyUFM3UkpfRi1qWFc4MlQ3Zm4yekVrTW5hSExDMTJLV2U1d2RuY28tRjBIaFhoRWlUd1VqczZ0UDVIdGxiUHZ3QmpwZUdJNElBVTF2MjJ0TkhRTGdwRXNYbVNuYzBVbW5rNW5wcFhrUTY3UTdsTVRNYUtaRnh2OGhxdmfSAYQCQVVfeXFMUFc1N005VXJCd0p0RENXLUxGWXpfeWxESk8wSGx3QzUtWjFIbjJYeC13cEZDQzlFNk5fQUxOSFV2bjNBLWZtMUVjaEJjVlVQOXVfcGhpOGpXT2dzSEE2cXp3eXdwTmdmSWQ0dXZad3BweExTbzBNejJ3clREaUl5R2IwTkRLSjVGamI1X0Y3czZYaVZvd1JSWVA1Z1JRQWpMZTBmcTB5MmVsUmZ0S2JtRzM3OFRmS2k2d1ZlZGQ5bVc2NjJNNEpHWHphOFJwVnh1Wl9vWmUxUC1WNmtWN192V2Z6YkI0U2lMQ1Nfb1NET2JwcGc0R0lvWGJMZWpsdzhhd1lDeEQ?oc=5"" target=""_blank"" class=""btn-link"">🔗 Abrir Noticia</a>",[🔗 Abrir Noticia](https://news.google.com/rss/articles/CBMi6gFBVV95cUxQTWxJbHJUY3NtcEdqTHZTOHRXZWxFR3RuR08wUndJV204YTlmV3Q1Zld3b29xWTVpWGtOTm44eVZ4UEkzOS1PTlAzbXJCLXRvaTd2Z1J2Wkw3aGszV09EbkV2bGtBNjR3VGt5VWY2cFFyUFM3UkpfRi1qWFc4MlQ3Zm4yekVrTW5hSExDMTJLV2U1d2RuY28tRjBIaFhoRWlUd1VqczZ0UDVIdGxiUHZ3QmpwZUdJNElBVTF2MjJ0TkhRTGdwRXNYbVNuYzBVbW5rNW5wcFhrUTY3UTdsTVRNYUtaRnh2OGhxdmfSAYQCQVVfeXFMUFc1N005VXJCd0p0RENXLUxGWXpfeWxESk8wSGx3QzUtWjFIbjJYeC13cEZDQzlFNk5fQUxOSFV2bjNBLWZtMUVjaEJjVlVQOXVfcGhpOGpXT2dzSEE2cXp3eXdwTmdmSWQ0dXZad3BweExTbzBNejJ3clREaUl5R2IwTkRLSjVGamI1X0Y3czZYaVZvd1JSWVA1Z1JRQWpMZTBmcTB5MmVsUmZ0S2JtRzM3OFRmS2k2d1ZlZGQ5bVc2NjJNNEpHWHphOFJwVnh1Wl9vWmUxUC1WNmtWN192V2Z6YkI0U2lMQ1Nfb1NET2JwcGc0R0lvWGJMZWpsdzhhd1lDeEQ?oc=5),Montería: joven motociclista murió en la Avenida Circunvalar luego de perder el control de su vehículo ELHERALDO.CO,2fa4cf8d77f0c57dd21508423e77bb484e235f12d4cbb49aeebd0e3a089b793b,2026-08-13 17:05:04
172,🟡 Pendiente (Verificar Noticia),2026-08-13,2026-08-13,Aldia.co,Murió joven tras grave siniestro vial en la Circunvalar - Aldia.co,Montería (Casco Urbano / Sector en investigación),Montería (Casco Urbano / Sector en investigación),,Montería,No especificado,1,0,Baja (Centroide General Montería),8.7508,-75.8814,https://news.google.com/rss/articles/CBMilwFBVV95cUxOTWdoSnNkdFFVZV9KYlhINGpYNUR4aVJKY2NMNW4xd2tiMmR5RDFCNER2dUlSRWJQNzlUUHpOQ0k1NVlVdUg2YXJXVEdkb2NEVmNkZFlOdENfN0ZER1pkZTVZRmZXWF92MllDTlg4cFhwZDFsZlF0X1lLeDh0bzl5MHRRQXhBLS1wcDBsbjZqM2ZqZFFtUF9F?oc=5,"<a href=""https://news.google.com/rss/articles/CBMilwFBVV95cUxOTWdoSnNkdFFVZV9KYlhINGpYNUR4aVJKY2NMNW4xd2tiMmR5RDFCNER2dUlSRWJQNzlUUHpOQ0k1NVlVdUg2YXJXVEdkb2NEVmNkZFlOdENfN0ZER1pkZTVZRmZXWF92MllDTlg4cFhwZDFsZlF0X1lLeDh0bzl5MHRRQXhBLS1wcDBsbjZqM2ZqZFFtUF9F?oc=5"" target=""_blank"" class=""btn-link"">🔗 Abrir Noticia</a>",[🔗 Abrir Noticia](https://news.google.com/rss/articles/CBMilwFBVV95cUxOTWdoSnNkdFFVZV9KYlhINGpYNUR4aVJKY2NMNW4xd2tiMmR5RDFCNER2dUlSRWJQNzlUUHpOQ0k1NVlVdUg2YXJXVEdkb2NEVmNkZFlOdENfN0ZER1pkZTVZRmZXWF92MllDTlg4cFhwZDFsZlF0X1lLeDh0bzl5MHRRQXhBLS1wcDBsbjZqM2ZqZFFtUF9F?oc=5),Murió joven tras grave siniestro vial en la Circunvalar Aldia.co,22b059d06e605b1b9b9bbc5a931e20d8642d3b437ca45ca143ebf0e8428a6ae4,2026-08-13 17:05:04
173,🟡 Pendiente (Verificar Noticia),2026-08-13,2026-08-13,El Tiempo,Video capta el momento exacto del brutal choque entre un motociclista y una máquina de bomberos de Barranquilla - El Tiempo,Montería (Casco Urbano / Sector en investigación),Montería (Casco Urbano / Sector en investigación),,Montería,No especificado,0,0,Baja (Centroide General Montería),8.7508,-75.8814,https://news.google.com/rss/articles/CBMi-gFBVV95cUxOa0JqSjJicDdsQndLXzVzd05nLVJpMWFYV3FHXzc3THhwMDdBQzZqdk40TW1zMGNKckNaQ0t2RkdkWU5lcVVsQ29JQ3VBeEZ2OHZ1UVdKc0dsWmhVRzhNdk9sVDNjR0NGM2hxajU1WklLVlQzNFJHbVU2NVlKM2dGM25XSWJyeVk4VUxZLWpiZDdoYnJWVGlCcm95V25ObDdwdGlhY0FOeVVvZV9mb2pGdmNncVFlVUs1eHF6MmxPRHhyX1daOF92YkZxOEVWbE1TYjdnNHpqWmZoWXZVZUVxTWxLRUM5SXhyR0htVVBjYWNhS3F3dFJOVWxR0gH_AUFVX3lxTE80bnNmc2d6TW4yVHYyVDc4bzVfMGtVZFB1T3MxaC1OVzBZZk43U0xMbUpXd1NXdFB6dHhLRDkyZ3o0R19NcVpld0JfZFlSV3dxTnV4NDJKSWdTX25VV21GMWEzSmV3V1F0TmVyMXBIa3FmUzNhZEtpeWZ0dXJXRXhUN3lCeFkyaEJLQWJBZlppd2Ewc01OaVFZRmk2Tjh1RWNXX2U4eFVnNHNwT3JidEtqVm1MSkZCc2h2aEtoaHBqUW0wcldGX1JSUUdHWGQzVU5fWTQwVnNLQTZfcFl0SnhlS2tfVXVVUDJyVkV6cURSVXdSSkRPc0JJdmY5NV9IQQ?oc=5,"<a href=""https://news.google.com/rss/articles/CBMi-gFBVV95cUxOa0JqSjJicDdsQndLXzVzd05nLVJpMWFYV3FHXzc3THhwMDdBQzZqdk40TW1zMGNKckNaQ0t2RkdkWU5lcVVsQ29JQ3VBeEZ2OHZ1UVdKc0dsWmhVRzhNdk9sVDNjR0NGM2hxajU1WklLVlQzNFJHbVU2NVlKM2dGM25XSWJyeVk4VUxZLWpiZDdoYnJWVGlCcm95V25ObDdwdGlhY0FOeVVvZV9mb2pGdmNncVFlVUs1eHF6MmxPRHhyX1daOF92YkZxOEVWbE1TYjdnNHpqWmZoWXZVZUVxTWxLRUM5SXhyR0htVVBjYWNhS3F3dFJOVWxR0gH_AUFVX3lxTE80bnNmc2d6TW4yVHYyVDc4bzVfMGtVZFB1T3MxaC1OVzBZZk43U0xMbUpXd1NXdFB6dHhLRDkyZ3o0R19NcVpld0JfZFlSV3dxTnV4NDJKSWdTX25VV21GMWEzSmV3V1F0TmVyMXBIa3FmUzNhZEtpeWZ0dXJXRXhUN3lCeFkyaEJLQWJBZlppd2Ewc01OaVFZRmk2Tjh1RWNXX2U4eFVnNHNwT3JidEtqVm1MSkZCc2h2aEtoaHBqUW0wcldGX1JSUUdHWGQzVU5fWTQwVnNLQTZfcFl0SnhlS2tfVXVVUDJyVkV6cURSVXdSSkRPc0JJdmY5NV9IQQ?oc=5"" target=""_blank"" class=""btn-link"">🔗 Abrir Noticia</a>",[🔗 Abrir Noticia](https://news.google.com/rss/articles/CBMi-gFBVV95cUxOa0JqSjJicDdsQndLXzVzd05nLVJpMWFYV3FHXzc3THhwMDdBQzZqdk40TW1zMGNKckNaQ0t2RkdkWU5lcVVsQ29JQ3VBeEZ2OHZ1UVdKc0dsWmhVRzhNdk9sVDNjR0NGM2hxajU1WklLVlQzNFJHbVU2NVlKM2dGM25XSWJyeVk4VUxZLWpiZDdoYnJWVGlCcm95V25ObDdwdGlhY0FOeVVvZV9mb2pGdmNncVFlVUs1eHF6MmxPRHhyX1daOF92YkZxOEVWbE1TYjdnNHpqWmZoWXZVZUVxTWxLRUM5SXhyR0htVVBjYWNhS3F3dFJOVWxR0gH_AUFVX3lxTE80bnNmc2d6TW4yVHYyVDc4bzVfMGtVZFB1T3MxaC1OVzBZZk43U0xMbUpXd1NXdFB6dHhLRDkyZ3o0R19NcVpld0JfZFlSV3dxTnV4NDJKSWdTX25VV21GMWEzSmV3V1F0TmVyMXBIa3FmUzNhZEtpeWZ0dXJXRXhUN3lCeFkyaEJLQWJBZlppd2Ewc01OaVFZRmk2Tjh1RWNXX2U4eFVnNHNwT3JidEtqVm1MSkZCc2h2aEtoaHBqUW0wcldGX1JSUUdHWGQzVU5fWTQwVnNLQTZfcFl0SnhlS2tfVXVVUDJyVkV6cURSVXdSSkRPc0JJdmY5NV9IQQ?oc=5),Video capta el momento exacto del brutal choque entre un motociclista y una máquina de bomberos de Barranquilla El Tiempo,f5f322df8ecb3ed83ffa16374eac168fd88b18bd3700d3b0b38bda8c5d99f27d,2026-08-13 17:05:04
174,🟡 Pendiente (Verificar Noticia),2026-08-13,2026-08-13,larazon.co,"La Popó sufre grave accidente vial sobre la AV. Circunvalar, otra persona está gravemente herida - larazon.co",Montería (Casco Urbano / Sector en investigación),Montería (Casco Urbano / Sector en investigación),,Montería,No especificado,0,1,Baja (Centroide General Montería),8.7508,-75.8814,https://news.google.com/rss/articles/CBMitAFBVV95cUxPdFR3dVhEZWZabVBmcGtCanc2V2JJRWJXejJTVGp3T2hIQ19DdE9KRWtaQWM3WmN6emViRzJCR1lfQ2tGVVk1Vk9LTVhnY0oyX3lKWko3dklIT0IyNTdCS2xTUnJMSVhfY2RKalNYQmtCMjBTa05NLXFEM2V0T3htOHNnV0xDWG9VUGhvYTNlTVZaaWVNRW9pVmstNHFRNGJUcGEwRnhleHcybHppcVQ0ZHRESXM?oc=5,"<a href=""https://news.google.com/rss/articles/CBMitAFBVV95cUxPdFR3dVhEZWZabVBmcGtCanc2V2JJRWJXejJTVGp3T2hIQ19DdE9KRWtaQWM3WmN6emViRzJCR1lfQ2tGVVk1Vk9LTVhnY0oyX3lKWko3dklIT0IyNTdCS2xTUnJMSVhfY2RKalNYQmtCMjBTa05NLXFEM2V0T3htOHNnV0xDWG9VUGhvYTNlTVZaaWVNRW9pVmstNHFRNGJUcGEwRnhleHcybHppcVQ0ZHRESXM?oc=5"" target=""_blank"" class=""btn-link"">🔗 Abrir Noticia</a>",[🔗 Abrir Noticia](https://news.google.com/rss/articles/CBMitAFBVV95cUxPdFR3dVhEZWZabVBmcGtCanc2V2JJRWJXejJTVGp3T2hIQ19DdE9KRWtaQWM3WmN6emViRzJCR1lfQ2tGVVk1Vk9LTVhnY0oyX3lKWko3dklIT0IyNTdCS2xTUnJMSVhfY2RKalNYQmtCMjBTa05NLXFEM2V0T3htOHNnV0xDWG9VUGhvYTNlTVZaaWVNRW9pVmstNHFRNGJUcGEwRnhleHcybHppcVQ0ZHRESXM?oc=5),"La Popó sufre grave accidente vial sobre la AV. Circunvalar, otra persona está gravemente herida larazon.co",af60bbb227084dfb7d86694b29063e5522c02a957527499ad4ef278b9d3277e8,2026-08-13 17:05:04
175,🟡 Pendiente (Verificar Noticia),2026-08-13,2026-08-13,facebook.com,"#Video | “Se quedó, como un caballero”: Pablo Montero sufre accidente automovilístico afuera del teatro en donde se presenta ‘Perfume de Gardenia’ https://mile.io/4uRcU6c - facebook.com",Montería (Casco Urbano / Sector en investigación),Montería (Casco Urbano / Sector en investigación),,Montería,No especificado,0,0,Baja (Centroide General Montería),8.7508,-75.8814,https://news.google.com/rss/articles/CBMi6AFBVV95cUxNOHJ1OVA1UlFzS1JGNHBGWlNzcnZQamtiQm1NSGQtcjdCZFlHMTNfcDJUVjVVQkoxcTdmUE12MHJkX0pLVGZOZnItM3VjZ2xaSndQUVRicTFqUXk3S3RnMDVBa0pwSVY0RHFOQlo2UU9HSFZsMmFhVkNPQTlXbC14Smt0dm9XdFA4XzRTMnhYRlhKamRBVTdDeXR6LTdMeDJvbDUtVERmelFmWk5xOEVXRUI2bDhFVlNqbzhNRlRZVldrM3otQjYtaXZCb2hhYTNsU1BaaVlOR2JBWUVWVEVQWDZ3UVhIZG5U?oc=5,"<a href=""https://news.google.com/rss/articles/CBMi6AFBVV95cUxNOHJ1OVA1UlFzS1JGNHBGWlNzcnZQamtiQm1NSGQtcjdCZFlHMTNfcDJUVjVVQkoxcTdmUE12MHJkX0pLVGZOZnItM3VjZ2xaSndQUVRicTFqUXk3S3RnMDVBa0pwSVY0RHFOQlo2UU9HSFZsMmFhVkNPQTlXbC14Smt0dm9XdFA4XzRTMnhYRlhKamRBVTdDeXR6LTdMeDJvbDUtVERmelFmWk5xOEVXRUI2bDhFVlNqbzhNRlRZVldrM3otQjYtaXZCb2hhYTNsU1BaaVlOR2JBWUVWVEVQWDZ3UVhIZG5U?oc=5"" target=""_blank"" class=""btn-link"">🔗 Abrir Noticia</a>",[🔗 Abrir Noticia](https://news.google.com/rss/articles/CBMi6AFBVV95cUxNOHJ1OVA1UlFzS1JGNHBGWlNzcnZQamtiQm1NSGQtcjdCZFlHMTNfcDJUVjVVQkoxcTdmUE12MHJkX0pLVGZOZnItM3VjZ2xaSndQUVRicTFqUXk3S3RnMDVBa0pwSVY0RHFOQlo2UU9HSFZsMmFhVkNPQTlXbC14Smt0dm9XdFA4XzRTMnhYRlhKamRBVTdDeXR6LTdMeDJvbDUtVERmelFmWk5xOEVXRUI2bDhFVlNqbzhNRlRZVldrM3otQjYtaXZCb2hhYTNsU1BaaVlOR2JBWUVWVEVQWDZ3UVhIZG5U?oc=5),"#Video | “Se quedó, como un caballero”: Pablo Montero sufre accidente automovilístico afuera del teatro en donde se presenta ‘Perfume de Gardenia’ https://mile.io/4uRcU6c facebook.com",07862988591084b8b2fec6b8b410839e96212c0729a058c3bdeda33b2b22dc3b,2026-08-13 17:05:04
176,🟡 Pendiente (Verificar Noticia),2026-08-13,2026-08-13,ELHERALDO.CO,Barranquilla: grave accidente de tránsito en la Circunvalar deja varios heridos - ELHERALDO.CO,Montería (Casco Urbano / Sector en investigación),Montería (Casco Urbano / Sector en investigación),,Montería,No especificado,0,1,Baja (Centroide General Montería),8.7508,-75.8814,https://news.google.com/rss/articles/CBMiywFBVV95cUxOMTFhU2FFTTZ2N2FUY0hON2JtYURrYUktc01DbVB1bHhMRU5vb0N3WEkwUkhqVVdDcW9fQkFYM1RqVlU3b215UHJYSnR1M0ZJTXdDUzVaSFI1ZFRTODc4TjFuME12TGpXblJHVThJSmVfc0N4WTJTQU1IdnkxMmhOX05DaGhCdkFnWERvTEQ5T19YOGtSby00U1Z3b0ZQYkJkbl9YUEREaHVveTJkLWhxenFGUGpDTlo1b2tsOFBYZndmeDVEcmFBczhqa9IB5gFBVV95cUxNeHR2c2YxSVJueWJkTTQ5TWVzUFQyU25NdUNjUG9ucmxWN0ljLXA0R3VnMXg0dUdyay1kcWNhSmxSQ3Zjc1RwRDMzU1l3bUcwdVlrRENrQjRKbXRJcGs5N0g4emJ1cEFQUXlxQU5tTXR3dG9KZzNaRm9xSnBMaHBRVkF0OVVCSU5nRGpfVHhqQjhSd2NzblI3LW92Mzh2SkpVaTVwQWp2Nk1TUlJYWWhYaVhCRnJITW1UTGVWSGR6cXBLQjFkQ0l0UU9SZjA2VlBfdG9IcUg1YW9rcDU5cVpUUWlySVJ5UQ?oc=5,"<a href=""https://news.google.com/rss/articles/CBMiywFBVV95cUxOMTFhU2FFTTZ2N2FUY0hON2JtYURrYUktc01DbVB1bHhMRU5vb0N3WEkwUkhqVVdDcW9fQkFYM1RqVlU3b215UHJYSnR1M0ZJTXdDUzVaSFI1ZFRTODc4TjFuME12TGpXblJHVThJSmVfc0N4WTJTQU1IdnkxMmhOX05DaGhCdkFnWERvTEQ5T19YOGtSby00U1Z3b0ZQYkJkbl9YUEREaHVveTJkLWhxenFGUGpDTlo1b2tsOFBYZndmeDVEcmFBczhqa9IB5gFBVV95cUxNeHR2c2YxSVJueWJkTTQ5TWVzUFQyU25NdUNjUG9ucmxWN0ljLXA0R3VnMXg0dUdyay1kcWNhSmxSQ3Zjc1RwRDMzU1l3bUcwdVlrRENrQjRKbXRJcGs5N0g4emJ1cEFQUXlxQU5tTXR3dG9KZzNaRm9xSnBMaHBRVkF0OVVCSU5nRGpfVHhqQjhSd2NzblI3LW92Mzh2SkpVaTVwQWp2Nk1TUlJYWWhYaVhCRnJITW1UTGVWSGR6cXBLQjFkQ0l0UU9SZjA2VlBfdG9IcUg1YW9rcDU5cVpUUWlySVJ5UQ?oc=5"" target=""_blank"" class=""btn-link"">🔗 Abrir Noticia</a>",[🔗 Abrir Noticia](https://news.google.com/rss/articles/CBMiywFBVV95cUxOMTFhU2FFTTZ2N2FUY0hON2JtYURrYUktc01DbVB1bHhMRU5vb0N3WEkwUkhqVVdDcW9fQkFYM1RqVlU3b215UHJYSnR1M0ZJTXdDUzVaSFI1ZFRTODc4TjFuME12TGpXblJHVThJSmVfc0N4WTJTQU1IdnkxMmhOX05DaGhCdkFnWERvTEQ5T19YOGtSby00U1Z3b0ZQYkJkbl9YUEREaHVveTJkLWhxenFGUGpDTlo1b2tsOFBYZndmeDVEcmFBczhqa9IB5gFBVV95cUxNeHR2c2YxSVJueWJkTTQ5TWVzUFQyU25NdUNjUG9ucmxWN0ljLXA0R3VnMXg0dUdyay1kcWNhSmxSQ3Zjc1RwRDMzU1l3bUcwdVlrRENrQjRKbXRJcGs5N0g4emJ1cEFQUXlxQU5tTXR3dG9KZzNaRm9xSnBMaHBRVkF0OVVCSU5nRGpfVHhqQjhSd2NzblI3LW92Mzh2SkpVaTVwQWp2Nk1TUlJYWWhYaVhCRnJITW1UTGVWSGR6cXBLQjFkQ0l0UU9SZjA2VlBfdG9IcUg1YW9rcDU5cVpUUWlySVJ5UQ?oc=5),Barranquilla: grave accidente de tránsito en la Circunvalar deja varios heridos ELHERALDO.CO,829c6f459bc684eae67d875efed8f9ef202ae5aeca0085bba0dfa562d8557ca1,2026-08-13 17:05:04
177,🟡 Pendiente (Verificar Noticia),2026-08-13,2026-08-13,emisoraatlantico.com.co,"En accidente de tránsito en la Circunvalar, muere trabajador del Hogar San Camilo - Emisora Atlántico - emisoraatlantico.com.co",Montería (Casco Urbano / Sector en investigación),Montería (Casco Urbano / Sector en investigación),,Montería,No especificado,0,0,Baja (Centroide General Montería),8.7508,-75.8814,https://news.google.com/rss/articles/CBMiwwFBVV95cUxPbENmWDBxTnYtQ2RTcGVyb0JuUi1ZRjU4bEFFdzE0SXgtYTBFM3VYNU9jNWl6ckxScEI4c0Y2amF6WWpvSFZaM3Q1ay1qOGRsT18zZEQ3RUo4dlpoOEdRSGhfamtqWlM4Q0hFcDB3TVFoZXVzLXBDd0ZZZXRVVjRZR3hHSnRobHdoQUw1YzJIeDBvc3JlZWpRWklGeFZoSjdEeXR4RGhwa1JWZVF5S19vb21kVFBIVXctUjRvb0NXa0hxakHSAcsBQVVfeXFMTWF0dmdZMndneWF4RVg3eU44YjNfQzd0VGV6Rm5tVmVfMTJQeEZxMnZpMnNDV2NkdHlkT2xOSHhadXBnSGRCQnpjcXp3YWZVc1I1VTJZNjE5TEdOaXc4XzZTemtyWGYwNFBmMkxvRUwwSjBQTTFoQmdNRFhtYXNNN3JPZjV0NXpyWkNrRjE4dVZRNXllbFVwUllDOTJSVDVhb1Y0ZXIxN3kwb1VSanczOXBkN2ZqeG8xcjBMdHJacG9EbG1yclQ0UXZXNWc?oc=5,"<a href=""https://news.google.com/rss/articles/CBMiwwFBVV95cUxPbENmWDBxTnYtQ2RTcGVyb0JuUi1ZRjU4bEFFdzE0SXgtYTBFM3VYNU9jNWl6ckxScEI4c0Y2amF6WWpvSFZaM3Q1ay1qOGRsT18zZEQ3RUo4dlpoOEdRSGhfamtqWlM4Q0hFcDB3TVFoZXVzLXBDd0ZZZXRVVjRZR3hHSnRobHdoQUw1YzJIeDBvc3JlZWpRWklGeFZoSjdEeXR4RGhwa1JWZVF5S19vb21kVFBIVXctUjRvb0NXa0hxakHSAcsBQVVfeXFMTWF0dmdZMndneWF4RVg3eU44YjNfQzd0VGV6Rm5tVmVfMTJQeEZxMnZpMnNDV2NkdHlkT2xOSHhadXBnSGRCQnpjcXp3YWZVc1I1VTJZNjE5TEdOaXc4XzZTemtyWGYwNFBmMkxvRUwwSjBQTTFoQmdNRFhtYXNNN3JPZjV0NXpyWkNrRjE4dVZRNXllbFVwUllDOTJSVDVhb1Y0ZXIxN3kwb1VSanczOXBkN2ZqeG8xcjBMdHJacG9EbG1yclQ0UXZXNWc?oc=5"" target=""_blank"" class=""btn-link"">🔗 Abrir Noticia</a>",[🔗 Abrir Noticia](https://news.google.com/rss/articles/CBMiwwFBVV95cUxPbENmWDBxTnYtQ2RTcGVyb0JuUi1ZRjU4bEFFdzE0SXgtYTBFM3VYNU9jNWl6ckxScEI4c0Y2amF6WWpvSFZaM3Q1ay1qOGRsT18zZEQ3RUo4dlpoOEdRSGhfamtqWlM4Q0hFcDB3TVFoZXVzLXBDd0ZZZXRVVjRZR3hHSnRobHdoQUw1YzJIeDBvc3JlZWpRWklGeFZoSjdEeXR4RGhwa1JWZVF5S19vb21kVFBIVXctUjRvb0NXa0hxakHSAcsBQVVfeXFMTWF0dmdZMndneWF4RVg3eU44YjNfQzd0VGV6Rm5tVmVfMTJQeEZxMnZpMnNDV2NkdHlkT2xOSHhadXBnSGRCQnpjcXp3YWZVc1I1VTJZNjE5TEdOaXc4XzZTemtyWGYwNFBmMkxvRUwwSjBQTTFoQmdNRFhtYXNNN3JPZjV0NXpyWkNrRjE4dVZRNXllbFVwUllDOTJSVDVhb1Y0ZXIxN3kwb1VSanczOXBkN2ZqeG8xcjBMdHJacG9EbG1yclQ0UXZXNWc?oc=5),"En accidente de tránsito en la Circunvalar, muere trabajador del Hogar San Camilo - Emisora Atlántico emisoraatlantico.com.co",ca629ff9dcf1bcc4630d80e28cb83b09d1c93e7b8375d7b01b77456b6a4ad3b8,2026-08-13 17:05:04
178,🟡 Pendiente (Verificar Noticia),2026-08-13,2026-08-13,Aldia.co,Dos heridos tras violento choque entre moto y taxi en Puerta Dorada - Aldia.co,Montería (Casco Urbano / Sector en investigación),Montería (Casco Urbano / Sector en investigación),,Montería,"Motocicleta, Automóvil",0,1,Baja (Centroide General Montería),8.7508,-75.8814,https://news.google.com/rss/articles/CBMipwFBVV95cUxQdFRuUmVpWW53dkZJVjBrdC14c00yblRZQnZSRWZHVzJxOWFQVUtPZ0hfY0FwMDFFclVIcmJuUEV1YkxNOEZjUzA3c1czbW5naXVkVzhldW1SYy1ZRWYzbXpnYk5iQlB5cjlDTVNSOWFnaFBkU1ZmeE42bkJMNWQ5bll6UV9IYWphUl93TWJFZ00xTFRNb3JHcnNfSjJJMGRsLU5xczE1OA?oc=5,"<a href=""https://news.google.com/rss/articles/CBMipwFBVV95cUxQdFRuUmVpWW53dkZJVjBrdC14c00yblRZQnZSRWZHVzJxOWFQVUtPZ0hfY0FwMDFFclVIcmJuUEV1YkxNOEZjUzA3c1czbW5naXVkVzhldW1SYy1ZRWYzbXpnYk5iQlB5cjlDTVNSOWFnaFBkU1ZmeE42bkJMNWQ5bll6UV9IYWphUl93TWJFZ00xTFRNb3JHcnNfSjJJMGRsLU5xczE1OA?oc=5"" target=""_blank"" class=""btn-link"">🔗 Abrir Noticia</a>",[🔗 Abrir Noticia](https://news.google.com/rss/articles/CBMipwFBVV95cUxQdFRuUmVpWW53dkZJVjBrdC14c00yblRZQnZSRWZHVzJxOWFQVUtPZ0hfY0FwMDFFclVIcmJuUEV1YkxNOEZjUzA3c1czbW5naXVkVzhldW1SYy1ZRWYzbXpnYk5iQlB5cjlDTVNSOWFnaFBkU1ZmeE42bkJMNWQ5bll6UV9IYWphUl93TWJFZ00xTFRNb3JHcnNfSjJJMGRsLU5xczE1OA?oc=5),Dos heridos tras violento choque entre moto y taxi en Puerta Dorada Aldia.co,aba54944456794686399099164f1c857673e3a855f9c66853a71d651870586de,2026-08-13 17:05:04
179,🟡 Pendiente (Verificar Noticia),2026-08-13,2026-08-13,ELHERALDO.CO,Incendio consumió el almacén de Colchones Imperial en Montería - ELHERALDO.CO,Montería (Casco Urbano / Sector en investigación),Montería (Casco Urbano / Sector en investigación),,Montería,No especificado,0,0,Baja (Centroide General Montería),8.7508,-75.8814,https://news.google.com/rss/articles/CBMiqwFBVV95cUxQOXM0UnZmYkd0UVVmSlpRWndjVFRVd0ozSTVOWmEzbHJHM3FFQjduTVNUOUZhOHRlS0MzSXBXaEdRX2FldmNoS05WTjQxc1dmTEsxbGRLbkI5OGUzd2gwY3hqekxIa1Y0WUs3N2hDZURuaTFETDFkNEF2MTNUSFgweTJENWNpS3dIaTAyYmVFWkIwSnM2UWp3MXRyX3BPMFdnOHVaaVdpb3I4REXSAcYBQVVfeXFMUDNwcFdXeVZ0a0hyTWhyVjNGYWNkaERVNVVmZ3p5eTRhTWtXWm9MSFNkVzhfRTMzdWpjaGFTdnBWZV9PdF9pSk9kWUtkMTh2MEwtQndFc2YwM2UyVXhrbzEyMFlTTmNoaFM2bEpxVWUyYXpNcVRlT19XZmpJWUdmUDFjU1RzTVRjSWlFZjgtMUcxazNvelJicVFzWkNXNHNPbkFYVjUxX1VGTDI4cG9JcWc1eXBMWDZrR1Q1eDRaV0REQXdQR3Zn?oc=5,"<a href=""https://news.google.com/rss/articles/CBMiqwFBVV95cUxQOXM0UnZmYkd0UVVmSlpRWndjVFRVd0ozSTVOWmEzbHJHM3FFQjduTVNUOUZhOHRlS0MzSXBXaEdRX2FldmNoS05WTjQxc1dmTEsxbGRLbkI5OGUzd2gwY3hqekxIa1Y0WUs3N2hDZURuaTFETDFkNEF2MTNUSFgweTJENWNpS3dIaTAyYmVFWkIwSnM2UWp3MXRyX3BPMFdnOHVaaVdpb3I4REXSAcYBQVVfeXFMUDNwcFdXeVZ0a0hyTWhyVjNGYWNkaERVNVVmZ3p5eTRhTWtXWm9MSFNkVzhfRTMzdWpjaGFTdnBWZV9PdF9pSk9kWUtkMTh2MEwtQndFc2YwM2UyVXhrbzEyMFlTTmNoaFM2bEpxVWUyYXpNcVRlT19XZmpJWUdmUDFjU1RzTVRjSWlFZjgtMUcxazNvelJicVFzWkNXNHNPbkFYVjUxX1VGTDI4cG9JcWc1eXBMWDZrR1Q1eDRaV0REQXdQR3Zn?oc=5"" target=""_blank"" class=""btn-link"">🔗 Abrir Noticia</a>",[🔗 Abrir Noticia](https://news.google.com/rss/articles/CBMiqwFBVV95cUxQOXM0UnZmYkd0UVVmSlpRWndjVFRVd0ozSTVOWmEzbHJHM3FFQjduTVNUOUZhOHRlS0MzSXBXaEdRX2FldmNoS05WTjQxc1dmTEsxbGRLbkI5OGUzd2gwY3hqekxIa1Y0WUs3N2hDZURuaTFETDFkNEF2MTNUSFgweTJENWNpS3dIaTAyYmVFWkIwSnM2UWp3MXRyX3BPMFdnOHVaaVdpb3I4REXSAcYBQVVfeXFMUDNwcFdXeVZ0a0hyTWhyVjNGYWNkaERVNVVmZ3p5eTRhTWtXWm9MSFNkVzhfRTMzdWpjaGFTdnBWZV9PdF9pSk9kWUtkMTh2MEwtQndFc2YwM2UyVXhrbzEyMFlTTmNoaFM2bEpxVWUyYXpNcVRlT19XZmpJWUdmUDFjU1RzTVRjSWlFZjgtMUcxazNvelJicVFzWkNXNHNPbkFYVjUxX1VGTDI4cG9JcWc1eXBMWDZrR1Q1eDRaV0REQXdQR3Zn?oc=5),Incendio consumió el almacén de Colchones Imperial en Montería ELHERALDO.CO,71a4fb3c204aeab17726040c8963415b7ae737789be3c9e98df8387dbb6c995b,2026-08-13 17:05:04
180,🟡 Pendiente (Verificar Noticia),2026-08-13,2026-08-13,emisoraatlantico.com.co,Hombre sin identificar muere en accidente de tránsito en el puente de la Circunvalar - Emisora Atlántico - emisoraatlantico.com.co,Montería (Casco Urbano / Sector en investigación),Montería (Casco Urbano / Sector en investigación),,Montería,No especificado,0,0,Baja (Centroide General Montería),8.7508,-75.8814,https://news.google.com/rss/articles/CBMixwFBVV95cUxOOU52aHdrZmZ1bzNIZWpNY2JZWUdhbUhNeEVKNS1LVGdHcm9hUGxmclpqX1hZZlpWU2JrRWp5LVRudV8tWV9lNDJXMGs1dDJidDZ4a0E4Zm5SX3AwWlB5S0VXc29LazEyZzkxbk94V2llOWlmTzdqVUhPTENIUTdCcEdtN3NXRzI1TWVaZDlEZ19JM2hVWE5Sa0ZIS1MwRzJXaVBxRlFnZm5IY2pIRzdyWjBxSnF3YURXNHJHVUJzR2JQTVVFYzhF0gHPAUFVX3lxTE94RFZjLXpfMkJYMGtvN1dKa1V0ZjYwRUxQNE03R2ZRZzNWWUU1VlhkazVCbFBaWk5PY05jclFKTVZ6TlJ0Mkh6X3huODB3YnZhZ2pWQXpLenU3eGwtNlZ2SERWcGtBMDBhUkRUQXFMR3FwcEFLMXNZaEhJNDVjSkp1aHRHalZ6cFNZUkNFUno3eW1RU3ROVnFkbzZoZ2V1TEdXU1pUT19WZGVDbkQ0bnpMUmF3ZTBwU285eHhLUE1yVHRfN2hlNFF4UmdhWnpyTQ?oc=5,"<a href=""https://news.google.com/rss/articles/CBMixwFBVV95cUxOOU52aHdrZmZ1bzNIZWpNY2JZWUdhbUhNeEVKNS1LVGdHcm9hUGxmclpqX1hZZlpWU2JrRWp5LVRudV8tWV9lNDJXMGs1dDJidDZ4a0E4Zm5SX3AwWlB5S0VXc29LazEyZzkxbk94V2llOWlmTzdqVUhPTENIUTdCcEdtN3NXRzI1TWVaZDlEZ19JM2hVWE5Sa0ZIS1MwRzJXaVBxRlFnZm5IY2pIRzdyWjBxSnF3YURXNHJHVUJzR2JQTVVFYzhF0gHPAUFVX3lxTE94RFZjLXpfMkJYMGtvN1dKa1V0ZjYwRUxQNE03R2ZRZzNWWUU1VlhkazVCbFBaWk5PY05jclFKTVZ6TlJ0Mkh6X3huODB3YnZhZ2pWQXpLenU3eGwtNlZ2SERWcGtBMDBhUkRUQXFMR3FwcEFLMXNZaEhJNDVjSkp1aHRHalZ6cFNZUkNFUno3eW1RU3ROVnFkbzZoZ2V1TEdXU1pUT19WZGVDbkQ0bnpMUmF3ZTBwU285eHhLUE1yVHRfN2hlNFF4UmdhWnpyTQ?oc=5"" target=""_blank"" class=""btn-link"">🔗 Abrir Noticia</a>",[🔗 Abrir Noticia](https://news.google.com/rss/articles/CBMixwFBVV95cUxOOU52aHdrZmZ1bzNIZWpNY2JZWUdhbUhNeEVKNS1LVGdHcm9hUGxmclpqX1hZZlpWU2JrRWp5LVRudV8tWV9lNDJXMGs1dDJidDZ4a0E4Zm5SX3AwWlB5S0VXc29LazEyZzkxbk94V2llOWlmTzdqVUhPTENIUTdCcEdtN3NXRzI1TWVaZDlEZ19JM2hVWE5Sa0ZIS1MwRzJXaVBxRlFnZm5IY2pIRzdyWjBxSnF3YURXNHJHVUJzR2JQTVVFYzhF0gHPAUFVX3lxTE94RFZjLXpfMkJYMGtvN1dKa1V0ZjYwRUxQNE03R2ZRZzNWWUU1VlhkazVCbFBaWk5PY05jclFKTVZ6TlJ0Mkh6X3huODB3YnZhZ2pWQXpLenU3eGwtNlZ2SERWcGtBMDBhUkRUQXFMR3FwcEFLMXNZaEhJNDVjSkp1aHRHalZ6cFNZUkNFUno3eW1RU3ROVnFkbzZoZ2V1TEdXU1pUT19WZGVDbkQ0bnpMUmF3ZTBwU285eHhLUE1yVHRfN2hlNFF4UmdhWnpyTQ?oc=5),Hombre sin identificar muere en accidente de tránsito en el puente de la Circunvalar - Emisora Atlántico emisoraatlantico.com.co,ac417d9517d0836d6c6f0e0f4c1815f2079e47c813f9b374db1d4638df16db30,2026-08-13 17:05:04
181,🟡 Pendiente (Verificar Noticia),2026-08-13,2026-08-13,ELHERALDO.CO,Alertan sobre cierres viales este domingo 22 de marzo en Montería por el Panamericano de Ciclismo 2026 - ELHERALDO.CO,Montería (Casco Urbano / Sector en investigación),Montería (Casco Urbano / Sector en investigación),,Montería,No especificado,0,0,Baja (Centroide General Montería),8.7508,-75.8814,https://news.google.com/rss/articles/CBMi4AFBVV95cUxNVmNidG1XUjh5S251b2pjdmROdVF5cEVYZVpoOWJLWU1sOXNRQmQwLS1HelUtcDY5QzZ0QW16LUd1aThnNzhERXFEcHVsS0k2THNvUEdpV3FHVlJielpmbkFSa2QxUC1UM3R5Y0lyYmdRdkxybTJHeGNmMTJITU0xa2tjZTJPOC1zV0M3d3NJYW5Ea1FPNi1MdHBlLTBKcXN1SmE1OWFFVjBBeVg3Q3FBNjVaczdCMUVsSkFkdFh2UVpNb2xfMlJDTUtLb0RGU3NjZnJZSmZLVFd3V2l2R2FledIB-wFBVV95cUxOV0xWeXhNZlF6R3o0b1d6TmNsT0RRQW5wcTFaSE54ajl1a1FxT2x3TTJKU1pPU0J3RURpSVZ3MzhtT1pDaFQ5WU9ycVJlZ29zcWJaV1lkbUhZVjF6aFdfY20zeWdIV3laY2dyWmNHVjl4Nm5rRDRXUXlvM25RbEsxcmZxYkZuRkV5MkR0YlkxT2E0dVFjbjhTaTQxREVnZ2tLYnRaZ1dlTkVYb3dvcWJBcjFoMlFvQkVvLTMzV191eWE0X0Y5ZUlVN29Jd2k5dEpxZnZNY0JOOGZXZUJZWE9RbWE2aklHX0FKc1BEM3UwQzdzMjZaRkVjY3dWOA?oc=5,"<a href=""https://news.google.com/rss/articles/CBMi4AFBVV95cUxNVmNidG1XUjh5S251b2pjdmROdVF5cEVYZVpoOWJLWU1sOXNRQmQwLS1HelUtcDY5QzZ0QW16LUd1aThnNzhERXFEcHVsS0k2THNvUEdpV3FHVlJielpmbkFSa2QxUC1UM3R5Y0lyYmdRdkxybTJHeGNmMTJITU0xa2tjZTJPOC1zV0M3d3NJYW5Ea1FPNi1MdHBlLTBKcXN1SmE1OWFFVjBBeVg3Q3FBNjVaczdCMUVsSkFkdFh2UVpNb2xfMlJDTUtLb0RGU3NjZnJZSmZLVFd3V2l2R2FledIB-wFBVV95cUxOV0xWeXhNZlF6R3o0b1d6TmNsT0RRQW5wcTFaSE54ajl1a1FxT2x3TTJKU1pPU0J3RURpSVZ3MzhtT1pDaFQ5WU9ycVJlZ29zcWJaV1lkbUhZVjF6aFdfY20zeWdIV3laY2dyWmNHVjl4Nm5rRDRXUXlvM25RbEsxcmZxYkZuRkV5MkR0YlkxT2E0dVFjbjhTaTQxREVnZ2tLYnRaZ1dlTkVYb3dvcWJBcjFoMlFvQkVvLTMzV191eWE0X0Y5ZUlVN29Jd2k5dEpxZnZNY0JOOGZXZUJZWE9RbWE2aklHX0FKc1BEM3UwQzdzMjZaRkVjY3dWOA?oc=5"" target=""_blank"" class=""btn-link"">🔗 Abrir Noticia</a>",[🔗 Abrir Noticia](https://news.google.com/rss/articles/CBMi4AFBVV95cUxNVmNidG1XUjh5S251b2pjdmROdVF5cEVYZVpoOWJLWU1sOXNRQmQwLS1HelUtcDY5QzZ0QW16LUd1aThnNzhERXFEcHVsS0k2THNvUEdpV3FHVlJielpmbkFSa2QxUC1UM3R5Y0lyYmdRdkxybTJHeGNmMTJITU0xa2tjZTJPOC1zV0M3d3NJYW5Ea1FPNi1MdHBlLTBKcXN1SmE1OWFFVjBBeVg3Q3FBNjVaczdCMUVsSkFkdFh2UVpNb2xfMlJDTUtLb0RGU3NjZnJZSmZLVFd3V2l2R2FledIB-wFBVV95cUxOV0xWeXhNZlF6R3o0b1d6TmNsT0RRQW5wcTFaSE54ajl1a1FxT2x3TTJKU1pPU0J3RURpSVZ3MzhtT1pDaFQ5WU9ycVJlZ29zcWJaV1lkbUhZVjF6aFdfY20zeWdIV3laY2dyWmNHVjl4Nm5rRDRXUXlvM25RbEsxcmZxYkZuRkV5MkR0YlkxT2E0dVFjbjhTaTQxREVnZ2tLYnRaZ1dlTkVYb3dvcWJBcjFoMlFvQkVvLTMzV191eWE0X0Y5ZUlVN29Jd2k5dEpxZnZNY0JOOGZXZUJZWE9RbWE2aklHX0FKc1BEM3UwQzdzMjZaRkVjY3dWOA?oc=5),Alertan sobre cierres viales este domingo 22 de marzo en Montería por el Panamericano de Ciclismo 2026 ELHERALDO.CO,b50edf07eee5c6d49a6cecaff134cccbf46066bfcfa27b4772c567a1ae879768,2026-08-13 17:05:04
182,🟡 Pendiente (Verificar Noticia),2026-08-13,2026-08-13,Chica Noticias,Mujer resultó herida en aparatoso accidente frente al Hospital San Jerónimo - Chica Noticias,Montería (Casco Urbano / Sector en investigación),Montería (Casco Urbano / Sector en investigación),,Montería,No especificado,0,1,Baja (Centroide General Montería),8.7508,-75.8814,https://news.google.com/rss/articles/CBMic0FVX3lxTE1kZjFiNnRVR0tUZU43N1VKY0hZaTNHQlYtb0VZZ0NsdllYMXpvSjgxaHhUczVFTFEtNFQxU3dLYk0yaXRPU1NyRDU1ZHJYdTE4RkpBN0VDVGhOdE5qbm9FTVRJU0l6ejF1b25BcU9IbW9zazg?oc=5,"<a href=""https://news.google.com/rss/articles/CBMic0FVX3lxTE1kZjFiNnRVR0tUZU43N1VKY0hZaTNHQlYtb0VZZ0NsdllYMXpvSjgxaHhUczVFTFEtNFQxU3dLYk0yaXRPU1NyRDU1ZHJYdTE4RkpBN0VDVGhOdE5qbm9FTVRJU0l6ejF1b25BcU9IbW9zazg?oc=5"" target=""_blank"" class=""btn-link"">🔗 Abrir Noticia</a>",[🔗 Abrir Noticia](https://news.google.com/rss/articles/CBMic0FVX3lxTE1kZjFiNnRVR0tUZU43N1VKY0hZaTNHQlYtb0VZZ0NsdllYMXpvSjgxaHhUczVFTFEtNFQxU3dLYk0yaXRPU1NyRDU1ZHJYdTE4RkpBN0VDVGhOdE5qbm9FTVRJU0l6ejF1b25BcU9IbW9zazg?oc=5),Mujer resultó herida en aparatoso accidente frente al Hospital San Jerónimo Chica Noticias,96a677da3243683edf4dd6ee91c0a9d8776938c87a642a40f122078a1b0f14b1,2026-08-13 17:05:04
183,🟡 Pendiente (Verificar Noticia),2026-08-13,2026-08-13,rionoticias.co,Barrio Vallejo de Montería estrena ruta de buses - rionoticias.co,Montería (Casco Urbano / Sector en investigación),Montería (Casco Urbano / Sector en investigación),,Montería,No especificado,0,0,Baja (Centroide General Montería),8.7508,-75.8814,https://news.google.com/rss/articles/CBMifEFVX3lxTE12TUtGdEE2LVRpYWlyZklKS3dSRGhRVFRVazNvLUR2bTNackNQOG8waEFVZUtWUzFtLXlTclYwMDB1NGlGRXhvTjV6V1ZOX0Q4WUZPQ3FnQXpFN0VBWjVMNWtsLVh0dHpRUzUtM2Uzbkw0T3VGUklvOG8tcm_SAYIBQVVfeXFMTmlYZ0JueEl4V3JXSjNpZkhLcWdLVEJGa0hfV0loeThJdEdaNFlILTh6Q3JZYzhMN3J3Q2ZxWmYwZnNoV3hrMzQ5eVZzTXlucDdfQjM1RzcycGt5RW5RX0E1bjJzX0pIQTFjYTVRM1RxSk93S004aW9aRVNZcWhyNGExZw?oc=5,"<a href=""https://news.google.com/rss/articles/CBMifEFVX3lxTE12TUtGdEE2LVRpYWlyZklKS3dSRGhRVFRVazNvLUR2bTNackNQOG8waEFVZUtWUzFtLXlTclYwMDB1NGlGRXhvTjV6V1ZOX0Q4WUZPQ3FnQXpFN0VBWjVMNWtsLVh0dHpRUzUtM2Uzbkw0T3VGUklvOG8tcm_SAYIBQVVfeXFMTmlYZ0JueEl4V3JXSjNpZkhLcWdLVEJGa0hfV0loeThJdEdaNFlILTh6Q3JZYzhMN3J3Q2ZxWmYwZnNoV3hrMzQ5eVZzTXlucDdfQjM1RzcycGt5RW5RX0E1bjJzX0pIQTFjYTVRM1RxSk93S004aW9aRVNZcWhyNGExZw?oc=5"" target=""_blank"" class=""btn-link"">🔗 Abrir Noticia</a>",[🔗 Abrir Noticia](https://news.google.com/rss/articles/CBMifEFVX3lxTE12TUtGdEE2LVRpYWlyZklKS3dSRGhRVFRVazNvLUR2bTNackNQOG8waEFVZUtWUzFtLXlTclYwMDB1NGlGRXhvTjV6V1ZOX0Q4WUZPQ3FnQXpFN0VBWjVMNWtsLVh0dHpRUzUtM2Uzbkw0T3VGUklvOG8tcm_SAYIBQVVfeXFMTmlYZ0JueEl4V3JXSjNpZkhLcWdLVEJGa0hfV0loeThJdEdaNFlILTh6Q3JZYzhMN3J3Q2ZxWmYwZnNoV3hrMzQ5eVZzTXlucDdfQjM1RzcycGt5RW5RX0E1bjJzX0pIQTFjYTVRM1RxSk93S004aW9aRVNZcWhyNGExZw?oc=5),Barrio Vallejo de Montería estrena ruta de buses rionoticias.co,4d4ebfb8b6a528f4b6b7e1e31d7adaa72d69a1e8299aa29a6a6ccf4ed493d466,2026-08-13 17:05:04
184,🟡 Pendiente (Verificar Noticia),2026-08-13,2026-08-13,Chica Noticias,Identifican a motociclista que chocó contra un árbol y murió frente al Coliseo Happy Lora - Chica Noticias,Montería (Casco Urbano / Sector en investigación),Montería (Casco Urbano / Sector en investigación),,Montería,No especificado,1,0,Baja (Centroide General Montería),8.7508,-75.8814,https://news.google.com/rss/articles/CBMiywFBVV95cUxOSTJrTWhCdmZNOFhZaWFJOUk3RVFSZWp2ZE4yd1k1Q01haFNaT29hc0xGVTN0S2tBdXhFeG9xMlRITm54OE1CYnRRTWJZUWVhWDl4bE5nLXlxU1ozenJCX3FXZXJWZkV4ZjZiTV9EazJWcGlENnBLejNQZXB6Y1gySXBWOVpVSjdxWU96elJWZGh6N0Mya3h2VS1LZW5lR3JVOUlTbEE3S1JvX2xzYXEzSVJCMXNIeGNHTDJaZmVlVEJaWGYybXVPX1drNA?oc=5,"<a href=""https://news.google.com/rss/articles/CBMiywFBVV95cUxOSTJrTWhCdmZNOFhZaWFJOUk3RVFSZWp2ZE4yd1k1Q01haFNaT29hc0xGVTN0S2tBdXhFeG9xMlRITm54OE1CYnRRTWJZUWVhWDl4bE5nLXlxU1ozenJCX3FXZXJWZkV4ZjZiTV9EazJWcGlENnBLejNQZXB6Y1gySXBWOVpVSjdxWU96elJWZGh6N0Mya3h2VS1LZW5lR3JVOUlTbEE3S1JvX2xzYXEzSVJCMXNIeGNHTDJaZmVlVEJaWGYybXVPX1drNA?oc=5"" target=""_blank"" class=""btn-link"">🔗 Abrir Noticia</a>",[🔗 Abrir Noticia](https://news.google.com/rss/articles/CBMiywFBVV95cUxOSTJrTWhCdmZNOFhZaWFJOUk3RVFSZWp2ZE4yd1k1Q01haFNaT29hc0xGVTN0S2tBdXhFeG9xMlRITm54OE1CYnRRTWJZUWVhWDl4bE5nLXlxU1ozenJCX3FXZXJWZkV4ZjZiTV9EazJWcGlENnBLejNQZXB6Y1gySXBWOVpVSjdxWU96elJWZGh6N0Mya3h2VS1LZW5lR3JVOUlTbEE3S1JvX2xzYXEzSVJCMXNIeGNHTDJaZmVlVEJaWGYybXVPX1drNA?oc=5),Identifican a motociclista que chocó contra un árbol y murió frente al Coliseo Happy Lora Chica Noticias,9c1d9920303fabadcec9dafb0cb71aefb5be8c840fbe7daffa977b5e9ea2f1d6,2026-08-13 17:05:04
185,🟡 Pendiente (Verificar Noticia),2026-08-13,2026-08-13,rionoticias.co,En estos puntos se instalarán las cámaras de fotomultas en Montería - rionoticias.co,Montería (Casco Urbano / Sector en investigación),Montería (Casco Urbano / Sector en investigación),,Montería,No especificado,0,0,Baja (Centroide General Montería),8.7508,-75.8814,https://news.google.com/rss/articles/CBMilgFBVV95cUxPVEZSaTNkNlJzdGw2Wnhtd3Zoem9QbXlyMDhmcmhYOTN2ZkN6b0dyYjhlOV96SnROUTRqSVBHcmhfVFdjTkduekpqcEFwbDRsNXNubDFtc3BKTlNjc09ybER1MVByNkFQZkcxMk5iU3ZCSVR2ZFZQd190Z0haZXdGalF1YmV3Rk9NTWRBT2UtMGJFV1Z6a3fSAZsBQVVfeXFMTUJialVuWXRUUG5peFJCREtuREkwM3NteDV5SFlzYkVCOEZERTFqZ3laMTdtNGpRRHdOM0ZNeWFuamg1MkU4WVkxUTBsY1A2M05nQnVSYTFsMTB3T2lNbmt1MWFqSUE2NjY2bDVFRmp1WHpYS2VyUk54dkYzMXA1RExBR01idlZ6a1VyM3VZSmNMZDMyTzFpZDh2ZHc?oc=5,"<a href=""https://news.google.com/rss/articles/CBMilgFBVV95cUxPVEZSaTNkNlJzdGw2Wnhtd3Zoem9QbXlyMDhmcmhYOTN2ZkN6b0dyYjhlOV96SnROUTRqSVBHcmhfVFdjTkduekpqcEFwbDRsNXNubDFtc3BKTlNjc09ybER1MVByNkFQZkcxMk5iU3ZCSVR2ZFZQd190Z0haZXdGalF1YmV3Rk9NTWRBT2UtMGJFV1Z6a3fSAZsBQVVfeXFMTUJialVuWXRUUG5peFJCREtuREkwM3NteDV5SFlzYkVCOEZERTFqZ3laMTdtNGpRRHdOM0ZNeWFuamg1MkU4WVkxUTBsY1A2M05nQnVSYTFsMTB3T2lNbmt1MWFqSUE2NjY2bDVFRmp1WHpYS2VyUk54dkYzMXA1RExBR01idlZ6a1VyM3VZSmNMZDMyTzFpZDh2ZHc?oc=5"" target=""_blank"" class=""btn-link"">🔗 Abrir Noticia</a>",[🔗 Abrir Noticia](https://news.google.com/rss/articles/CBMilgFBVV95cUxPVEZSaTNkNlJzdGw2Wnhtd3Zoem9QbXlyMDhmcmhYOTN2ZkN6b0dyYjhlOV96SnROUTRqSVBHcmhfVFdjTkduekpqcEFwbDRsNXNubDFtc3BKTlNjc09ybER1MVByNkFQZkcxMk5iU3ZCSVR2ZFZQd190Z0haZXdGalF1YmV3Rk9NTWRBT2UtMGJFV1Z6a3fSAZsBQVVfeXFMTUJialVuWXRUUG5peFJCREtuREkwM3NteDV5SFlzYkVCOEZERTFqZ3laMTdtNGpRRHdOM0ZNeWFuamg1MkU4WVkxUTBsY1A2M05nQnVSYTFsMTB3T2lNbmt1MWFqSUE2NjY2bDVFRmp1WHpYS2VyUk54dkYzMXA1RExBR01idlZ6a1VyM3VZSmNMZDMyTzFpZDh2ZHc?oc=5),En estos puntos se instalarán las cámaras de fotomultas en Montería rionoticias.co,59c16198557056e9a315c74b6d617b4c36ca7f3a03ed610dce7e3e940f8ed78a,2026-08-13 17:05:04
186,🟡 Pendiente (Verificar Noticia),2026-08-13,2026-08-13,El Meridiano,Dos accidentes se registran en Córdoba - El Meridiano,Montería (Casco Urbano / Sector en investigación),Montería (Casco Urbano / Sector en investigación),,Montería,No especificado,0,0,Baja (Centroide General Montería),8.7508,-75.8814,https://news.google.com/rss/articles/CBMijgFBVV95cUxOXzNHLWRPa1FMZHY0MkFpaVNTcVhYcGZHSGF0N2RzZjJJMkxqSFZjczVybkU5UEZucFdZTUY5NW5HSzc0cUhBWmthdDhMd1JXMjJEc3l4dlVvOHc2WG9ENkJIMm5ldnBMamJQT3lmNHRIS1BidS1Jck5WX043MlFqNTB1UHNYT2h3eHVtaV93?oc=5,"<a href=""https://news.google.com/rss/articles/CBMijgFBVV95cUxOXzNHLWRPa1FMZHY0MkFpaVNTcVhYcGZHSGF0N2RzZjJJMkxqSFZjczVybkU5UEZucFdZTUY5NW5HSzc0cUhBWmthdDhMd1JXMjJEc3l4dlVvOHc2WG9ENkJIMm5ldnBMamJQT3lmNHRIS1BidS1Jck5WX043MlFqNTB1UHNYT2h3eHVtaV93?oc=5"" target=""_blank"" class=""btn-link"">🔗 Abrir Noticia</a>",[🔗 Abrir Noticia](https://news.google.com/rss/articles/CBMijgFBVV95cUxOXzNHLWRPa1FMZHY0MkFpaVNTcVhYcGZHSGF0N2RzZjJJMkxqSFZjczVybkU5UEZucFdZTUY5NW5HSzc0cUhBWmthdDhMd1JXMjJEc3l4dlVvOHc2WG9ENkJIMm5ldnBMamJQT3lmNHRIS1BidS1Jck5WX043MlFqNTB1UHNYT2h3eHVtaV93?oc=5),Dos accidentes se registran en Córdoba El Meridiano,42f2642d6d46f82e3320aad27e528d76525f2ea0faa898b4497bbdab9858fb78,2026-08-13 17:05:09
187,🟡 Pendiente (Verificar Noticia),2026-08-13,2026-08-13,El Meridiano,Cordobés murió en accidente - El Meridiano,Montería (Casco Urbano / Sector en investigación),Montería (Casco Urbano / Sector en investigación),,Montería,No especificado,1,0,Baja (Centroide General Montería),8.7508,-75.8814,https://news.google.com/rss/articles/CBMif0FVX3lxTFBqdENkeE5lVU9EU0p6Z0M5ZDE0TFNpamllNmY2am5SV0pxdk9hcW5hWmFiVVVfLUhMbnBYai1La3FpM2FJeGtkTGRHdTZ6RXk5MnpxTEgwSlduaXA3U01WNFdxN0tSMHFfcWRnZzl3dXZURFI4ai1vTEpZRXlGWlE?oc=5,"<a href=""https://news.google.com/rss/articles/CBMif0FVX3lxTFBqdENkeE5lVU9EU0p6Z0M5ZDE0TFNpamllNmY2am5SV0pxdk9hcW5hWmFiVVVfLUhMbnBYai1La3FpM2FJeGtkTGRHdTZ6RXk5MnpxTEgwSlduaXA3U01WNFdxN0tSMHFfcWRnZzl3dXZURFI4ai1vTEpZRXlGWlE?oc=5"" target=""_blank"" class=""btn-link"">🔗 Abrir Noticia</a>",[🔗 Abrir Noticia](https://news.google.com/rss/articles/CBMif0FVX3lxTFBqdENkeE5lVU9EU0p6Z0M5ZDE0TFNpamllNmY2am5SV0pxdk9hcW5hWmFiVVVfLUhMbnBYai1La3FpM2FJeGtkTGRHdTZ6RXk5MnpxTEgwSlduaXA3U01WNFdxN0tSMHFfcWRnZzl3dXZURFI4ai1vTEpZRXlGWlE?oc=5),Cordobés murió en accidente El Meridiano,11065f01dccf2d13372cce737db251f53b101a77198856de73c9d6793ef58929,2026-08-13 17:05:09
188,🟡 Pendiente (Verificar Noticia),2026-08-13,2026-08-13,El Meridiano,Córdoba suma 141 muertes este año por accidentes - El Meridiano,Montería (Casco Urbano / Sector en investigación),Montería (Casco Urbano / Sector en investigación),,Montería,No especificado,0,0,Baja (Centroide General Montería),8.7508,-75.8814,https://news.google.com/rss/articles/CBMimwFBVV95cUxOWlBPaFd2QmV3NEg0b0xNRTZxbFVUVUdHTHkwMzFLNFJWa2wzc1hMTTlSV0J4Uy05WHdHMHpyUGdFRk82VjB5a3NHOU12aFNKTTBaUm5JNDRUR0RKVXhfdGpBUjluU2s1d2VDMmQwblFYNjExa0dXR1Z1Z2ZYQlFyVTVXdnZVMTdXVTlFblhjdEczaElCeEpYRjVJVQ?oc=5,"<a href=""https://news.google.com/rss/articles/CBMimwFBVV95cUxOWlBPaFd2QmV3NEg0b0xNRTZxbFVUVUdHTHkwMzFLNFJWa2wzc1hMTTlSV0J4Uy05WHdHMHpyUGdFRk82VjB5a3NHOU12aFNKTTBaUm5JNDRUR0RKVXhfdGpBUjluU2s1d2VDMmQwblFYNjExa0dXR1Z1Z2ZYQlFyVTVXdnZVMTdXVTlFblhjdEczaElCeEpYRjVJVQ?oc=5"" target=""_blank"" class=""btn-link"">🔗 Abrir Noticia</a>",[🔗 Abrir Noticia](https://news.google.com/rss/articles/CBMimwFBVV95cUxOWlBPaFd2QmV3NEg0b0xNRTZxbFVUVUdHTHkwMzFLNFJWa2wzc1hMTTlSV0J4Uy05WHdHMHpyUGdFRk82VjB5a3NHOU12aFNKTTBaUm5JNDRUR0RKVXhfdGpBUjluU2s1d2VDMmQwblFYNjExa0dXR1Z1Z2ZYQlFyVTVXdnZVMTdXVTlFblhjdEczaElCeEpYRjVJVQ?oc=5),Córdoba suma 141 muertes este año por accidentes El Meridiano,d0bf6d34ae40b2965751d6a08812c33335c1fa943bdd99b405ccc777a530ad7b,2026-08-13 17:05:09
189,🟡 Pendiente (Verificar Noticia),2026-08-13,2026-08-13,El Meridiano,Policía cordobés murió en accidente - El Meridiano,Montería (Casco Urbano / Sector en investigación),Montería (Casco Urbano / Sector en investigación),,Montería,No especificado,1,0,Baja (Centroide General Montería),8.7508,-75.8814,https://news.google.com/rss/articles/CBMiigFBVV95cUxOMVFLczhjRHVOdGE0SjhjQk05ZGNMMHhlYVllVVphV09aZGFqRWNrWC1tWnA1Y2R4WVU4SkNoWnhKSHpHQlIxUFVCU2d0U0dGaTJXTURUd191azRSZDVTRFlmV21yYTU5bnNjdkM1SnVsT3BhNVJnZkRnQ1BtZzVpNjlDSUptcUNrZGc?oc=5,"<a href=""https://news.google.com/rss/articles/CBMiigFBVV95cUxOMVFLczhjRHVOdGE0SjhjQk05ZGNMMHhlYVllVVphV09aZGFqRWNrWC1tWnA1Y2R4WVU4SkNoWnhKSHpHQlIxUFVCU2d0U0dGaTJXTURUd191azRSZDVTRFlmV21yYTU5bnNjdkM1SnVsT3BhNVJnZkRnQ1BtZzVpNjlDSUptcUNrZGc?oc=5"" target=""_blank"" class=""btn-link"">🔗 Abrir Noticia</a>",[🔗 Abrir Noticia](https://news.google.com/rss/articles/CBMiigFBVV95cUxOMVFLczhjRHVOdGE0SjhjQk05ZGNMMHhlYVllVVphV09aZGFqRWNrWC1tWnA1Y2R4WVU4SkNoWnhKSHpHQlIxUFVCU2d0U0dGaTJXTURUd191azRSZDVTRFlmV21yYTU5bnNjdkM1SnVsT3BhNVJnZkRnQ1BtZzVpNjlDSUptcUNrZGc?oc=5),Policía cordobés murió en accidente El Meridiano,64ae5a2444b74f57c53b7f4711c492a53bb550d64846cb4631190e750064da4d,2026-08-13 17:05:09
190,🟡 Pendiente (Verificar Noticia),2026-08-13,2026-08-13,El Meridiano,Murieron en accidente - El Meridiano,Montería (Casco Urbano / Sector en investigación),Montería (Casco Urbano / Sector en investigación),,Montería,No especificado,1,0,Baja (Centroide General Montería),8.7508,-75.8814,https://news.google.com/rss/articles/CBMid0FVX3lxTE5kMzkwZExyTTNhdXFSZE9qbWlWSWd5ajM4NHV4ZncxaEVCOUdERjZvYjhyM2gtaGJSdEtSYmJKTFRQVEhqNDEwWGhjYnJOX3dHNVROb0lKVnExNDBXU2xlMjRPVDVhVVpaTndpY0NCU1h4Yy0xNzZr?oc=5,"<a href=""https://news.google.com/rss/articles/CBMid0FVX3lxTE5kMzkwZExyTTNhdXFSZE9qbWlWSWd5ajM4NHV4ZncxaEVCOUdERjZvYjhyM2gtaGJSdEtSYmJKTFRQVEhqNDEwWGhjYnJOX3dHNVROb0lKVnExNDBXU2xlMjRPVDVhVVpaTndpY0NCU1h4Yy0xNzZr?oc=5"" target=""_blank"" class=""btn-link"">🔗 Abrir Noticia</a>",[🔗 Abrir Noticia](https://news.google.com/rss/articles/CBMid0FVX3lxTE5kMzkwZExyTTNhdXFSZE9qbWlWSWd5ajM4NHV4ZncxaEVCOUdERjZvYjhyM2gtaGJSdEtSYmJKTFRQVEhqNDEwWGhjYnJOX3dHNVROb0lKVnExNDBXU2xlMjRPVDVhVVpaTndpY0NCU1h4Yy0xNzZr?oc=5),Murieron en accidente El Meridiano,055bbcefdf1a69b8691faeafd1115a28c39b36494b558ba2db998772e875704e,2026-08-13 17:05:09
191,🟡 Pendiente (Verificar Noticia),2026-08-13,2026-08-13,El Meridiano,Un accidente vial le quitó la vida - El Meridiano,Montería (Casco Urbano / Sector en investigación),Montería (Casco Urbano / Sector en investigación),,Montería,No especificado,0,0,Baja (Centroide General Montería),8.7508,-75.8814,https://news.google.com/rss/articles/CBMiiAFBVV95cUxPTDljaEJCak9WZ24tWEJIWVBZWXFsbExleHNnYUlrLUx5SGtHRzBqYjVDdng2cEhHaWhoWElNZ2E0MFEtV1NXeFVBMTZLdUxNb0xBOHNKLWt4cWJGd1VkQVcwLVhtQWg0TjhPWTEzQnJ1MUZZVU04eGpTbWFRYTVRVzBlS05BSDlR?oc=5,"<a href=""https://news.google.com/rss/articles/CBMiiAFBVV95cUxPTDljaEJCak9WZ24tWEJIWVBZWXFsbExleHNnYUlrLUx5SGtHRzBqYjVDdng2cEhHaWhoWElNZ2E0MFEtV1NXeFVBMTZLdUxNb0xBOHNKLWt4cWJGd1VkQVcwLVhtQWg0TjhPWTEzQnJ1MUZZVU04eGpTbWFRYTVRVzBlS05BSDlR?oc=5"" target=""_blank"" class=""btn-link"">🔗 Abrir Noticia</a>",[🔗 Abrir Noticia](https://news.google.com/rss/articles/CBMiiAFBVV95cUxPTDljaEJCak9WZ24tWEJIWVBZWXFsbExleHNnYUlrLUx5SGtHRzBqYjVDdng2cEhHaWhoWElNZ2E0MFEtV1NXeFVBMTZLdUxNb0xBOHNKLWt4cWJGd1VkQVcwLVhtQWg0TjhPWTEzQnJ1MUZZVU04eGpTbWFRYTVRVzBlS05BSDlR?oc=5),Un accidente vial le quitó la vida El Meridiano,447b07348596f5f9e382736be53e1c934604b3fd3988869435557a67c66ec0ec,2026-08-13 17:05:09
192,🟡 Pendiente (Verificar Noticia),2026-08-13,2026-08-13,El Meridiano,Aparatoso accidente - El Meridiano,Montería (Casco Urbano / Sector en investigación),Montería (Casco Urbano / Sector en investigación),,Montería,No especificado,0,0,Baja (Centroide General Montería),8.7508,-75.8814,https://news.google.com/rss/articles/CBMidEFVX3lxTFBTamFRbkV0ZUg1emFsdE83WWFPV21wSXpHMkJWcVBTSlJSME9NVk4tNUFQbERMMlFFV3V5YktEeFRDYVl0TG83TlhCTVl6dWVpeGpzLWhkMG91VjhCMmMtaDVncXMxMHFldGsxSlU4WjkwajRM?oc=5,"<a href=""https://news.google.com/rss/articles/CBMidEFVX3lxTFBTamFRbkV0ZUg1emFsdE83WWFPV21wSXpHMkJWcVBTSlJSME9NVk4tNUFQbERMMlFFV3V5YktEeFRDYVl0TG83TlhCTVl6dWVpeGpzLWhkMG91VjhCMmMtaDVncXMxMHFldGsxSlU4WjkwajRM?oc=5"" target=""_blank"" class=""btn-link"">🔗 Abrir Noticia</a>",[🔗 Abrir Noticia](https://news.google.com/rss/articles/CBMidEFVX3lxTFBTamFRbkV0ZUg1emFsdE83WWFPV21wSXpHMkJWcVBTSlJSME9NVk4tNUFQbERMMlFFV3V5YktEeFRDYVl0TG83TlhCTVl6dWVpeGpzLWhkMG91VjhCMmMtaDVncXMxMHFldGsxSlU4WjkwajRM?oc=5),Aparatoso accidente El Meridiano,48f3c8e3139790d4c817e8beab0e49d10e8b914bc0a25c1103dee83eb324732c,2026-08-13 17:05:09
193,🟡 Pendiente (Verificar Noticia),2026-08-13,2026-08-13,El Meridiano,Otra víctima de los accidentes - El Meridiano,Montería (Casco Urbano / Sector en investigación),Montería (Casco Urbano / Sector en investigación),,Montería,No especificado,0,0,Baja (Centroide General Montería),8.7508,-75.8814,https://news.google.com/rss/articles/CBMigwFBVV95cUxOa0U2UVppOEVEckpzdHo5b05zUlIyallWYmZWeGJJNVEwUFhJUkdiU0RyZGtoVnEzNjA2VUZmb3U1Q0JNR2xydzNzOW9SLUU4MkpsN2w5Q19Id3pqT0xmb0F1N0ZDRXdLaWdibFl4ajNSZzlya1ctT1Bhb09wc1R6ekotYw?oc=5,"<a href=""https://news.google.com/rss/articles/CBMigwFBVV95cUxOa0U2UVppOEVEckpzdHo5b05zUlIyallWYmZWeGJJNVEwUFhJUkdiU0RyZGtoVnEzNjA2VUZmb3U1Q0JNR2xydzNzOW9SLUU4MkpsN2w5Q19Id3pqT0xmb0F1N0ZDRXdLaWdibFl4ajNSZzlya1ctT1Bhb09wc1R6ekotYw?oc=5"" target=""_blank"" class=""btn-link"">🔗 Abrir Noticia</a>",[🔗 Abrir Noticia](https://news.google.com/rss/articles/CBMigwFBVV95cUxOa0U2UVppOEVEckpzdHo5b05zUlIyallWYmZWeGJJNVEwUFhJUkdiU0RyZGtoVnEzNjA2VUZmb3U1Q0JNR2xydzNzOW9SLUU4MkpsN2w5Q19Id3pqT0xmb0F1N0ZDRXdLaWdibFl4ajNSZzlya1ctT1Bhb09wc1R6ekotYw?oc=5),Otra víctima de los accidentes El Meridiano,84a3212623ced460433bde369b2a56e66a3be6c5bd8f3eea3f848ad5bc9a41bb,2026-08-13 17:05:09
194,🟡 Pendiente (Verificar Noticia),2026-08-13,2026-08-13,El Meridiano,"Un bus lo embistió, no sobrevivió - El Meridiano",Montería (Casco Urbano / Sector en investigación),Montería (Casco Urbano / Sector en investigación),,Montería,Bus / Transporte Público,0,0,Baja (Centroide General Montería),8.7508,-75.8814,https://news.google.com/rss/articles/CBMihgFBVV95cUxQVFYxa1dONHI3el82U1BGa3pVdUhuVm4xWjVkNEkxdDVPQ2E5YjR6dGFfYVFWdldkSW1tQ1NPQnV6dF9VdnJUZVZ0akF5MlZRZi1Lc2h1VjMzdmxrNlpwUWpmTWl0enM5RVUzeEY1TUVlTjAxYkZhNi05VnFKaDdTcV9rR2t0QQ?oc=5,"<a href=""https://news.google.com/rss/articles/CBMihgFBVV95cUxQVFYxa1dONHI3el82U1BGa3pVdUhuVm4xWjVkNEkxdDVPQ2E5YjR6dGFfYVFWdldkSW1tQ1NPQnV6dF9VdnJUZVZ0akF5MlZRZi1Lc2h1VjMzdmxrNlpwUWpmTWl0enM5RVUzeEY1TUVlTjAxYkZhNi05VnFKaDdTcV9rR2t0QQ?oc=5"" target=""_blank"" class=""btn-link"">🔗 Abrir Noticia</a>",[🔗 Abrir Noticia](https://news.google.com/rss/articles/CBMihgFBVV95cUxQVFYxa1dONHI3el82U1BGa3pVdUhuVm4xWjVkNEkxdDVPQ2E5YjR6dGFfYVFWdldkSW1tQ1NPQnV6dF9VdnJUZVZ0akF5MlZRZi1Lc2h1VjMzdmxrNlpwUWpmTWl0enM5RVUzeEY1TUVlTjAxYkZhNi05VnFKaDdTcV9rR2t0QQ?oc=5),"Un bus lo embistió, no sobrevivió El Meridiano",1acec2b0bcbac1c9ad6a8ce9c195205cade05284a2eda3db630ae9a02c40a635,2026-08-13 17:05:09
195,🟡 Pendiente (Verificar Noticia),2026-08-13,2026-08-13,El Meridiano,Tragedias enlutan a dos familias cordobesas - El Meridiano,Montería (Casco Urbano / Sector en investigación),Montería (Casco Urbano / Sector en investigación),,Montería,No especificado,0,0,Baja (Centroide General Montería),8.7508,-75.8814,https://news.google.com/rss/articles/CBMilAFBVV95cUxNblB5MEhwb05xZXBRTHVZYTNYdENsT0VxaEhzYWpTakNyOUNCZmIyTlVKVUx2QURjeU5WRHZELVNUVjY5Q285MWFsNzRCdFdOcENsNmN4VmV3VGs1Nlg0MkI5dm9paWNpZ2R6U2o3M0taSEdyc0xURHBlS0Z4SEpMWUh2clJ6b0VXNklwWE5ZV2NnMVF3?oc=5,"<a href=""https://news.google.com/rss/articles/CBMilAFBVV95cUxNblB5MEhwb05xZXBRTHVZYTNYdENsT0VxaEhzYWpTakNyOUNCZmIyTlVKVUx2QURjeU5WRHZELVNUVjY5Q285MWFsNzRCdFdOcENsNmN4VmV3VGs1Nlg0MkI5dm9paWNpZ2R6U2o3M0taSEdyc0xURHBlS0Z4SEpMWUh2clJ6b0VXNklwWE5ZV2NnMVF3?oc=5"" target=""_blank"" class=""btn-link"">🔗 Abrir Noticia</a>",[🔗 Abrir Noticia](https://news.google.com/rss/articles/CBMilAFBVV95cUxNblB5MEhwb05xZXBRTHVZYTNYdENsT0VxaEhzYWpTakNyOUNCZmIyTlVKVUx2QURjeU5WRHZELVNUVjY5Q285MWFsNzRCdFdOcENsNmN4VmV3VGs1Nlg0MkI5dm9paWNpZ2R6U2o3M0taSEdyc0xURHBlS0Z4SEpMWUh2clJ6b0VXNklwWE5ZV2NnMVF3?oc=5),Tragedias enlutan a dos familias cordobesas El Meridiano,ebdd17a9c744ba85e90409eaf281bda16eb339cb29821c1773136e35bb8ba25b,2026-08-13 17:05:09
196,🟡 Pendiente (Verificar Noticia),2026-08-13,2026-08-13,El Meridiano,Fatal accidente: Un muerto y dos heridos - El Meridiano,Montería (Casco Urbano / Sector en investigación),Montería (Casco Urbano / Sector en investigación),,Montería,No especificado,1,1,Baja (Centroide General Montería),8.7508,-75.8814,https://news.google.com/rss/articles/CBMijwFBVV95cUxQa0hkZGpQVFRaUGJCUTNLZ2ctdGJvVzJ1eEZaWkVpMzd4Q00yR0JuREw3V3ViaGZQRDA1VUJmN2pCdjNTSkNOQ0prUjI1NEhPLWZJdXVkdEFRY04yRmJwc1paOHhxcVBBdzkzQmtWYnNkekFFLWtSSXNsdHZXMWtKcnRubzl2WjZvQTVVNmZLWQ?oc=5,"<a href=""https://news.google.com/rss/articles/CBMijwFBVV95cUxQa0hkZGpQVFRaUGJCUTNLZ2ctdGJvVzJ1eEZaWkVpMzd4Q00yR0JuREw3V3ViaGZQRDA1VUJmN2pCdjNTSkNOQ0prUjI1NEhPLWZJdXVkdEFRY04yRmJwc1paOHhxcVBBdzkzQmtWYnNkekFFLWtSSXNsdHZXMWtKcnRubzl2WjZvQTVVNmZLWQ?oc=5"" target=""_blank"" class=""btn-link"">🔗 Abrir Noticia</a>",[🔗 Abrir Noticia](https://news.google.com/rss/articles/CBMijwFBVV95cUxQa0hkZGpQVFRaUGJCUTNLZ2ctdGJvVzJ1eEZaWkVpMzd4Q00yR0JuREw3V3ViaGZQRDA1VUJmN2pCdjNTSkNOQ0prUjI1NEhPLWZJdXVkdEFRY04yRmJwc1paOHhxcVBBdzkzQmtWYnNkekFFLWtSSXNsdHZXMWtKcnRubzl2WjZvQTVVNmZLWQ?oc=5),Fatal accidente: Un muerto y dos heridos El Meridiano,dfdcb571f6c9e79637a7c8ff3313196e63782a407c883aebfe360b05ef6547dc,2026-08-13 17:05:09
197,🟡 Pendiente (Verificar Noticia),2026-08-13,2026-08-13,El Meridiano,"Juliana, tercera víctima del accidente - El Meridiano",Montería (Casco Urbano / Sector en investigación),Montería (Casco Urbano / Sector en investigación),,Montería,No especificado,0,0,Baja (Centroide General Montería),8.7508,-75.8814,https://news.google.com/rss/articles/CBMijAFBVV95cUxORlNyM3AyVE5yZXVaMmF4OFpZM3FzZVRvRHhVR2VscE5iWFByY3ZudGl1X3o1OTAtdE1FYWVGZzRsZ1p3TGM4dS1ibzF3ZW9QTTlxdkVaM3N3SW8xbUJ3YVdSS29BZG13R1paZnROVGRPaU5iTFVzMzJpQVdaZEY2UktxM29aalBSdFVMUw?oc=5,"<a href=""https://news.google.com/rss/articles/CBMijAFBVV95cUxORlNyM3AyVE5yZXVaMmF4OFpZM3FzZVRvRHhVR2VscE5iWFByY3ZudGl1X3o1OTAtdE1FYWVGZzRsZ1p3TGM4dS1ibzF3ZW9QTTlxdkVaM3N3SW8xbUJ3YVdSS29BZG13R1paZnROVGRPaU5iTFVzMzJpQVdaZEY2UktxM29aalBSdFVMUw?oc=5"" target=""_blank"" class=""btn-link"">🔗 Abrir Noticia</a>",[🔗 Abrir Noticia](https://news.google.com/rss/articles/CBMijAFBVV95cUxORlNyM3AyVE5yZXVaMmF4OFpZM3FzZVRvRHhVR2VscE5iWFByY3ZudGl1X3o1OTAtdE1FYWVGZzRsZ1p3TGM4dS1ibzF3ZW9QTTlxdkVaM3N3SW8xbUJ3YVdSS29BZG13R1paZnROVGRPaU5iTFVzMzJpQVdaZEY2UktxM29aalBSdFVMUw?oc=5),"Juliana, tercera víctima del accidente El Meridiano",df9c9f9479a128cb3446cbc16fc58e8607718f21de6fc4b48bd218af5a8c3156,2026-08-13 17:05:09
198,🟡 Pendiente (Verificar Noticia),2026-08-13,2026-08-13,El Meridiano,Tragedia en San Antero: Hermanos fallecieron en accidente - El Meridiano,"Municipio de San Antero, Córdoba","Municipio de San Antero, Córdoba",,San Antero,No especificado,1,0,Media (Centroide Municipio Córdoba),9.3736,-75.7592,https://news.google.com/rss/articles/CBMipgFBVV95cUxPTk9sVUdQalZ5SVViajRGbnNYcWF0Z0ZNUjVJT25wVWFvQ0o2TVdqZFB3cTlZbjR1cDZtcXB6eXZSendnQl9JeDlwVk9uLUNiWnk1R3JUTy1CTnE0OGthaEVQRklnM2xMX1FuQ1dlVjFEMUtRV20wMzhLOVlZbnRhSXRhRGgtc29obTFlZkF2N1ZmeVlLeEl1TDhnTWlNaG5pekxJd3Nn?oc=5,"<a href=""https://news.google.com/rss/articles/CBMipgFBVV95cUxPTk9sVUdQalZ5SVViajRGbnNYcWF0Z0ZNUjVJT25wVWFvQ0o2TVdqZFB3cTlZbjR1cDZtcXB6eXZSendnQl9JeDlwVk9uLUNiWnk1R3JUTy1CTnE0OGthaEVQRklnM2xMX1FuQ1dlVjFEMUtRV20wMzhLOVlZbnRhSXRhRGgtc29obTFlZkF2N1ZmeVlLeEl1TDhnTWlNaG5pekxJd3Nn?oc=5"" target=""_blank"" class=""btn-link"">🔗 Abrir Noticia</a>",[🔗 Abrir Noticia](https://news.google.com/rss/articles/CBMipgFBVV95cUxPTk9sVUdQalZ5SVViajRGbnNYcWF0Z0ZNUjVJT25wVWFvQ0o2TVdqZFB3cTlZbjR1cDZtcXB6eXZSendnQl9JeDlwVk9uLUNiWnk1R3JUTy1CTnE0OGthaEVQRklnM2xMX1FuQ1dlVjFEMUtRV20wMzhLOVlZbnRhSXRhRGgtc29obTFlZkF2N1ZmeVlLeEl1TDhnTWlNaG5pekxJd3Nn?oc=5),Tragedia en San Antero: Hermanos fallecieron en accidente El Meridiano,5b50226540131b136ba2c4ba957bf25acdc65d4145aef88587045637077a32dc,2026-08-13 17:05:09
199,🟡 Pendiente (Verificar Noticia),2026-08-13,2026-08-13,El Meridiano,Un muerto y dos heridos deja accidente - El Meridiano,Montería (Casco Urbano / Sector en investigación),Montería (Casco Urbano / Sector en investigación),,Montería,No especificado,1,1,Baja (Centroide General Montería),8.7508,-75.8814,https://news.google.com/rss/articles/CBMijgFBVV95cUxOU0JWRDRMNUJnUTVsVVBNajVVTHBwVmpoMF9hWUlVbnJwcDVhZmQ0RlRWYTBXMFVEeHJDemUtLTQ2a2ZSV3lZR3poR3p4b2dWN0R0UWtscE5KNXJNQmpHc0N5cllLV0p5VFBBT3RubUEtOUx2MVdubnZUSll2dWJMTU1ISVpua3hTOURyMXZR?oc=5,"<a href=""https://news.google.com/rss/articles/CBMijgFBVV95cUxOU0JWRDRMNUJnUTVsVVBNajVVTHBwVmpoMF9hWUlVbnJwcDVhZmQ0RlRWYTBXMFVEeHJDemUtLTQ2a2ZSV3lZR3poR3p4b2dWN0R0UWtscE5KNXJNQmpHc0N5cllLV0p5VFBBT3RubUEtOUx2MVdubnZUSll2dWJMTU1ISVpua3hTOURyMXZR?oc=5"" target=""_blank"" class=""btn-link"">🔗 Abrir Noticia</a>",[🔗 Abrir Noticia](https://news.google.com/rss/articles/CBMijgFBVV95cUxOU0JWRDRMNUJnUTVsVVBNajVVTHBwVmpoMF9hWUlVbnJwcDVhZmQ0RlRWYTBXMFVEeHJDemUtLTQ2a2ZSV3lZR3poR3p4b2dWN0R0UWtscE5KNXJNQmpHc0N5cllLV0p5VFBBT3RubUEtOUx2MVdubnZUSll2dWJMTU1ISVpua3hTOURyMXZR?oc=5),Un muerto y dos heridos deja accidente El Meridiano,7f9a5ce7f6cfc10f7e4ed41da0406af65a303cd67872fc860d3dc9914beb1e1e,2026-08-13 17:05:09
200,🟡 Pendiente (Verificar Noticia),2026-08-13,2026-08-13,El Meridiano,Pareja que viajaba a Coveñas murió en accidente entre camioneta y buseta - El Meridiano,Montería (Casco Urbano / Sector en investigación),Montería (Casco Urbano / Sector en investigación),,Montería,"Automóvil, Bus / Transporte Público",1,0,Baja (Centroide General Montería),8.7508,-75.8814,https://news.google.com/rss/articles/CBMiuAFBVV95cUxOSE9yMldGZDJhSXlpNzM0bURGcHhMVDZGeXgwbGJwR0ZzeERUOGlFa3F4cDEwUmg1bjVURlZBeFpYYVlSLUVDLXh0dDJpb0VHcHFWdWR6aWxzUHp2bUtYMXNsY1dNTWJJU041QXBrSjhFcC1OUklOdXh5VU9QNWxsS2tvV1lQMGZuOGZ3Zm9lX2Z0Z19ILUVvWmNuMHlmSnFUeFFsUksybHFVS2E0MXZWYm14c0l2cUxk?oc=5,"<a href=""https://news.google.com/rss/articles/CBMiuAFBVV95cUxOSE9yMldGZDJhSXlpNzM0bURGcHhMVDZGeXgwbGJwR0ZzeERUOGlFa3F4cDEwUmg1bjVURlZBeFpYYVlSLUVDLXh0dDJpb0VHcHFWdWR6aWxzUHp2bUtYMXNsY1dNTWJJU041QXBrSjhFcC1OUklOdXh5VU9QNWxsS2tvV1lQMGZuOGZ3Zm9lX2Z0Z19ILUVvWmNuMHlmSnFUeFFsUksybHFVS2E0MXZWYm14c0l2cUxk?oc=5"" target=""_blank"" class=""btn-link"">🔗 Abrir Noticia</a>",[🔗 Abrir Noticia](https://news.google.com/rss/articles/CBMiuAFBVV95cUxOSE9yMldGZDJhSXlpNzM0bURGcHhMVDZGeXgwbGJwR0ZzeERUOGlFa3F4cDEwUmg1bjVURlZBeFpYYVlSLUVDLXh0dDJpb0VHcHFWdWR6aWxzUHp2bUtYMXNsY1dNTWJJU041QXBrSjhFcC1OUklOdXh5VU9QNWxsS2tvV1lQMGZuOGZ3Zm9lX2Z0Z19ILUVvWmNuMHlmSnFUeFFsUksybHFVS2E0MXZWYm14c0l2cUxk?oc=5),Pareja que viajaba a Coveñas murió en accidente entre camioneta y buseta El Meridiano,96f8289a7608dfaa4e8654230804f0191304b426d0ed16f70e4b13b6c79f069f,2026-08-13 17:05:09
201,🟡 Pendiente (Verificar Noticia),2026-08-13,2026-08-13,El Meridiano,"Las joyas de Yeison Jiménez, testigos mudos del accidente - El Meridiano",Montería (Casco Urbano / Sector en investigación),Montería (Casco Urbano / Sector en investigación),,Montería,No especificado,0,0,Baja (Centroide General Montería),8.7508,-75.8814,https://news.google.com/rss/articles/CBMipgFBVV95cUxPVzFXMVFjWWMxdjhRYnFVODd4OHVQc01iWVJfVm1jT3lIZU9fZHBhLTBwVjlKcVlHQzlndk8wOFhzYVRPcHZ0emlDejJpdjdMaWdFRGNVLXVtT1lNdHl6RGlTRU1obFhYX1ljUXJhWUZLQWQ5RVJfd2ZULWlncHJ4VUZ3UGM2MEhLbFUyQ05MTG9EeXdBazNuRmpubC1uSlNYMnBCVHZn?oc=5,"<a href=""https://news.google.com/rss/articles/CBMipgFBVV95cUxPVzFXMVFjWWMxdjhRYnFVODd4OHVQc01iWVJfVm1jT3lIZU9fZHBhLTBwVjlKcVlHQzlndk8wOFhzYVRPcHZ0emlDejJpdjdMaWdFRGNVLXVtT1lNdHl6RGlTRU1obFhYX1ljUXJhWUZLQWQ5RVJfd2ZULWlncHJ4VUZ3UGM2MEhLbFUyQ05MTG9EeXdBazNuRmpubC1uSlNYMnBCVHZn?oc=5"" target=""_blank"" class=""btn-link"">🔗 Abrir Noticia</a>",[🔗 Abrir Noticia](https://news.google.com/rss/articles/CBMipgFBVV95cUxPVzFXMVFjWWMxdjhRYnFVODd4OHVQc01iWVJfVm1jT3lIZU9fZHBhLTBwVjlKcVlHQzlndk8wOFhzYVRPcHZ0emlDejJpdjdMaWdFRGNVLXVtT1lNdHl6RGlTRU1obFhYX1ljUXJhWUZLQWQ5RVJfd2ZULWlncHJ4VUZ3UGM2MEhLbFUyQ05MTG9EeXdBazNuRmpubC1uSlNYMnBCVHZn?oc=5),"Las joyas de Yeison Jiménez, testigos mudos del accidente El Meridiano",265f146de5ce2b22b4f89b32cb2d22c274f4b4793f219a440039051530a00a6d,2026-08-13 17:05:09
202,🟡 Pendiente (Verificar Noticia),2026-08-13,2026-08-13,El Meridiano,Otra familia de luto por los accidentes - El Meridiano,Montería (Casco Urbano / Sector en investigación),Montería (Casco Urbano / Sector en investigación),,Montería,No especificado,0,0,Baja (Centroide General Montería),8.7508,-75.8814,https://news.google.com/rss/articles/CBMijwFBVV95cUxOeV93dGdfc2p0dERBbmt6eHN1VWhKaUdPaFppWnBmczE3amFGbzJnb2Zac0Y3QlJEUHVCWnhqWFhXT2RaNkw1eUlER19NQXdNdTFnMHJBa2dZLVJlR1M0YUR0WTg3ZThGTGdxMUJ4OHVqNFp6TXVGaXhYcGZmdjF3dUZKcURZTUlMYVh0eFJ3MA?oc=5,"<a href=""https://news.google.com/rss/articles/CBMijwFBVV95cUxOeV93dGdfc2p0dERBbmt6eHN1VWhKaUdPaFppWnBmczE3amFGbzJnb2Zac0Y3QlJEUHVCWnhqWFhXT2RaNkw1eUlER19NQXdNdTFnMHJBa2dZLVJlR1M0YUR0WTg3ZThGTGdxMUJ4OHVqNFp6TXVGaXhYcGZmdjF3dUZKcURZTUlMYVh0eFJ3MA?oc=5"" target=""_blank"" class=""btn-link"">🔗 Abrir Noticia</a>",[🔗 Abrir Noticia](https://news.google.com/rss/articles/CBMijwFBVV95cUxOeV93dGdfc2p0dERBbmt6eHN1VWhKaUdPaFppWnBmczE3amFGbzJnb2Zac0Y3QlJEUHVCWnhqWFhXT2RaNkw1eUlER19NQXdNdTFnMHJBa2dZLVJlR1M0YUR0WTg3ZThGTGdxMUJ4OHVqNFp6TXVGaXhYcGZmdjF3dUZKcURZTUlMYVh0eFJ3MA?oc=5),Otra familia de luto por los accidentes El Meridiano,78d7f29c4d33298a8b07651e952657c694134ae13732802ff1c66a74b027a22f,2026-08-13 17:05:09
203,🟡 Pendiente (Verificar Noticia),2026-08-13,2026-08-13,El Meridiano,Accidentes en Córdoba están a la orden del día - El Meridiano,Montería (Casco Urbano / Sector en investigación),Montería (Casco Urbano / Sector en investigación),,Montería,No especificado,0,0,Baja (Centroide General Montería),8.7508,-75.8814,https://news.google.com/rss/articles/CBMimAFBVV95cUxPTjNPSmVfdjlOdGFma0M4eG5PVnhQbmdoOTd5QXpvd0dyUzZmZWQyb1hkWHo1bHU5NkN0SnJ3MHNEUWtsT2tlTGpuSHZLZ3l1LVlheWZsTURlTTFsQnYtekVSYk1ZejdseXU5NUFtVy1rcGNWR3VDQkNvblNPVkU1S0hhbTJBZEV4azE1LTRvbHFLZ0F3UHRFMg?oc=5,"<a href=""https://news.google.com/rss/articles/CBMimAFBVV95cUxPTjNPSmVfdjlOdGFma0M4eG5PVnhQbmdoOTd5QXpvd0dyUzZmZWQyb1hkWHo1bHU5NkN0SnJ3MHNEUWtsT2tlTGpuSHZLZ3l1LVlheWZsTURlTTFsQnYtekVSYk1ZejdseXU5NUFtVy1rcGNWR3VDQkNvblNPVkU1S0hhbTJBZEV4azE1LTRvbHFLZ0F3UHRFMg?oc=5"" target=""_blank"" class=""btn-link"">🔗 Abrir Noticia</a>",[🔗 Abrir Noticia](https://news.google.com/rss/articles/CBMimAFBVV95cUxPTjNPSmVfdjlOdGFma0M4eG5PVnhQbmdoOTd5QXpvd0dyUzZmZWQyb1hkWHo1bHU5NkN0SnJ3MHNEUWtsT2tlTGpuSHZLZ3l1LVlheWZsTURlTTFsQnYtekVSYk1ZejdseXU5NUFtVy1rcGNWR3VDQkNvblNPVkU1S0hhbTJBZEV4azE1LTRvbHFLZ0F3UHRFMg?oc=5),Accidentes en Córdoba están a la orden del día El Meridiano,fa5ac6206cd61304e45b668663a2631eee9bea8b7ea0b8145052ffafbc4b0261,2026-08-13 17:05:09
204,🟡 Pendiente (Verificar Noticia),2026-08-13,2026-08-13,El Meridiano,Conductor del accidente en Engativá habría abandonado el país tras el siniestro - El Meridiano,Montería (Casco Urbano / Sector en investigación),Montería (Casco Urbano / Sector en investigación),,Montería,No especificado,0,0,Baja (Centroide General Montería),8.7508,-75.8814,https://news.google.com/rss/articles/CBMivwFBVV95cUxNbkJ5U2ZEY3BzS1A2aHQ4ZEdZNHlDeWRQWHNPelpwODlJdzJFQ0tHZzVmcmR0M0Y2dUlnNGRLRVpkUUFFaHdfTzcyRnN4RGpYcjBjaUl2RFZMZ01VV0Y2ODVNRlJVUjd3VTl6VHlHeE5RYTQ2emFmaEVMR0lTWmRvYTVaN3l4OXNSdnByd1VCTVFrdV9kelZwSDV3UW1NaGpLcU5fMDJsTHVBVkVsdEVZOTBUZ0FsZ21tZ0lVMXBxSQ?oc=5,"<a href=""https://news.google.com/rss/articles/CBMivwFBVV95cUxNbkJ5U2ZEY3BzS1A2aHQ4ZEdZNHlDeWRQWHNPelpwODlJdzJFQ0tHZzVmcmR0M0Y2dUlnNGRLRVpkUUFFaHdfTzcyRnN4RGpYcjBjaUl2RFZMZ01VV0Y2ODVNRlJVUjd3VTl6VHlHeE5RYTQ2emFmaEVMR0lTWmRvYTVaN3l4OXNSdnByd1VCTVFrdV9kelZwSDV3UW1NaGpLcU5fMDJsTHVBVkVsdEVZOTBUZ0FsZ21tZ0lVMXBxSQ?oc=5"" target=""_blank"" class=""btn-link"">🔗 Abrir Noticia</a>",[🔗 Abrir Noticia](https://news.google.com/rss/articles/CBMivwFBVV95cUxNbkJ5U2ZEY3BzS1A2aHQ4ZEdZNHlDeWRQWHNPelpwODlJdzJFQ0tHZzVmcmR0M0Y2dUlnNGRLRVpkUUFFaHdfTzcyRnN4RGpYcjBjaUl2RFZMZ01VV0Y2ODVNRlJVUjd3VTl6VHlHeE5RYTQ2emFmaEVMR0lTWmRvYTVaN3l4OXNSdnByd1VCTVFrdV9kelZwSDV3UW1NaGpLcU5fMDJsTHVBVkVsdEVZOTBUZ0FsZ21tZ0lVMXBxSQ?oc=5),Conductor del accidente en Engativá habría abandonado el país tras el siniestro El Meridiano,35e222c0823f004dc31de138f5db0a565db3e33c06b364705106724733b05023,2026-08-13 17:05:09
205,🟡 Pendiente (Verificar Noticia),2026-08-13,2026-08-13,El Meridiano,Aparatoso accidente en Lorica - El Meridiano,"Municipio de Lorica, Córdoba","Municipio de Lorica, Córdoba",,Lorica,No especificado,0,0,Media (Centroide Municipio Córdoba),9.2392,-75.8136,https://news.google.com/rss/articles/CBMiggFBVV95cUxQdnItWnN6ZzFhN3BnQVVPYV9BMkhPYWdzckhDeEhMQkJMY0YxbmlKSnlhbjZZd0Q2Szg1eFdPdngya0pFVXVObzQ4NGwzMTZnTzJXeUY0TEc5cVZiNWE2SUNVbzhxYURIQWJkZjdWSkgwVFFOeFF4VGxZLVFsTU14S19R?oc=5,"<a href=""https://news.google.com/rss/articles/CBMiggFBVV95cUxQdnItWnN6ZzFhN3BnQVVPYV9BMkhPYWdzckhDeEhMQkJMY0YxbmlKSnlhbjZZd0Q2Szg1eFdPdngya0pFVXVObzQ4NGwzMTZnTzJXeUY0TEc5cVZiNWE2SUNVbzhxYURIQWJkZjdWSkgwVFFOeFF4VGxZLVFsTU14S19R?oc=5"" target=""_blank"" class=""btn-link"">🔗 Abrir Noticia</a>",[🔗 Abrir Noticia](https://news.google.com/rss/articles/CBMiggFBVV95cUxQdnItWnN6ZzFhN3BnQVVPYV9BMkhPYWdzckhDeEhMQkJMY0YxbmlKSnlhbjZZd0Q2Szg1eFdPdngya0pFVXVObzQ4NGwzMTZnTzJXeUY0TEc5cVZiNWE2SUNVbzhxYURIQWJkZjdWSkgwVFFOeFF4VGxZLVFsTU14S19R?oc=5),Aparatoso accidente en Lorica El Meridiano,4fc97c6a813afdb10b7855c64e759427ed8cfc47cf0a15cc2f4c8573a9be549b,2026-08-13 17:05:09
206,🟡 Pendiente (Verificar Noticia),2026-08-13,2026-08-13,El Meridiano,Un profesor y un joven murieron en accidentes - El Meridiano,Montería (Casco Urbano / Sector en investigación),Montería (Casco Urbano / Sector en investigación),,Montería,No especificado,1,0,Baja (Centroide General Montería),8.7508,-75.8814,https://news.google.com/rss/articles/CBMilwFBVV95cUxPR2R6VFZVRFl4UDg1SXFBeUhaQXk5TFpmOXg0Q2l1dzFUSnhJQ19lZG42S1ZDSEZIR3RZWEYwSW9TUnNoTE9nWk4xQXEteEp1bjcwZlRCRzZwRlM3VzJwZDdMbEpKb3dDWlQ5MDRsV01CZWFFRGxISF85emhJTHlZUGpxV2NaN2k1YU95aGZCZTZuRUwwTE5R?oc=5,"<a href=""https://news.google.com/rss/articles/CBMilwFBVV95cUxPR2R6VFZVRFl4UDg1SXFBeUhaQXk5TFpmOXg0Q2l1dzFUSnhJQ19lZG42S1ZDSEZIR3RZWEYwSW9TUnNoTE9nWk4xQXEteEp1bjcwZlRCRzZwRlM3VzJwZDdMbEpKb3dDWlQ5MDRsV01CZWFFRGxISF85emhJTHlZUGpxV2NaN2k1YU95aGZCZTZuRUwwTE5R?oc=5"" target=""_blank"" class=""btn-link"">🔗 Abrir Noticia</a>",[🔗 Abrir Noticia](https://news.google.com/rss/articles/CBMilwFBVV95cUxPR2R6VFZVRFl4UDg1SXFBeUhaQXk5TFpmOXg0Q2l1dzFUSnhJQ19lZG42S1ZDSEZIR3RZWEYwSW9TUnNoTE9nWk4xQXEteEp1bjcwZlRCRzZwRlM3VzJwZDdMbEpKb3dDWlQ5MDRsV01CZWFFRGxISF85emhJTHlZUGpxV2NaN2k1YU95aGZCZTZuRUwwTE5R?oc=5),Un profesor y un joven murieron en accidentes El Meridiano,dec90b38920652a23d083e410989daf5d86f643ab6b2d6eedd04d5a3a93c623a,2026-08-13 17:05:09
207,🟡 Pendiente (Verificar Noticia),2026-08-13,2026-08-13,El Meridiano,Un muerto y cinco heridos deja grave accidente - El Meridiano,Montería (Casco Urbano / Sector en investigación),Montería (Casco Urbano / Sector en investigación),,Montería,No especificado,1,1,Baja (Centroide General Montería),8.7508,-75.8814,https://news.google.com/rss/articles/CBMimAFBVV95cUxPbjdrYlZrX2JVZkVGbHRfdTNLT0VudTNaZWtFNTZpTkFDaHBUSmpYNGw4N0o1LWhtOVlxdFlsenhKLV83RFZJdVFsLXBYemFLWUs0OHBTY1V5YkpqdTR4cWdtNkhFX0NKZnFJQXBKWUVRUHZNZ0hFd2RZQ1ZYQVJKSE4zRUxtMjI4elRiRGR2VUstVl9NYlo4Vg?oc=5,"<a href=""https://news.google.com/rss/articles/CBMimAFBVV95cUxPbjdrYlZrX2JVZkVGbHRfdTNLT0VudTNaZWtFNTZpTkFDaHBUSmpYNGw4N0o1LWhtOVlxdFlsenhKLV83RFZJdVFsLXBYemFLWUs0OHBTY1V5YkpqdTR4cWdtNkhFX0NKZnFJQXBKWUVRUHZNZ0hFd2RZQ1ZYQVJKSE4zRUxtMjI4elRiRGR2VUstVl9NYlo4Vg?oc=5"" target=""_blank"" class=""btn-link"">🔗 Abrir Noticia</a>",[🔗 Abrir Noticia](https://news.google.com/rss/articles/CBMimAFBVV95cUxPbjdrYlZrX2JVZkVGbHRfdTNLT0VudTNaZWtFNTZpTkFDaHBUSmpYNGw4N0o1LWhtOVlxdFlsenhKLV83RFZJdVFsLXBYemFLWUs0OHBTY1V5YkpqdTR4cWdtNkhFX0NKZnFJQXBKWUVRUHZNZ0hFd2RZQ1ZYQVJKSE4zRUxtMjI4elRiRGR2VUstVl9NYlo4Vg?oc=5),Un muerto y cinco heridos deja grave accidente El Meridiano,62a2bd20820f92f2c07f6ff0947c4957e203ae78deee5fed07343a845a1b8e57,2026-08-13 17:05:09
208,🟡 Pendiente (Verificar Noticia),2026-08-13,2026-08-13,El Meridiano,Dos muertos dejó accidente en Chinú - El Meridiano,"Municipio de Chinú, Córdoba","Municipio de Chinú, Córdoba",,Chinú,No especificado,1,0,Media (Centroide Municipio Córdoba),9.1067,-75.4011,https://news.google.com/rss/articles/CBMiigFBVV95cUxNVzBNeEtRNWJicHd4a0RQZlNwdVRfaHpyOFlEUVQyMVRvNnM5d0xPMHNDQVVJUWw3VG9vMEI2bFBxM3czZ2pqallURXNseVN4XzhUak1aaFlCMk5CeUpCMXNNTWxmTVFNcm5KalpKZ0h6VVl1cF9CTUVXSkdNT0l6YUN1TlB5MUlaRXc?oc=5,"<a href=""https://news.google.com/rss/articles/CBMiigFBVV95cUxNVzBNeEtRNWJicHd4a0RQZlNwdVRfaHpyOFlEUVQyMVRvNnM5d0xPMHNDQVVJUWw3VG9vMEI2bFBxM3czZ2pqallURXNseVN4XzhUak1aaFlCMk5CeUpCMXNNTWxmTVFNcm5KalpKZ0h6VVl1cF9CTUVXSkdNT0l6YUN1TlB5MUlaRXc?oc=5"" target=""_blank"" class=""btn-link"">🔗 Abrir Noticia</a>",[🔗 Abrir Noticia](https://news.google.com/rss/articles/CBMiigFBVV95cUxNVzBNeEtRNWJicHd4a0RQZlNwdVRfaHpyOFlEUVQyMVRvNnM5d0xPMHNDQVVJUWw3VG9vMEI2bFBxM3czZ2pqallURXNseVN4XzhUak1aaFlCMk5CeUpCMXNNTWxmTVFNcm5KalpKZ0h6VVl1cF9CTUVXSkdNT0l6YUN1TlB5MUlaRXc?oc=5),Dos muertos dejó accidente en Chinú El Meridiano,e83710955fa3a5c65ee5e3741a68c9c2eccdc5f9c7a2ec969e9d48ad08fe1bc0,2026-08-13 17:05:09
209,🟡 Pendiente (Verificar Noticia),2026-08-13,2026-08-13,El Meridiano,"Grave accidente, se chocaron de frente - El Meridiano",Montería (Casco Urbano / Sector en investigación),Montería (Casco Urbano / Sector en investigación),,Montería,No especificado,0,0,Baja (Centroide General Montería),8.7508,-75.8814,https://news.google.com/rss/articles/CBMijAFBVV95cUxQOGg1ZzhSYUFHVmJZbmV1UXhpaGEwajVtV3VidnRtdHgzeENFdGp0alR5S0pVMElKSDJMWkEtRG9BTkZSU2UwZjJHc2tVZzNZOS1uZVVlWHVpLXVVWWIxNUlHaGJCdjVBTkc0SGRTV2U1SlA1b1hEY3ZsVjBEeEVVYzU5R2t4bHdLdmZjNg?oc=5,"<a href=""https://news.google.com/rss/articles/CBMijAFBVV95cUxQOGg1ZzhSYUFHVmJZbmV1UXhpaGEwajVtV3VidnRtdHgzeENFdGp0alR5S0pVMElKSDJMWkEtRG9BTkZSU2UwZjJHc2tVZzNZOS1uZVVlWHVpLXVVWWIxNUlHaGJCdjVBTkc0SGRTV2U1SlA1b1hEY3ZsVjBEeEVVYzU5R2t4bHdLdmZjNg?oc=5"" target=""_blank"" class=""btn-link"">🔗 Abrir Noticia</a>",[🔗 Abrir Noticia](https://news.google.com/rss/articles/CBMijAFBVV95cUxQOGg1ZzhSYUFHVmJZbmV1UXhpaGEwajVtV3VidnRtdHgzeENFdGp0alR5S0pVMElKSDJMWkEtRG9BTkZSU2UwZjJHc2tVZzNZOS1uZVVlWHVpLXVVWWIxNUlHaGJCdjVBTkc0SGRTV2U1SlA1b1hEY3ZsVjBEeEVVYzU5R2t4bHdLdmZjNg?oc=5),"Grave accidente, se chocaron de frente El Meridiano",922a851a9fadbd64743eeeaa15eefba0a5a223a05164c92ffb350c8b66299f17,2026-08-13 17:05:09
210,🟡 Pendiente (Verificar Noticia),2026-08-13,2026-08-13,El Meridiano,Tragedia en Antioquia: Accidente de bus escolar más de 10 fallecidos - El Meridiano,Montería (Casco Urbano / Sector en investigación),Montería (Casco Urbano / Sector en investigación),,Montería,Bus / Transporte Público,0,0,Baja (Centroide General Montería),8.7508,-75.8814,https://news.google.com/rss/articles/CBMirwFBVV95cUxQbEI0OEVaRlctSEdhZ1Q5TkdCYnpGSERKTTVPdWFNOHdOVDhsdHVIb3dZS3Z4NkItU1FvZ194cHh2ZWdDLTFZRFJzTTVJTng1dWppX1U0VDhUWHI5MXNrNzgyM1I3N2RzNUZkWU9XQWFQd0NRdGFHOVhicFh2eGJuX3dNOWdSNmZBa0hqNkNiYUlfajIxUDJndk9vYTJ5aU85YU1uekRkdGtPNDMtTzRv?oc=5,"<a href=""https://news.google.com/rss/articles/CBMirwFBVV95cUxQbEI0OEVaRlctSEdhZ1Q5TkdCYnpGSERKTTVPdWFNOHdOVDhsdHVIb3dZS3Z4NkItU1FvZ194cHh2ZWdDLTFZRFJzTTVJTng1dWppX1U0VDhUWHI5MXNrNzgyM1I3N2RzNUZkWU9XQWFQd0NRdGFHOVhicFh2eGJuX3dNOWdSNmZBa0hqNkNiYUlfajIxUDJndk9vYTJ5aU85YU1uekRkdGtPNDMtTzRv?oc=5"" target=""_blank"" class=""btn-link"">🔗 Abrir Noticia</a>",[🔗 Abrir Noticia](https://news.google.com/rss/articles/CBMirwFBVV95cUxQbEI0OEVaRlctSEdhZ1Q5TkdCYnpGSERKTTVPdWFNOHdOVDhsdHVIb3dZS3Z4NkItU1FvZ194cHh2ZWdDLTFZRFJzTTVJTng1dWppX1U0VDhUWHI5MXNrNzgyM1I3N2RzNUZkWU9XQWFQd0NRdGFHOVhicFh2eGJuX3dNOWdSNmZBa0hqNkNiYUlfajIxUDJndk9vYTJ5aU85YU1uekRkdGtPNDMtTzRv?oc=5),Tragedia en Antioquia: Accidente de bus escolar más de 10 fallecidos El Meridiano,be746193d37b0cb1803cb657cf9856c43ba657a3288aa26a355748ea61345b5a,2026-08-13 17:05:09
211,🟡 Pendiente (Verificar Noticia),2026-08-13,2026-08-13,El Meridiano,Cordobesa murió en accidente - El Meridiano,Montería (Casco Urbano / Sector en investigación),Montería (Casco Urbano / Sector en investigación),,Montería,No especificado,1,0,Baja (Centroide General Montería),8.7508,-75.8814,https://news.google.com/rss/articles/CBMigAFBVV95cUxOVGhkX1lOdnpsNFVNMmUwemtJUWRJTEhHQjZ3SVM4WFBfdFgtdndJQ2lnZ0hWa09ncVNKbldSNUk5YW5XaGRvS3pEZjhXandSTWNJNXNaY250V1pkUjVTbFJ6VF9kMkI2YjBnSHhwbFZRZ0RPdlA1WjVHaU5nUlJPcw?oc=5,"<a href=""https://news.google.com/rss/articles/CBMigAFBVV95cUxOVGhkX1lOdnpsNFVNMmUwemtJUWRJTEhHQjZ3SVM4WFBfdFgtdndJQ2lnZ0hWa09ncVNKbldSNUk5YW5XaGRvS3pEZjhXandSTWNJNXNaY250V1pkUjVTbFJ6VF9kMkI2YjBnSHhwbFZRZ0RPdlA1WjVHaU5nUlJPcw?oc=5"" target=""_blank"" class=""btn-link"">🔗 Abrir Noticia</a>",[🔗 Abrir Noticia](https://news.google.com/rss/articles/CBMigAFBVV95cUxOVGhkX1lOdnpsNFVNMmUwemtJUWRJTEhHQjZ3SVM4WFBfdFgtdndJQ2lnZ0hWa09ncVNKbldSNUk5YW5XaGRvS3pEZjhXandSTWNJNXNaY250V1pkUjVTbFJ6VF9kMkI2YjBnSHhwbFZRZ0RPdlA1WjVHaU5nUlJPcw?oc=5),Cordobesa murió en accidente El Meridiano,51ffc0a3e063218d1e5b6904f956ad46a22c01094d1e245fac407f2136068365,2026-08-13 17:05:09
212,🟡 Pendiente (Verificar Noticia),2026-08-13,2026-08-13,El Meridiano,Dos personas heridas en accidente - El Meridiano,Montería (Casco Urbano / Sector en investigación),Montería (Casco Urbano / Sector en investigación),,Montería,No especificado,0,2,Baja (Centroide General Montería),8.7508,-75.8814,https://news.google.com/rss/articles/CBMihwFBVV95cUxOYXgxOGRzZlpUTE1UQk1DbnBIUVlEbmRQcktLRWhIbmhFQ3hzNy1JbEl1RUg0X1lQSURwVmptZ2FkMDhRTzNkTE92YkQyWDVkNElLQ1ZFa0tlZkZyMlNBX1BOMnIxd3RrQ2RiOVk2T0ZoUHpxelZSQ1E1bGhJT21hVjNlQ09KSlE?oc=5,"<a href=""https://news.google.com/rss/articles/CBMihwFBVV95cUxOYXgxOGRzZlpUTE1UQk1DbnBIUVlEbmRQcktLRWhIbmhFQ3hzNy1JbEl1RUg0X1lQSURwVmptZ2FkMDhRTzNkTE92YkQyWDVkNElLQ1ZFa0tlZkZyMlNBX1BOMnIxd3RrQ2RiOVk2T0ZoUHpxelZSQ1E1bGhJT21hVjNlQ09KSlE?oc=5"" target=""_blank"" class=""btn-link"">🔗 Abrir Noticia</a>",[🔗 Abrir Noticia](https://news.google.com/rss/articles/CBMihwFBVV95cUxOYXgxOGRzZlpUTE1UQk1DbnBIUVlEbmRQcktLRWhIbmhFQ3hzNy1JbEl1RUg0X1lQSURwVmptZ2FkMDhRTzNkTE92YkQyWDVkNElLQ1ZFa0tlZkZyMlNBX1BOMnIxd3RrQ2RiOVk2T0ZoUHpxelZSQ1E1bGhJT21hVjNlQ09KSlE?oc=5),Dos personas heridas en accidente El Meridiano,4fe20f1b38c9a5d4ebbfe9eb457a1cf537554663695de583b7f76cbbc545b231,2026-08-13 17:05:09
213,🟡 Pendiente (Verificar Noticia),2026-08-13,2026-08-13,El Meridiano,Artista Zion fue hospitalizado tras grave accidente - El Meridiano,Montería (Casco Urbano / Sector en investigación),Montería (Casco Urbano / Sector en investigación),,Montería,No especificado,0,0,Baja (Centroide General Montería),8.7508,-75.8814,https://news.google.com/rss/articles/CBMimwFBVV95cUxOZldhSDF4eGs5aFZXSGZVSzBUempLWVQySEFsT1RmM0d5Vlc1amIyOUFJM3RvT2FIaG13bEJsSU9DVXVFcFRVUklCTUJHNDJjREh0aWhpNXZGbm1kSllKT0JvZ0Etc3BfeGRQUG1LZExYRlRmekg3UVBJMjNZc0gwcjlmLVVleHpTQldmZTYtWjAwRTYwRWhhN1pPVQ?oc=5,"<a href=""https://news.google.com/rss/articles/CBMimwFBVV95cUxOZldhSDF4eGs5aFZXSGZVSzBUempLWVQySEFsT1RmM0d5Vlc1amIyOUFJM3RvT2FIaG13bEJsSU9DVXVFcFRVUklCTUJHNDJjREh0aWhpNXZGbm1kSllKT0JvZ0Etc3BfeGRQUG1LZExYRlRmekg3UVBJMjNZc0gwcjlmLVVleHpTQldmZTYtWjAwRTYwRWhhN1pPVQ?oc=5"" target=""_blank"" class=""btn-link"">🔗 Abrir Noticia</a>",[🔗 Abrir Noticia](https://news.google.com/rss/articles/CBMimwFBVV95cUxOZldhSDF4eGs5aFZXSGZVSzBUempLWVQySEFsT1RmM0d5Vlc1amIyOUFJM3RvT2FIaG13bEJsSU9DVXVFcFRVUklCTUJHNDJjREh0aWhpNXZGbm1kSllKT0JvZ0Etc3BfeGRQUG1LZExYRlRmekg3UVBJMjNZc0gwcjlmLVVleHpTQldmZTYtWjAwRTYwRWhhN1pPVQ?oc=5),Artista Zion fue hospitalizado tras grave accidente El Meridiano,f2afecec9a5859c14aa6e28eb026dbd412e08c0c666238f684a06b3f92daf5d5,2026-08-13 17:05:09
214,🟡 Pendiente (Verificar Noticia),2026-08-13,2026-08-13,El Meridiano,Revelan causas del accidente de Diogo Jota - El Meridiano,Montería (Casco Urbano / Sector en investigación),Montería (Casco Urbano / Sector en investigación),,Montería,No especificado,0,0,Baja (Centroide General Montería),8.7508,-75.8814,https://news.google.com/rss/articles/CBMikwFBVV95cUxOeF80aDhpYmtxbmNvcGxVYm1XelE1ckpzVS0zVlZQOWNFUEpsbUQtWnd0Ml92OV9aaGpIYnNTRElZSk8teHF0dUJwNG1vbUdvYVdlYXlOYUJKN1FvTTRYdGFPN1I2WFUxaHROQTJob29QeDB5bTZadWVBdDRzUU95VDNXdnk0YTFickpBeThCc0dQdlk?oc=5,"<a href=""https://news.google.com/rss/articles/CBMikwFBVV95cUxOeF80aDhpYmtxbmNvcGxVYm1XelE1ckpzVS0zVlZQOWNFUEpsbUQtWnd0Ml92OV9aaGpIYnNTRElZSk8teHF0dUJwNG1vbUdvYVdlYXlOYUJKN1FvTTRYdGFPN1I2WFUxaHROQTJob29QeDB5bTZadWVBdDRzUU95VDNXdnk0YTFickpBeThCc0dQdlk?oc=5"" target=""_blank"" class=""btn-link"">🔗 Abrir Noticia</a>",[🔗 Abrir Noticia](https://news.google.com/rss/articles/CBMikwFBVV95cUxOeF80aDhpYmtxbmNvcGxVYm1XelE1ckpzVS0zVlZQOWNFUEpsbUQtWnd0Ml92OV9aaGpIYnNTRElZSk8teHF0dUJwNG1vbUdvYVdlYXlOYUJKN1FvTTRYdGFPN1I2WFUxaHROQTJob29QeDB5bTZadWVBdDRzUU95VDNXdnk0YTFickpBeThCc0dQdlk?oc=5),Revelan causas del accidente de Diogo Jota El Meridiano,26f180208071d6996b083e47d64a0739563d7ac433bd3135eb9e5381f9cf4913,2026-08-13 17:05:09
215,🟡 Pendiente (Verificar Noticia),2026-08-13,2026-08-13,El Meridiano,Un muerto y un herido tras accidente en Cereté - El Meridiano,"Municipio de Cereté, Córdoba","Municipio de Cereté, Córdoba",,Cereté,No especificado,1,1,Media (Centroide Municipio Córdoba),8.8844,-75.7908,https://news.google.com/rss/articles/CBMijwFBVV95cUxQOEo3dWE1cW5tMF9reVl4QjdueXpBYjlWQmlOaTJHU1FwdDRPVGt4clRFeVY0cWdTNzhWUFZTOWlucENBRFlBZ3FsNW82TUU2VVNTZThrNUQzbG1BMVpVLUxnamhtb1c0ZWVxRlJYcFZ5Nk05MzdGb3hMb1FGV0F0WW51TlFFOUR1TmQ3QUttMA?oc=5,"<a href=""https://news.google.com/rss/articles/CBMijwFBVV95cUxQOEo3dWE1cW5tMF9reVl4QjdueXpBYjlWQmlOaTJHU1FwdDRPVGt4clRFeVY0cWdTNzhWUFZTOWlucENBRFlBZ3FsNW82TUU2VVNTZThrNUQzbG1BMVpVLUxnamhtb1c0ZWVxRlJYcFZ5Nk05MzdGb3hMb1FGV0F0WW51TlFFOUR1TmQ3QUttMA?oc=5"" target=""_blank"" class=""btn-link"">🔗 Abrir Noticia</a>",[🔗 Abrir Noticia](https://news.google.com/rss/articles/CBMijwFBVV95cUxQOEo3dWE1cW5tMF9reVl4QjdueXpBYjlWQmlOaTJHU1FwdDRPVGt4clRFeVY0cWdTNzhWUFZTOWlucENBRFlBZ3FsNW82TUU2VVNTZThrNUQzbG1BMVpVLUxnamhtb1c0ZWVxRlJYcFZ5Nk05MzdGb3hMb1FGV0F0WW51TlFFOUR1TmQ3QUttMA?oc=5),Un muerto y un herido tras accidente en Cereté El Meridiano,8f7eec3891c68e11046552c20ca79d673971f4663f1510f1c43d8293423cf2b8,2026-08-13 17:05:09
216,🟡 Pendiente (Verificar Noticia),2026-08-13,2026-08-13,El Meridiano,Ya son 91 lo muertos por accidentes - El Meridiano,Montería (Casco Urbano / Sector en investigación),Montería (Casco Urbano / Sector en investigación),,Montería,No especificado,1,0,Baja (Centroide General Montería),8.7508,-75.8814,https://news.google.com/rss/articles/CBMigAFBVV95cUxOTEtxNHdJT0VjT2ZudjFDaW1YNTlNbDZHeFlmWVBNT0xESVRyQ25UR3I3Y0lDcGVoa3RFMTBRYjJodUdrQ0d0cXhielNGYlE1NHcydm5TX081ZmlrOFllNHQwZjBsOWMwaTZrT0tPdEQzbnYzUjQyM0tFUDdEa3Y3Tg?oc=5,"<a href=""https://news.google.com/rss/articles/CBMigAFBVV95cUxOTEtxNHdJT0VjT2ZudjFDaW1YNTlNbDZHeFlmWVBNT0xESVRyQ25UR3I3Y0lDcGVoa3RFMTBRYjJodUdrQ0d0cXhielNGYlE1NHcydm5TX081ZmlrOFllNHQwZjBsOWMwaTZrT0tPdEQzbnYzUjQyM0tFUDdEa3Y3Tg?oc=5"" target=""_blank"" class=""btn-link"">🔗 Abrir Noticia</a>",[🔗 Abrir Noticia](https://news.google.com/rss/articles/CBMigAFBVV95cUxOTEtxNHdJT0VjT2ZudjFDaW1YNTlNbDZHeFlmWVBNT0xESVRyQ25UR3I3Y0lDcGVoa3RFMTBRYjJodUdrQ0d0cXhielNGYlE1NHcydm5TX081ZmlrOFllNHQwZjBsOWMwaTZrT0tPdEQzbnYzUjQyM0tFUDdEa3Y3Tg?oc=5),Ya son 91 lo muertos por accidentes El Meridiano,77aff4f3187ce537f8c91532911ead0c12f01b946b36e083501dee209df19e22,2026-08-13 17:05:09
217,🟡 Pendiente (Verificar Noticia),2026-08-13,2026-08-13,El Meridiano,Dos víctimas de accidentes - El Meridiano,Montería (Casco Urbano / Sector en investigación),Montería (Casco Urbano / Sector en investigación),,Montería,No especificado,0,0,Baja (Centroide General Montería),8.7508,-75.8814,https://news.google.com/rss/articles/CBMifkFVX3lxTFBJRzhTY01WRE5sU2U4d2lESmc3M3o1UmhacDB4RzlmMVB5V09GdV9LYzNnVV8wOE9IdlFSZm1ZWTQ3UkNEMFZ5MERzN2xrOTV4Nmo0bDdaQlVOeWxLMW1Mc1JDX2daS3A0bjV6amNlYVZTT1NOWE5fcWhTOUNWdw?oc=5,"<a href=""https://news.google.com/rss/articles/CBMifkFVX3lxTFBJRzhTY01WRE5sU2U4d2lESmc3M3o1UmhacDB4RzlmMVB5V09GdV9LYzNnVV8wOE9IdlFSZm1ZWTQ3UkNEMFZ5MERzN2xrOTV4Nmo0bDdaQlVOeWxLMW1Mc1JDX2daS3A0bjV6amNlYVZTT1NOWE5fcWhTOUNWdw?oc=5"" target=""_blank"" class=""btn-link"">🔗 Abrir Noticia</a>",[🔗 Abrir Noticia](https://news.google.com/rss/articles/CBMifkFVX3lxTFBJRzhTY01WRE5sU2U4d2lESmc3M3o1UmhacDB4RzlmMVB5V09GdV9LYzNnVV8wOE9IdlFSZm1ZWTQ3UkNEMFZ5MERzN2xrOTV4Nmo0bDdaQlVOeWxLMW1Mc1JDX2daS3A0bjV6amNlYVZTT1NOWE5fcWhTOUNWdw?oc=5),Dos víctimas de accidentes El Meridiano,158f0de02509d674ca536332d9c50e5a64b952486491ab94897f95aed2b27eb9,2026-08-13 17:05:09
218,🟡 Pendiente (Verificar Noticia),2026-08-13,2026-08-13,El Meridiano,Accidente en Buenavista deja una persona muerta - El Meridiano,Montería (Casco Urbano / Sector en investigación),Montería (Casco Urbano / Sector en investigación),,Montería,No especificado,0,0,Baja (Centroide General Montería),8.7508,-75.8814,https://news.google.com/rss/articles/CBMikAFBVV95cUxPQWdUNGhzZ2UyLW9rOXhzNUpnd202cy1KeU1mcVAxNzVielM2alZFdkxjV0lPUXBQenFhXzFodWpDZWRDQUY0X2xnU0pGX2VsQ1drMDFKcmpoMjRlSXkyd0lfYlUtOVhKUk1TRUhEUE8xbEduQTVGOUtQeGdBMlMxUHhsLU9NWnNCcE5feS1yM2Q?oc=5,"<a href=""https://news.google.com/rss/articles/CBMikAFBVV95cUxPQWdUNGhzZ2UyLW9rOXhzNUpnd202cy1KeU1mcVAxNzVielM2alZFdkxjV0lPUXBQenFhXzFodWpDZWRDQUY0X2xnU0pGX2VsQ1drMDFKcmpoMjRlSXkyd0lfYlUtOVhKUk1TRUhEUE8xbEduQTVGOUtQeGdBMlMxUHhsLU9NWnNCcE5feS1yM2Q?oc=5"" target=""_blank"" class=""btn-link"">🔗 Abrir Noticia</a>",[🔗 Abrir Noticia](https://news.google.com/rss/articles/CBMikAFBVV95cUxPQWdUNGhzZ2UyLW9rOXhzNUpnd202cy1KeU1mcVAxNzVielM2alZFdkxjV0lPUXBQenFhXzFodWpDZWRDQUY0X2xnU0pGX2VsQ1drMDFKcmpoMjRlSXkyd0lfYlUtOVhKUk1TRUhEUE8xbEduQTVGOUtQeGdBMlMxUHhsLU9NWnNCcE5feS1yM2Q?oc=5),Accidente en Buenavista deja una persona muerta El Meridiano,32b457c1a3b59a4b569e1840e6d8908dc1879ec90095217978f1b1d1dbce3846,2026-08-13 17:05:09
219,🟡 Pendiente (Verificar Noticia),2026-08-13,2026-08-13,El Meridiano,Accidente dejó dos víctimas mortales en Sahagún - El Meridiano,"Municipio de Sahagún, Córdoba","Municipio de Sahagún, Córdoba",,Sahagún,No especificado,1,0,Media (Centroide Municipio Córdoba),8.9461,-75.4431,https://news.google.com/rss/articles/CBMikAFBVV95cUxQTGhyNG1GTlFZNkZzdW5DalpTRlNMRmZfTHJzTjltbFBacU53ZG5vRkE1UjZZczBxcEdSdEJsMDZQNkNSblRVN2tqd1ZXSk1LUzVmTXV3TUFlN3FQZlZ5OWpsRnM1RzhwZzd5UTBoUnBNMjJjVkR2YjhoV3BlYl91UUZPdFdNc1g3ZXhXcjVHYnQ?oc=5,"<a href=""https://news.google.com/rss/articles/CBMikAFBVV95cUxQTGhyNG1GTlFZNkZzdW5DalpTRlNMRmZfTHJzTjltbFBacU53ZG5vRkE1UjZZczBxcEdSdEJsMDZQNkNSblRVN2tqd1ZXSk1LUzVmTXV3TUFlN3FQZlZ5OWpsRnM1RzhwZzd5UTBoUnBNMjJjVkR2YjhoV3BlYl91UUZPdFdNc1g3ZXhXcjVHYnQ?oc=5"" target=""_blank"" class=""btn-link"">🔗 Abrir Noticia</a>",[🔗 Abrir Noticia](https://news.google.com/rss/articles/CBMikAFBVV95cUxQTGhyNG1GTlFZNkZzdW5DalpTRlNMRmZfTHJzTjltbFBacU53ZG5vRkE1UjZZczBxcEdSdEJsMDZQNkNSblRVN2tqd1ZXSk1LUzVmTXV3TUFlN3FQZlZ5OWpsRnM1RzhwZzd5UTBoUnBNMjJjVkR2YjhoV3BlYl91UUZPdFdNc1g3ZXhXcjVHYnQ?oc=5),Accidente dejó dos víctimas mortales en Sahagún El Meridiano,a4702cdc45882b047fc9e8703eb6158f45a5a82920524d7cbc6cfb5770983a59,2026-08-13 17:05:09
220,🟡 Pendiente (Verificar Noticia),2026-08-13,2026-08-13,El Meridiano,Tres heridos dejó accidente en la vía La Apartada - Montelíbano - El Meridiano,"Municipio de Montelíbano, Córdoba","Municipio de Montelíbano, Córdoba",,Montelíbano,No especificado,0,1,Media (Centroide Municipio Córdoba),7.9786,-75.4189,https://news.google.com/rss/articles/CBMipgFBVV95cUxObXd4b1BYOHRsMWFTYldpR3BRMFRadGNBbU9TbUVkU1BmMEkyS2pYcEVUZGFkWnF5bTgxVWl0N2E3V2Q5d1NpaE14NGxqZ01Ld2U4MEhjZWtDY2FraVhXN3p4S2ZIYXRER05VdHlBQzRNbVpLYTdmSEZnSlZ5UDlqcnlGLXdVUlNkRHIyY1h6S201WXhOTERkNzRwUXJhbkpoQ1RLUFpB?oc=5,"<a href=""https://news.google.com/rss/articles/CBMipgFBVV95cUxObXd4b1BYOHRsMWFTYldpR3BRMFRadGNBbU9TbUVkU1BmMEkyS2pYcEVUZGFkWnF5bTgxVWl0N2E3V2Q5d1NpaE14NGxqZ01Ld2U4MEhjZWtDY2FraVhXN3p4S2ZIYXRER05VdHlBQzRNbVpLYTdmSEZnSlZ5UDlqcnlGLXdVUlNkRHIyY1h6S201WXhOTERkNzRwUXJhbkpoQ1RLUFpB?oc=5"" target=""_blank"" class=""btn-link"">🔗 Abrir Noticia</a>",[🔗 Abrir Noticia](https://news.google.com/rss/articles/CBMipgFBVV95cUxObXd4b1BYOHRsMWFTYldpR3BRMFRadGNBbU9TbUVkU1BmMEkyS2pYcEVUZGFkWnF5bTgxVWl0N2E3V2Q5d1NpaE14NGxqZ01Ld2U4MEhjZWtDY2FraVhXN3p4S2ZIYXRER05VdHlBQzRNbVpLYTdmSEZnSlZ5UDlqcnlGLXdVUlNkRHIyY1h6S201WXhOTERkNzRwUXJhbkpoQ1RLUFpB?oc=5),Tres heridos dejó accidente en la vía La Apartada - Montelíbano El Meridiano,6a5fa0b5e4009ef3ac8c7c7c4d3e5df1339869610bfe3f058c6686c8b0a7c7d3,2026-08-13 17:05:09
221,🟡 Pendiente (Verificar Noticia),2026-08-13,2026-08-13,El Meridiano,Tragedia en Chinú: accidente dejó cuatro muertos - El Meridiano,"Municipio de Chinú, Córdoba","Municipio de Chinú, Córdoba",,Chinú,No especificado,1,0,Media (Centroide Municipio Córdoba),9.1067,-75.4011,https://news.google.com/rss/articles/CBMikAFBVV95cUxQMmtmdEcyYzV6NVNqTmZGZ0RzWHgtcW1rRzFXeHZlbWU5d2xfaFFRWG41UE1hU0pYZWx2VUR0cjFpV2F5TVJoaHZBR0tnUWhsWEQ5RHo4SXVtN0pldU02TWhvcDZUV3g2MXQtSXF1S3dTdkdBcVFPMWR6ck0zOERCRnZQTG95SWF3OHpjS0pQM0E?oc=5,"<a href=""https://news.google.com/rss/articles/CBMikAFBVV95cUxQMmtmdEcyYzV6NVNqTmZGZ0RzWHgtcW1rRzFXeHZlbWU5d2xfaFFRWG41UE1hU0pYZWx2VUR0cjFpV2F5TVJoaHZBR0tnUWhsWEQ5RHo4SXVtN0pldU02TWhvcDZUV3g2MXQtSXF1S3dTdkdBcVFPMWR6ck0zOERCRnZQTG95SWF3OHpjS0pQM0E?oc=5"" target=""_blank"" class=""btn-link"">🔗 Abrir Noticia</a>",[🔗 Abrir Noticia](https://news.google.com/rss/articles/CBMikAFBVV95cUxQMmtmdEcyYzV6NVNqTmZGZ0RzWHgtcW1rRzFXeHZlbWU5d2xfaFFRWG41UE1hU0pYZWx2VUR0cjFpV2F5TVJoaHZBR0tnUWhsWEQ5RHo4SXVtN0pldU02TWhvcDZUV3g2MXQtSXF1S3dTdkdBcVFPMWR6ck0zOERCRnZQTG95SWF3OHpjS0pQM0E?oc=5),Tragedia en Chinú: accidente dejó cuatro muertos El Meridiano,9b2cd6e22c8bd3dd0839e7063f96726667cd518c0a8bede5fa65561bdc0f3ed9,2026-08-13 17:05:09
222,🟡 Pendiente (Verificar Noticia),2026-08-13,2026-08-13,El Meridiano,Hombre falleció en accidente de tránsito en Montelíbano - El Meridiano,"Municipio de Montelíbano, Córdoba","Municipio de Montelíbano, Córdoba",,Montelíbano,No especificado,1,0,Media (Centroide Municipio Córdoba),7.9786,-75.4189,https://news.google.com/rss/articles/CBMimwFBVV95cUxOQUJVaGY1VGs0bnVJZWluelRqYVA2QTY3MkROaGZ0emdDUlh2VThJeUN6dmhqaGtVMUhISHhjbkdvektOWFc2VHdGalpjalVybVR0Y0hkeFR3TU1LQ3ExT0hZSTU1d0Q2X3NZN1U3blljQUoxWmZzYnpuZVFzOWo4OFRCNmVyeDFteEZGNEgzanlDbG9IWGhHclgzSQ?oc=5,"<a href=""https://news.google.com/rss/articles/CBMimwFBVV95cUxOQUJVaGY1VGs0bnVJZWluelRqYVA2QTY3MkROaGZ0emdDUlh2VThJeUN6dmhqaGtVMUhISHhjbkdvektOWFc2VHdGalpjalVybVR0Y0hkeFR3TU1LQ3ExT0hZSTU1d0Q2X3NZN1U3blljQUoxWmZzYnpuZVFzOWo4OFRCNmVyeDFteEZGNEgzanlDbG9IWGhHclgzSQ?oc=5"" target=""_blank"" class=""btn-link"">🔗 Abrir Noticia</a>",[🔗 Abrir Noticia](https://news.google.com/rss/articles/CBMimwFBVV95cUxOQUJVaGY1VGs0bnVJZWluelRqYVA2QTY3MkROaGZ0emdDUlh2VThJeUN6dmhqaGtVMUhISHhjbkdvektOWFc2VHdGalpjalVybVR0Y0hkeFR3TU1LQ3ExT0hZSTU1d0Q2X3NZN1U3blljQUoxWmZzYnpuZVFzOWo4OFRCNmVyeDFteEZGNEgzanlDbG9IWGhHclgzSQ?oc=5),Hombre falleció en accidente de tránsito en Montelíbano El Meridiano,0ead3d8e65404e6fd654fefd5f43c0ed2d7088b22e00d11c921dfb2f589c08f8,2026-08-13 17:05:09
223,🟡 Pendiente (Verificar Noticia),2026-08-13,2026-08-13,El Meridiano,Un muerto y un herido dejo accidente en la vía Planeta Rica - Montería - El Meridiano,"Municipio de Planeta Rica, Córdoba","Municipio de Planeta Rica, Córdoba",,Montería,No especificado,1,1,Baja (Centroide General Montería),8.7508,-75.8814,https://news.google.com/rss/articles/CBMirwFBVV95cUxOdzEybkJlcGJvY000dGthQXF0S3dOZkN1YkRNblZhSmlFczlRS0FDcld2V0JYbkFWYTJId0ttTkdRY043ZDFwVkkwUm5BR2FzS2xUSG5xVzNTaGg2ZVNWZkxTV2xlSktYQ2JOeEJHNHF0d2dzZzdZQXBNc3plempOZTkyS250M2ZGZDVLd1JYR3dyRFJTa202WWp4SUo4ZC1PUjFRakVKdmdfdVdscTI4?oc=5,"<a href=""https://news.google.com/rss/articles/CBMirwFBVV95cUxOdzEybkJlcGJvY000dGthQXF0S3dOZkN1YkRNblZhSmlFczlRS0FDcld2V0JYbkFWYTJId0ttTkdRY043ZDFwVkkwUm5BR2FzS2xUSG5xVzNTaGg2ZVNWZkxTV2xlSktYQ2JOeEJHNHF0d2dzZzdZQXBNc3plempOZTkyS250M2ZGZDVLd1JYR3dyRFJTa202WWp4SUo4ZC1PUjFRakVKdmdfdVdscTI4?oc=5"" target=""_blank"" class=""btn-link"">🔗 Abrir Noticia</a>",[🔗 Abrir Noticia](https://news.google.com/rss/articles/CBMirwFBVV95cUxOdzEybkJlcGJvY000dGthQXF0S3dOZkN1YkRNblZhSmlFczlRS0FDcld2V0JYbkFWYTJId0ttTkdRY043ZDFwVkkwUm5BR2FzS2xUSG5xVzNTaGg2ZVNWZkxTV2xlSktYQ2JOeEJHNHF0d2dzZzdZQXBNc3plempOZTkyS250M2ZGZDVLd1JYR3dyRFJTa202WWp4SUo4ZC1PUjFRakVKdmdfdVdscTI4?oc=5),Un muerto y un herido dejo accidente en la vía Planeta Rica - Montería El Meridiano,6ddd8b0f6a588bb1327bbbd4662bc5d21c0aa513132ad63a09e5d8a909d6e724,2026-08-13 17:05:09
224,🟡 Pendiente (Verificar Noticia),2026-08-13,2026-08-13,El Meridiano,Un muerto dejó grave accidente de transito en Sahagún - El Meridiano,"Municipio de Sahagún, Córdoba","Municipio de Sahagún, Córdoba",,Sahagún,No especificado,1,0,Media (Centroide Municipio Córdoba),8.9461,-75.4431,https://news.google.com/rss/articles/CBMimAFBVV95cUxQN0luRHVfLS1KM2V3bDRmeUxUN2tUcHUycUM4Q2trMnpIU3lsVFZOYndqaTVKLTM5QzdyNGp0SEJrSUhwNDFQOEd0Y0xUSFlYcUttVzNjRXNkY0ItN2hBVEdSQzRwQlZuYjZMZmd3Sm5kNFgtZi1SV3YyOGN1dWFpTmxhcHJHVEhXMkJJSW1PN3ItcEF2TWJ6Yg?oc=5,"<a href=""https://news.google.com/rss/articles/CBMimAFBVV95cUxQN0luRHVfLS1KM2V3bDRmeUxUN2tUcHUycUM4Q2trMnpIU3lsVFZOYndqaTVKLTM5QzdyNGp0SEJrSUhwNDFQOEd0Y0xUSFlYcUttVzNjRXNkY0ItN2hBVEdSQzRwQlZuYjZMZmd3Sm5kNFgtZi1SV3YyOGN1dWFpTmxhcHJHVEhXMkJJSW1PN3ItcEF2TWJ6Yg?oc=5"" target=""_blank"" class=""btn-link"">🔗 Abrir Noticia</a>",[🔗 Abrir Noticia](https://news.google.com/rss/articles/CBMimAFBVV95cUxQN0luRHVfLS1KM2V3bDRmeUxUN2tUcHUycUM4Q2trMnpIU3lsVFZOYndqaTVKLTM5QzdyNGp0SEJrSUhwNDFQOEd0Y0xUSFlYcUttVzNjRXNkY0ItN2hBVEdSQzRwQlZuYjZMZmd3Sm5kNFgtZi1SV3YyOGN1dWFpTmxhcHJHVEhXMkJJSW1PN3ItcEF2TWJ6Yg?oc=5),Un muerto dejó grave accidente de transito en Sahagún El Meridiano,ef364550309a71e7d789fa0ca0c8876567ffdb7f6071ae89b41bd6f7b7cac786,2026-08-13 17:05:09
225,🟡 Pendiente (Verificar Noticia),2026-08-13,2026-08-13,El Meridiano,Identifican a mujer muerta en accidente - El Meridiano,Montería (Casco Urbano / Sector en investigación),Montería (Casco Urbano / Sector en investigación),,Montería,No especificado,0,0,Baja (Centroide General Montería),8.7508,-75.8814,https://news.google.com/rss/articles/CBMihgFBVV95cUxNNXc5N0xENTlFWWJsTDJ1anV5WW1CQ0p6MktrVGZYLV9TU0VhZzNNNDBWX3JsZ081TWl3NlhCaGZWTjE4Zi04em94MHZvbmNFVmU1N2pvYXFaSWFRbEktR1hvVXczVTY2VGhZTmFhRDd0Z19BWUoyTWthT3o5UXVJNDk4U2JLdw?oc=5,"<a href=""https://news.google.com/rss/articles/CBMihgFBVV95cUxNNXc5N0xENTlFWWJsTDJ1anV5WW1CQ0p6MktrVGZYLV9TU0VhZzNNNDBWX3JsZ081TWl3NlhCaGZWTjE4Zi04em94MHZvbmNFVmU1N2pvYXFaSWFRbEktR1hvVXczVTY2VGhZTmFhRDd0Z19BWUoyTWthT3o5UXVJNDk4U2JLdw?oc=5"" target=""_blank"" class=""btn-link"">🔗 Abrir Noticia</a>",[🔗 Abrir Noticia](https://news.google.com/rss/articles/CBMihgFBVV95cUxNNXc5N0xENTlFWWJsTDJ1anV5WW1CQ0p6MktrVGZYLV9TU0VhZzNNNDBWX3JsZ081TWl3NlhCaGZWTjE4Zi04em94MHZvbmNFVmU1N2pvYXFaSWFRbEktR1hvVXczVTY2VGhZTmFhRDd0Z19BWUoyTWthT3o5UXVJNDk4U2JLdw?oc=5),Identifican a mujer muerta en accidente El Meridiano,72ea2dcde3df2df298b3c74ef97d58fcc67559dd85f0641cb01996394cdd05b9,2026-08-13 17:05:09
226,🟡 Pendiente (Verificar Noticia),2026-08-13,2026-08-13,El Meridiano,Tragedia en vía de Córdoba: un muerto dejó accidente de tránsito - El Meridiano,Montería (Casco Urbano / Sector en investigación),Montería (Casco Urbano / Sector en investigación),,Montería,No especificado,1,0,Baja (Centroide General Montería),8.7508,-75.8814,https://news.google.com/rss/articles/CBMipgFBVV95cUxQT3hhOXJDampadXprSzRSS0d1UVpVSXBOeXNDZUM1RmgyTDhOdWxwWXUwVk9tWTdIbC1aSUJzaW82WnY0SzJJZDhSRmZ1Q3FMTlk2VFBUQWEyS0ZXc0pGd3N3dm5qaWx4YmhaUnFEbllxd3NQUkxLaTh0SmJtZFFBenZsVng5ZmdleW9vVmxjZDhEQ0FHeHF4RHVMa2d5aWZfVUVfenFn?oc=5,"<a href=""https://news.google.com/rss/articles/CBMipgFBVV95cUxQT3hhOXJDampadXprSzRSS0d1UVpVSXBOeXNDZUM1RmgyTDhOdWxwWXUwVk9tWTdIbC1aSUJzaW82WnY0SzJJZDhSRmZ1Q3FMTlk2VFBUQWEyS0ZXc0pGd3N3dm5qaWx4YmhaUnFEbllxd3NQUkxLaTh0SmJtZFFBenZsVng5ZmdleW9vVmxjZDhEQ0FHeHF4RHVMa2d5aWZfVUVfenFn?oc=5"" target=""_blank"" class=""btn-link"">🔗 Abrir Noticia</a>",[🔗 Abrir Noticia](https://news.google.com/rss/articles/CBMipgFBVV95cUxQT3hhOXJDampadXprSzRSS0d1UVpVSXBOeXNDZUM1RmgyTDhOdWxwWXUwVk9tWTdIbC1aSUJzaW82WnY0SzJJZDhSRmZ1Q3FMTlk2VFBUQWEyS0ZXc0pGd3N3dm5qaWx4YmhaUnFEbllxd3NQUkxLaTh0SmJtZFFBenZsVng5ZmdleW9vVmxjZDhEQ0FHeHF4RHVMa2d5aWZfVUVfenFn?oc=5),Tragedia en vía de Córdoba: un muerto dejó accidente de tránsito El Meridiano,3de102924f294417c6b2c5186452c2077d2d7c938f20d9c7e9cb581493402a52,2026-08-13 17:05:09
227,🟡 Pendiente (Verificar Noticia),2026-08-13,2026-08-13,El Meridiano,Se accidentó el 'Chico Bailarín' de Urbaser - El Meridiano,Montería (Casco Urbano / Sector en investigación),Montería (Casco Urbano / Sector en investigación),,Montería,No especificado,0,0,Baja (Centroide General Montería),8.7508,-75.8814,https://news.google.com/rss/articles/CBMiiAFBVV95cUxOcV9pTF9QNGhmOF8yQldxbWRmY1ZlS0QtSTJqbVdHQV8xWVMyWnR0aWJoTHU1MUFvQVN5d1ZfZkYya3VUeENBNU9EVVYxT3JYd01aeVhEd2tBN1FPUW1BcW5tcWRSMFRKZFRTbDl6WE83NDluZHluOXRBSFZQUmNCMlAwblY1enhi?oc=5,"<a href=""https://news.google.com/rss/articles/CBMiiAFBVV95cUxOcV9pTF9QNGhmOF8yQldxbWRmY1ZlS0QtSTJqbVdHQV8xWVMyWnR0aWJoTHU1MUFvQVN5d1ZfZkYya3VUeENBNU9EVVYxT3JYd01aeVhEd2tBN1FPUW1BcW5tcWRSMFRKZFRTbDl6WE83NDluZHluOXRBSFZQUmNCMlAwblY1enhi?oc=5"" target=""_blank"" class=""btn-link"">🔗 Abrir Noticia</a>",[🔗 Abrir Noticia](https://news.google.com/rss/articles/CBMiiAFBVV95cUxOcV9pTF9QNGhmOF8yQldxbWRmY1ZlS0QtSTJqbVdHQV8xWVMyWnR0aWJoTHU1MUFvQVN5d1ZfZkYya3VUeENBNU9EVVYxT3JYd01aeVhEd2tBN1FPUW1BcW5tcWRSMFRKZFRTbDl6WE83NDluZHluOXRBSFZQUmNCMlAwblY1enhi?oc=5),Se accidentó el 'Chico Bailarín' de Urbaser El Meridiano,3f1980d5e89181582031e3f395a221a47332f2ad803651eef6cccdf735904082,2026-08-13 17:05:09
228,🟡 Pendiente (Verificar Noticia),2026-08-13,2026-08-13,El Meridiano,JJ Bertel sufrió un accidente - El Meridiano,Montería (Casco Urbano / Sector en investigación),Montería (Casco Urbano / Sector en investigación),,Montería,No especificado,0,0,Baja (Centroide General Montería),8.7508,-75.8814,https://news.google.com/rss/articles/CBMieEFVX3lxTE9CX2dmU1ZNUlBETVRVZ0xEaDh2NThNSU95ei05ajlUei1sUzd5NFBldlhraERKaG1yRjZWQTZkVWM5emJEcHNrTUFZQldmVk45dVhzbTl0RVI0Tk1GbWtoVUpKUHE4dkdIaklSc1JFMWN4elhxaGlxaQ?oc=5,"<a href=""https://news.google.com/rss/articles/CBMieEFVX3lxTE9CX2dmU1ZNUlBETVRVZ0xEaDh2NThNSU95ei05ajlUei1sUzd5NFBldlhraERKaG1yRjZWQTZkVWM5emJEcHNrTUFZQldmVk45dVhzbTl0RVI0Tk1GbWtoVUpKUHE4dkdIaklSc1JFMWN4elhxaGlxaQ?oc=5"" target=""_blank"" class=""btn-link"">🔗 Abrir Noticia</a>",[🔗 Abrir Noticia](https://news.google.com/rss/articles/CBMieEFVX3lxTE9CX2dmU1ZNUlBETVRVZ0xEaDh2NThNSU95ei05ajlUei1sUzd5NFBldlhraERKaG1yRjZWQTZkVWM5emJEcHNrTUFZQldmVk45dVhzbTl0RVI0Tk1GbWtoVUpKUHE4dkdIaklSc1JFMWN4elhxaGlxaQ?oc=5),JJ Bertel sufrió un accidente El Meridiano,ba11a83cfe855c697c556cfdbe98bcc3a974ff43e58da2997c49cd73cb74e41a,2026-08-13 17:05:09
229,🟡 Pendiente (Verificar Noticia),2026-08-13,2026-08-13,El Meridiano,Grave accidente en la vía Ciénaga de Oro - El Meridiano,"Municipio de Ciénaga de Oro, Córdoba","Municipio de Ciénaga de Oro, Córdoba",,Ciénaga de Oro,No especificado,0,0,Media (Centroide Municipio Córdoba),8.8786,-75.6231,https://news.google.com/rss/articles/CBMihwFBVV95cUxOMUExMTlKMlFkaFJ4OU9HVGl3LWVtQXZqam9XX3lIR0YtTTBjVFl6OTI5cEU2UW5oVjRlSkhCN3FnQk5FaGNZYlRocjEyYngyUmFWeG83d01oTElfVXltbFJzQ01PX0Jyd0ZORU0zckdoUENpd3pEMTlybFVwTW1fdS04SnVNaDA?oc=5,"<a href=""https://news.google.com/rss/articles/CBMihwFBVV95cUxOMUExMTlKMlFkaFJ4OU9HVGl3LWVtQXZqam9XX3lIR0YtTTBjVFl6OTI5cEU2UW5oVjRlSkhCN3FnQk5FaGNZYlRocjEyYngyUmFWeG83d01oTElfVXltbFJzQ01PX0Jyd0ZORU0zckdoUENpd3pEMTlybFVwTW1fdS04SnVNaDA?oc=5"" target=""_blank"" class=""btn-link"">🔗 Abrir Noticia</a>",[🔗 Abrir Noticia](https://news.google.com/rss/articles/CBMihwFBVV95cUxOMUExMTlKMlFkaFJ4OU9HVGl3LWVtQXZqam9XX3lIR0YtTTBjVFl6OTI5cEU2UW5oVjRlSkhCN3FnQk5FaGNZYlRocjEyYngyUmFWeG83d01oTElfVXltbFJzQ01PX0Jyd0ZORU0zckdoUENpd3pEMTlybFVwTW1fdS04SnVNaDA?oc=5),Grave accidente en la vía Ciénaga de Oro El Meridiano,42a829d2fdbf002f30716d15ccbc4469c6932443e232bc8f059c320a77707a99,2026-08-13 17:05:09
230,🟡 Pendiente (Verificar Noticia),2026-08-13,2026-08-13,El Meridiano,Grave accidente de tránsito en la vía que conduce al municipio de Lorica - El Meridiano,"Municipio de Lorica, Córdoba","Municipio de Lorica, Córdoba",,Lorica,No especificado,0,0,Media (Centroide Municipio Córdoba),9.2392,-75.8136,https://news.google.com/rss/articles/CBMisgFBVV95cUxPbnZpLV83M0hENWdrRHkybU51dnFvQmxpek82RUNoSWVyT2xRN2U1YTRZUDd4aGJUenQ4cVF3YkxMaEthYk5mS3hsZ3JvWVFraUxGWnJRZnFwOWZOU2E0aW5QaXhVeEZOcG8xYnF2LWtobDRKbTJyelB6TDc3Q1ZQT2M2eFVLMExiZzY0YmFkay1WaF9kblUwM0dha3FwSFlGYXUwMGEtVWdrbVM4aFUwbzhR?oc=5,"<a href=""https://news.google.com/rss/articles/CBMisgFBVV95cUxPbnZpLV83M0hENWdrRHkybU51dnFvQmxpek82RUNoSWVyT2xRN2U1YTRZUDd4aGJUenQ4cVF3YkxMaEthYk5mS3hsZ3JvWVFraUxGWnJRZnFwOWZOU2E0aW5QaXhVeEZOcG8xYnF2LWtobDRKbTJyelB6TDc3Q1ZQT2M2eFVLMExiZzY0YmFkay1WaF9kblUwM0dha3FwSFlGYXUwMGEtVWdrbVM4aFUwbzhR?oc=5"" target=""_blank"" class=""btn-link"">🔗 Abrir Noticia</a>",[🔗 Abrir Noticia](https://news.google.com/rss/articles/CBMisgFBVV95cUxPbnZpLV83M0hENWdrRHkybU51dnFvQmxpek82RUNoSWVyT2xRN2U1YTRZUDd4aGJUenQ4cVF3YkxMaEthYk5mS3hsZ3JvWVFraUxGWnJRZnFwOWZOU2E0aW5QaXhVeEZOcG8xYnF2LWtobDRKbTJyelB6TDc3Q1ZQT2M2eFVLMExiZzY0YmFkay1WaF9kblUwM0dha3FwSFlGYXUwMGEtVWdrbVM4aFUwbzhR?oc=5),Grave accidente de tránsito en la vía que conduce al municipio de Lorica El Meridiano,75de08060c455febec0e51029881078e0416b4012417eeae88e1c6a0c1a12d5f,2026-08-13 17:05:09
231,🟢 Verificada / Específica,2026-08-13,2026-08-13,El Meridiano,Cuatro muertos en accidente en la Troncal del Caribe - El Meridiano,"Sector/Barrio Troncal del Caribe, Montería","Sector/Barrio Troncal del Caribe, Montería",Troncal del Caribe,Montería,No especificado,1,0,Alta (Centroide Hito/Barrio Verificado),8.762,-75.842,https://news.google.com/rss/articles/CBMikgFBVV95cUxPcFNLSV85dlhEQmNTdXZmWlpsTXhhc2t3b21xUU5FS21qamxKLTI5RWIyamIxSk56YnI4WGFpSnBObTJ3LU93WmNHMm9pY3l1ZWN2RUJNQkZ2cWZoZG9SWjZjVXQ5M2t2UG01NlR6ZjZhT1JNUnpxNzl1SENuZTBtYnlUUTd1TWkxZWVzOHUtcVpIdw?oc=5,"<a href=""https://news.google.com/rss/articles/CBMikgFBVV95cUxPcFNLSV85dlhEQmNTdXZmWlpsTXhhc2t3b21xUU5FS21qamxKLTI5RWIyamIxSk56YnI4WGFpSnBObTJ3LU93WmNHMm9pY3l1ZWN2RUJNQkZ2cWZoZG9SWjZjVXQ5M2t2UG01NlR6ZjZhT1JNUnpxNzl1SENuZTBtYnlUUTd1TWkxZWVzOHUtcVpIdw?oc=5"" target=""_blank"" class=""btn-link"">🔗 Abrir Noticia</a>",[🔗 Abrir Noticia](https://news.google.com/rss/articles/CBMikgFBVV95cUxPcFNLSV85dlhEQmNTdXZmWlpsTXhhc2t3b21xUU5FS21qamxKLTI5RWIyamIxSk56YnI4WGFpSnBObTJ3LU93WmNHMm9pY3l1ZWN2RUJNQkZ2cWZoZG9SWjZjVXQ5M2t2UG01NlR6ZjZhT1JNUnpxNzl1SENuZTBtYnlUUTd1TWkxZWVzOHUtcVpIdw?oc=5),Cuatro muertos en accidente en la Troncal del Caribe El Meridiano,4ddfbb5635385695de936bb802875e373e89f1868b78fe29d78d03c0d896b56e,2026-08-13 17:05:09
232,🟡 Pendiente (Verificar Noticia),2026-08-13,2026-08-13,Chica Noticias,De un choque a los golpes: tremenda pelea se armó en plena calle - Chica Noticias,Montería (Casco Urbano / Sector en investigación),Montería (Casco Urbano / Sector en investigación),,Montería,No especificado,0,0,Baja (Centroide General Montería),8.7508,-75.8814,https://news.google.com/rss/articles/CBMiZEFVX3lxTE9vTUZITnJUQm5wX1NGRE9IenRWNWFkQWFkM2ltNzJ1b0pOZnhNYVVDOXNweDZheU9jZGU1TVNvQmgyaGgxUXRkRGNPdnctUFBFRm51VGxEWHE2S29aS084T3ZuMnQ?oc=5,"<a href=""https://news.google.com/rss/articles/CBMiZEFVX3lxTE9vTUZITnJUQm5wX1NGRE9IenRWNWFkQWFkM2ltNzJ1b0pOZnhNYVVDOXNweDZheU9jZGU1TVNvQmgyaGgxUXRkRGNPdnctUFBFRm51VGxEWHE2S29aS084T3ZuMnQ?oc=5"" target=""_blank"" class=""btn-link"">🔗 Abrir Noticia</a>",[🔗 Abrir Noticia](https://news.google.com/rss/articles/CBMiZEFVX3lxTE9vTUZITnJUQm5wX1NGRE9IenRWNWFkQWFkM2ltNzJ1b0pOZnhNYVVDOXNweDZheU9jZGU1TVNvQmgyaGgxUXRkRGNPdnctUFBFRm51VGxEWHE2S29aS084T3ZuMnQ?oc=5),De un choque a los golpes: tremenda pelea se armó en plena calle Chica Noticias,c689461b5e3e95fbcc530424dac655800b8eb79b45bfc511375e4f22dd6cf1fa,2026-08-13 17:05:14
233,🟢 Verificada / Específica,2026-08-13,2026-08-13,Chica Noticias,"Falleció adolescente herido tras accidente de motos en Mogambo, Montería - Chica Noticias","Sector/Barrio Mogambo, Montería","Sector/Barrio Mogambo, Montería",Mogambo,Montería,No especificado,1,1,Alta (Centroide Hito/Barrio Verificado),8.729,-75.875,https://news.google.com/rss/articles/CBMiakFVX3lxTFA1MUtweHRrU2VGX1VtSTYyRUJTUmxhOFRqcGxQMXVpUldjdGpOTXJTZXNlamN5cEtDdExpUjQzN08ybElobU1QcVVKR3lxMEtPMWVnbEV2WVhDdldKYS14RFJTNDNNbF94RUE?oc=5,"<a href=""https://news.google.com/rss/articles/CBMiakFVX3lxTFA1MUtweHRrU2VGX1VtSTYyRUJTUmxhOFRqcGxQMXVpUldjdGpOTXJTZXNlamN5cEtDdExpUjQzN08ybElobU1QcVVKR3lxMEtPMWVnbEV2WVhDdldKYS14RFJTNDNNbF94RUE?oc=5"" target=""_blank"" class=""btn-link"">🔗 Abrir Noticia</a>",[🔗 Abrir Noticia](https://news.google.com/rss/articles/CBMiakFVX3lxTFA1MUtweHRrU2VGX1VtSTYyRUJTUmxhOFRqcGxQMXVpUldjdGpOTXJTZXNlamN5cEtDdExpUjQzN08ybElobU1QcVVKR3lxMEtPMWVnbEV2WVhDdldKYS14RFJTNDNNbF94RUE?oc=5),"Falleció adolescente herido tras accidente de motos en Mogambo, Montería Chica Noticias",36d29d9351d411b3253f83d57185fa997ea0ba1bcb1159a6b7860bfc88ed42df,2026-08-13 17:05:14
234,🟡 Pendiente (Verificar Noticia),2026-08-13,2026-08-13,Chica Noticias,¡TRAGEDIA EN LA VÍA MONTERÍA–ARBOLETES! Comerciante pierde la vida tras violento choque - Chica Noticias,Montería (Casco Urbano / Sector en investigación),Montería (Casco Urbano / Sector en investigación),,Montería,No especificado,0,0,Baja (Centroide General Montería),8.7508,-75.8814,https://news.google.com/rss/articles/CBMid0FVX3lxTE1SZk53UnlIUFNMZ3RJYkZpQm1tUEVtSnRPUktBMzdqVFNUeVJyWDhpVkloUm1Fb2RXdFhEQ3ZqNjhranRpbWl1aUkzdkRGUERTby1LRUVsZGdLZ2F3ZTRqRHF1ZjJmY3o2SEYzUk5GZUNvTVF5REpV?oc=5,"<a href=""https://news.google.com/rss/articles/CBMid0FVX3lxTE1SZk53UnlIUFNMZ3RJYkZpQm1tUEVtSnRPUktBMzdqVFNUeVJyWDhpVkloUm1Fb2RXdFhEQ3ZqNjhranRpbWl1aUkzdkRGUERTby1LRUVsZGdLZ2F3ZTRqRHF1ZjJmY3o2SEYzUk5GZUNvTVF5REpV?oc=5"" target=""_blank"" class=""btn-link"">🔗 Abrir Noticia</a>",[🔗 Abrir Noticia](https://news.google.com/rss/articles/CBMid0FVX3lxTE1SZk53UnlIUFNMZ3RJYkZpQm1tUEVtSnRPUktBMzdqVFNUeVJyWDhpVkloUm1Fb2RXdFhEQ3ZqNjhranRpbWl1aUkzdkRGUERTby1LRUVsZGdLZ2F3ZTRqRHF1ZjJmY3o2SEYzUk5GZUNvTVF5REpV?oc=5),¡TRAGEDIA EN LA VÍA MONTERÍA–ARBOLETES! Comerciante pierde la vida tras violento choque Chica Noticias,a96bea7585a99dcea2dd34f142b1afaea8e61fa515ecb4494fca2cb8e262a011,2026-08-13 17:05:14
235,🟡 Pendiente (Verificar Noticia),2026-08-13,2026-08-13,Chica Noticias,"¡Tragedia!Joven perdió la vida tras accidente en Aguas Negras, Montería - Chica Noticias",Montería (Casco Urbano / Sector en investigación),Montería (Casco Urbano / Sector en investigación),,Montería,No especificado,1,0,Baja (Centroide General Montería),8.7508,-75.8814,https://news.google.com/rss/articles/CBMicEFVX3lxTE12czRva0V0VDh4bDdQTWNsR3dvcGg4eUNTVDF4NFgyNlBpVG5KRFpybTlOb2llMWlDOXlRNzd4bG12UVZRMzNpaXRQY0M3bk5nanRYOTdmN2pPd2JDNmtiNHl4a1NJdjI4V1BJanN0Ymc?oc=5,"<a href=""https://news.google.com/rss/articles/CBMicEFVX3lxTE12czRva0V0VDh4bDdQTWNsR3dvcGg4eUNTVDF4NFgyNlBpVG5KRFpybTlOb2llMWlDOXlRNzd4bG12UVZRMzNpaXRQY0M3bk5nanRYOTdmN2pPd2JDNmtiNHl4a1NJdjI4V1BJanN0Ymc?oc=5"" target=""_blank"" class=""btn-link"">🔗 Abrir Noticia</a>",[🔗 Abrir Noticia](https://news.google.com/rss/articles/CBMicEFVX3lxTE12czRva0V0VDh4bDdQTWNsR3dvcGg4eUNTVDF4NFgyNlBpVG5KRFpybTlOb2llMWlDOXlRNzd4bG12UVZRMzNpaXRQY0M3bk5nanRYOTdmN2pPd2JDNmtiNHl4a1NJdjI4V1BJanN0Ymc?oc=5),"¡Tragedia!Joven perdió la vida tras accidente en Aguas Negras, Montería Chica Noticias",f16be0dd588aefdef329254b38deca3139083d7a6ba468f4acfd1408d5b59ca9,2026-08-13 17:05:14
236,🟡 Pendiente (Verificar Noticia),2026-08-13,2026-08-13,Chica Noticias,Hombre falleció tras grave accidente de tránsito en San Pelayo - Chica Noticias,"Municipio de San Pelayo, Córdoba","Municipio de San Pelayo, Córdoba",,San Pelayo,No especificado,1,0,Media (Centroide Municipio Córdoba),8.9592,-75.8369,https://news.google.com/rss/articles/CBMic0FVX3lxTE0xcndrQ0NCOXYtd0RINW5rNl9OaGRMUDB6dEpWTkhRaGJsOU5VSlYxM0Q3MjZ3cFpvQ2JFWURZOVpYY091aWpjWkFaSGVnVmMyeGpudDI3ejU3bklHZVhFVnZHbHBsOWNfMEJzZzBGT3hTdTQ?oc=5,"<a href=""https://news.google.com/rss/articles/CBMic0FVX3lxTE0xcndrQ0NCOXYtd0RINW5rNl9OaGRMUDB6dEpWTkhRaGJsOU5VSlYxM0Q3MjZ3cFpvQ2JFWURZOVpYY091aWpjWkFaSGVnVmMyeGpudDI3ejU3bklHZVhFVnZHbHBsOWNfMEJzZzBGT3hTdTQ?oc=5"" target=""_blank"" class=""btn-link"">🔗 Abrir Noticia</a>",[🔗 Abrir Noticia](https://news.google.com/rss/articles/CBMic0FVX3lxTE0xcndrQ0NCOXYtd0RINW5rNl9OaGRMUDB6dEpWTkhRaGJsOU5VSlYxM0Q3MjZ3cFpvQ2JFWURZOVpYY091aWpjWkFaSGVnVmMyeGpudDI3ejU3bklHZVhFVnZHbHBsOWNfMEJzZzBGT3hTdTQ?oc=5),Hombre falleció tras grave accidente de tránsito en San Pelayo Chica Noticias,2a9125d779ba69f3915db679f54adca7f43bdcc2dd3ae9b413581bb78af8fdf8,2026-08-13 17:05:14
237,🟡 Pendiente (Verificar Noticia),2026-08-13,2026-08-13,Chica Noticias,Joven queda gravemente herido tras caer del puente del Asilo - Chica Noticias,Montería (Casco Urbano / Sector en investigación),Montería (Casco Urbano / Sector en investigación),,Montería,No especificado,0,1,Baja (Centroide General Montería),8.7508,-75.8814,https://news.google.com/rss/articles/CBMifkFVX3lxTE1hY0hTMnRsZWFWTzhhZHVqUks3RjVQYmVVVmhFS2xaMTNHTE1lRGtMbk11MWtoVndtZ2FYT2RYRzlxbjJULXBVRUltS1Y1b3pTRzZNTGVJMzVSU05aR1dnd1NsMWIwdkJsRmJSNHlkV2Nsc0tlMWVMOVZCZXhiZw?oc=5,"<a href=""https://news.google.com/rss/articles/CBMifkFVX3lxTE1hY0hTMnRsZWFWTzhhZHVqUks3RjVQYmVVVmhFS2xaMTNHTE1lRGtMbk11MWtoVndtZ2FYT2RYRzlxbjJULXBVRUltS1Y1b3pTRzZNTGVJMzVSU05aR1dnd1NsMWIwdkJsRmJSNHlkV2Nsc0tlMWVMOVZCZXhiZw?oc=5"" target=""_blank"" class=""btn-link"">🔗 Abrir Noticia</a>",[🔗 Abrir Noticia](https://news.google.com/rss/articles/CBMifkFVX3lxTE1hY0hTMnRsZWFWTzhhZHVqUks3RjVQYmVVVmhFS2xaMTNHTE1lRGtMbk11MWtoVndtZ2FYT2RYRzlxbjJULXBVRUltS1Y1b3pTRzZNTGVJMzVSU05aR1dnd1NsMWIwdkJsRmJSNHlkV2Nsc0tlMWVMOVZCZXhiZw?oc=5),Joven queda gravemente herido tras caer del puente del Asilo Chica Noticias,0c07cb35e35b0cbfae2046c5e85f2e203005279d8fd6a75b509b78cf3f37df83,2026-08-13 17:05:14
238,🟡 Pendiente (Verificar Noticia),2026-08-13,2026-08-13,Chica Noticias,Accidente entre Buenavista y La Apartada deja una persona sin vida y varios heridos - Chica Noticias,Montería (Casco Urbano / Sector en investigación),Montería (Casco Urbano / Sector en investigación),,Montería,No especificado,0,1,Baja (Centroide General Montería),8.7508,-75.8814,https://news.google.com/rss/articles/CBMiekFVX3lxTE13YVhSb3AyZ2ZiV25qOUw4Z0RlME9nbG55VmpVcUhZRmFjRDNpSWpvUXpJc0w3Ykh2TnRXV0hnTzlRc3ZBOXRlak9XUzI1VTVDbjJKUERTRVllb19iMExTdG9fdDllMER3OVkzbTdKSzVDdkEtOVBZQml3?oc=5,"<a href=""https://news.google.com/rss/articles/CBMiekFVX3lxTE13YVhSb3AyZ2ZiV25qOUw4Z0RlME9nbG55VmpVcUhZRmFjRDNpSWpvUXpJc0w3Ykh2TnRXV0hnTzlRc3ZBOXRlak9XUzI1VTVDbjJKUERTRVllb19iMExTdG9fdDllMER3OVkzbTdKSzVDdkEtOVBZQml3?oc=5"" target=""_blank"" class=""btn-link"">🔗 Abrir Noticia</a>",[🔗 Abrir Noticia](https://news.google.com/rss/articles/CBMiekFVX3lxTE13YVhSb3AyZ2ZiV25qOUw4Z0RlME9nbG55VmpVcUhZRmFjRDNpSWpvUXpJc0w3Ykh2TnRXV0hnTzlRc3ZBOXRlak9XUzI1VTVDbjJKUERTRVllb19iMExTdG9fdDllMER3OVkzbTdKSzVDdkEtOVBZQml3?oc=5),Accidente entre Buenavista y La Apartada deja una persona sin vida y varios heridos Chica Noticias,8faca82c49619823b76c1207347c8ceb2070ed2dcdc47bce86288162037159ee,2026-08-13 17:05:14
239,🟡 Pendiente (Verificar Noticia),2026-08-13,2026-08-13,Chica Noticias,Accidente en la vía Tierralta- Montería deja miles de huevos esparcidos por la carretera - Chica Noticias,"Municipio de Tierralta, Córdoba","Municipio de Tierralta, Córdoba",,Montería,No especificado,0,0,Baja (Centroide General Montería),8.7508,-75.8814,https://news.google.com/rss/articles/CBMif0FVX3lxTE5Wc25wdkl5eFZHVmp3NUpHQURvUnAxdGZ2cUFLSk40VGdnRzNJY0M4eFl1NHhqdFFoVklOUW9fY25DSXJjQlZrRjlVQ1ZHeDVfYmhMV0lCanA1NUc3Um9QeF9nQkFLMFRmbFlFRzNiYkYzbkZPNUNvQkx3dUlYeFU?oc=5,"<a href=""https://news.google.com/rss/articles/CBMif0FVX3lxTE5Wc25wdkl5eFZHVmp3NUpHQURvUnAxdGZ2cUFLSk40VGdnRzNJY0M4eFl1NHhqdFFoVklOUW9fY25DSXJjQlZrRjlVQ1ZHeDVfYmhMV0lCanA1NUc3Um9QeF9nQkFLMFRmbFlFRzNiYkYzbkZPNUNvQkx3dUlYeFU?oc=5"" target=""_blank"" class=""btn-link"">🔗 Abrir Noticia</a>",[🔗 Abrir Noticia](https://news.google.com/rss/articles/CBMif0FVX3lxTE5Wc25wdkl5eFZHVmp3NUpHQURvUnAxdGZ2cUFLSk40VGdnRzNJY0M4eFl1NHhqdFFoVklOUW9fY25DSXJjQlZrRjlVQ1ZHeDVfYmhMV0lCanA1NUc3Um9QeF9nQkFLMFRmbFlFRzNiYkYzbkZPNUNvQkx3dUlYeFU?oc=5),Accidente en la vía Tierralta- Montería deja miles de huevos esparcidos por la carretera Chica Noticias,2ff299104f9de157060ab96e8ad5cf82f7a24729ee9dea846a238a9aab044341,2026-08-13 17:05:14
240,🟡 Pendiente (Verificar Noticia),2026-08-13,2026-08-13,Chica Noticias,Nuevo accidente sacude la doble calzada Montería–Lorica - Chica Noticias,"Municipio de Lorica, Córdoba","Municipio de Lorica, Córdoba",,Montería,No especificado,0,0,Baja (Centroide General Montería),8.7508,-75.8814,https://news.google.com/rss/articles/CBMiaEFVX3lxTE5rV1JjcWt4T3pwc2I4cDd4RXBieUhlX1d0dXZkc3MzVFcwMlExUnQ0Z0Y3UDF5SnpfM2VBV3N5azdzNkVkMlFEcXB6ZUQ5dG5ZTVJ2SGpVenFMU1RXYUZRSWxEd3hYR1pC?oc=5,"<a href=""https://news.google.com/rss/articles/CBMiaEFVX3lxTE5rV1JjcWt4T3pwc2I4cDd4RXBieUhlX1d0dXZkc3MzVFcwMlExUnQ0Z0Y3UDF5SnpfM2VBV3N5azdzNkVkMlFEcXB6ZUQ5dG5ZTVJ2SGpVenFMU1RXYUZRSWxEd3hYR1pC?oc=5"" target=""_blank"" class=""btn-link"">🔗 Abrir Noticia</a>",[🔗 Abrir Noticia](https://news.google.com/rss/articles/CBMiaEFVX3lxTE5rV1JjcWt4T3pwc2I4cDd4RXBieUhlX1d0dXZkc3MzVFcwMlExUnQ0Z0Y3UDF5SnpfM2VBV3N5azdzNkVkMlFEcXB6ZUQ5dG5ZTVJ2SGpVenFMU1RXYUZRSWxEd3hYR1pC?oc=5),Nuevo accidente sacude la doble calzada Montería–Lorica Chica Noticias,9912bb5dff55264461270b4c4ff9bf80e0f74b5bfb76337fa0132ea53af96d55,2026-08-13 17:05:14
241,🟡 Pendiente (Verificar Noticia),2026-08-13,2026-08-13,Chica Noticias,Grave accidente deja a un hombre herido en plena vía - Chica Noticias,Montería (Casco Urbano / Sector en investigación),Montería (Casco Urbano / Sector en investigación),,Montería,No especificado,0,1,Baja (Centroide General Montería),8.7508,-75.8814,https://news.google.com/rss/articles/CBMiakFVX3lxTE9IQnFDMk52YUZEc3pWd2FfclNaTEpSTUVHVkUybTJrUkF0a0w3RmFaRG5GYjhLWmZmdmU4S0JmaFJsSDlOa2lLTGdtREFBUEcyYU5OaEpxZFRaZlhUNFJmMEpjcGhJdWlYaGc?oc=5,"<a href=""https://news.google.com/rss/articles/CBMiakFVX3lxTE9IQnFDMk52YUZEc3pWd2FfclNaTEpSTUVHVkUybTJrUkF0a0w3RmFaRG5GYjhLWmZmdmU4S0JmaFJsSDlOa2lLTGdtREFBUEcyYU5OaEpxZFRaZlhUNFJmMEpjcGhJdWlYaGc?oc=5"" target=""_blank"" class=""btn-link"">🔗 Abrir Noticia</a>",[🔗 Abrir Noticia](https://news.google.com/rss/articles/CBMiakFVX3lxTE9IQnFDMk52YUZEc3pWd2FfclNaTEpSTUVHVkUybTJrUkF0a0w3RmFaRG5GYjhLWmZmdmU4S0JmaFJsSDlOa2lLTGdtREFBUEcyYU5OaEpxZFRaZlhUNFJmMEpjcGhJdWlYaGc?oc=5),Grave accidente deja a un hombre herido en plena vía Chica Noticias,6dc77e78fdbd3a060edc985e6fbfd6171974c43c9c4310126b86344839730d6b,2026-08-13 17:05:14
242,🟡 Pendiente (Verificar Noticia),2026-08-13,2026-08-13,Chica Noticias,Fallece líder comunitario en accidente de tránsito en la vía Puerto Libertador–Montelíbano - Chica Noticias,"Municipio de Montelíbano, Córdoba","Municipio de Montelíbano, Córdoba",,Montelíbano,No especificado,0,0,Media (Centroide Municipio Córdoba),7.9786,-75.4189,https://news.google.com/rss/articles/CBMieEFVX3lxTE5tbnA1cDZpdXY1RVA2NFI3ZVRTYlpRNlJ1Y0FvUy1mbF9id1dLVm15Y1ZzaUNha1RkZmRPTWJJbWpPeVRwdUx3ekJ2cFBWdlVCZk5zaFFnREhQb0dIUUFPWklfdzNfMVVMdS0ycVo4b2UyMm5oZXRrZw?oc=5,"<a href=""https://news.google.com/rss/articles/CBMieEFVX3lxTE5tbnA1cDZpdXY1RVA2NFI3ZVRTYlpRNlJ1Y0FvUy1mbF9id1dLVm15Y1ZzaUNha1RkZmRPTWJJbWpPeVRwdUx3ekJ2cFBWdlVCZk5zaFFnREhQb0dIUUFPWklfdzNfMVVMdS0ycVo4b2UyMm5oZXRrZw?oc=5"" target=""_blank"" class=""btn-link"">🔗 Abrir Noticia</a>",[🔗 Abrir Noticia](https://news.google.com/rss/articles/CBMieEFVX3lxTE5tbnA1cDZpdXY1RVA2NFI3ZVRTYlpRNlJ1Y0FvUy1mbF9id1dLVm15Y1ZzaUNha1RkZmRPTWJJbWpPeVRwdUx3ekJ2cFBWdlVCZk5zaFFnREhQb0dIUUFPWklfdzNfMVVMdS0ycVo4b2UyMm5oZXRrZw?oc=5),Fallece líder comunitario en accidente de tránsito en la vía Puerto Libertador–Montelíbano Chica Noticias,2b10ec7d708dd50aa33426cfe6f20ed3c79afc18777ae0ea6c6a62c6026ce840,2026-08-13 17:05:14
243,🟡 Pendiente (Verificar Noticia),2026-08-13,2026-08-13,Chica Noticias,Adulto mayor perdió la vida tras accidente en Valencia - Chica Noticias,"Municipio de Valencia, Córdoba","Municipio de Valencia, Córdoba",,Valencia,No especificado,1,0,Media (Centroide Municipio Córdoba),8.2578,-76.1492,https://news.google.com/rss/articles/CBMicEFVX3lxTE9XSjZybXd1NTlieUpXLUc0ay1TTHNxeTQxbHM3RzhRcFl3bUlQeXFDOEF1ekxvM3R0YVRhaGwzdG5VYjBqMGRHbnBVTzNERFZfaG9NcVRyWEJ2RVF2aDVlVktJWXFCN1hUWnVhaV81cHQ?oc=5,"<a href=""https://news.google.com/rss/articles/CBMicEFVX3lxTE9XSjZybXd1NTlieUpXLUc0ay1TTHNxeTQxbHM3RzhRcFl3bUlQeXFDOEF1ekxvM3R0YVRhaGwzdG5VYjBqMGRHbnBVTzNERFZfaG9NcVRyWEJ2RVF2aDVlVktJWXFCN1hUWnVhaV81cHQ?oc=5"" target=""_blank"" class=""btn-link"">🔗 Abrir Noticia</a>",[🔗 Abrir Noticia](https://news.google.com/rss/articles/CBMicEFVX3lxTE9XSjZybXd1NTlieUpXLUc0ay1TTHNxeTQxbHM3RzhRcFl3bUlQeXFDOEF1ekxvM3R0YVRhaGwzdG5VYjBqMGRHbnBVTzNERFZfaG9NcVRyWEJ2RVF2aDVlVktJWXFCN1hUWnVhaV81cHQ?oc=5),Adulto mayor perdió la vida tras accidente en Valencia Chica Noticias,95038d91391f59e8af81a858168fb95237bbe1c9712e75bc599fc82b152ac9a9,2026-08-13 17:05:14
244,🟡 Pendiente (Verificar Noticia),2026-08-13,2026-08-13,Chica Noticias,Falleció en Montería joven de Magangué tras accidente de tránsito - Chica Noticias,Montería (Casco Urbano / Sector en investigación),Montería (Casco Urbano / Sector en investigación),,Montería,No especificado,1,0,Baja (Centroide General Montería),8.7508,-75.8814,https://news.google.com/rss/articles/CBMieEFVX3lxTE9RbU5KUmNYaklYM1Y1a192UnFQSWJjSlpIS2ZPa280LUJLNXlYS0pFNGotU2JSNHg2RWl4Q2w4YXpwNWwxb19tYTFFejRfWG9EMjU4S0J1cVJ4cHFrX3Z6Ym9BSklZZnBHYjdNWG9VMnVSc0F1MlhaOQ?oc=5,"<a href=""https://news.google.com/rss/articles/CBMieEFVX3lxTE9RbU5KUmNYaklYM1Y1a192UnFQSWJjSlpIS2ZPa280LUJLNXlYS0pFNGotU2JSNHg2RWl4Q2w4YXpwNWwxb19tYTFFejRfWG9EMjU4S0J1cVJ4cHFrX3Z6Ym9BSklZZnBHYjdNWG9VMnVSc0F1MlhaOQ?oc=5"" target=""_blank"" class=""btn-link"">🔗 Abrir Noticia</a>",[🔗 Abrir Noticia](https://news.google.com/rss/articles/CBMieEFVX3lxTE9RbU5KUmNYaklYM1Y1a192UnFQSWJjSlpIS2ZPa280LUJLNXlYS0pFNGotU2JSNHg2RWl4Q2w4YXpwNWwxb19tYTFFejRfWG9EMjU4S0J1cVJ4cHFrX3Z6Ym9BSklZZnBHYjdNWG9VMnVSc0F1MlhaOQ?oc=5),Falleció en Montería joven de Magangué tras accidente de tránsito Chica Noticias,831a682980351eabc9cfbb54795d8032f8a1c62197277cda25ab12e82d1b3085,2026-08-13 17:05:14
245,🟢 Verificada / Específica,2026-08-13,2026-08-13,Chica Noticias,Identifican a las víctimas del fatal accidente en la vía a Planeta Rica - Chica Noticias,"Sector/Barrio Vía a Planeta Rica, Montería","Sector/Barrio Vía a Planeta Rica, Montería",Vía a Planeta Rica,Montería,No especificado,0,0,Alta (Centroide Hito/Barrio Verificado),8.692,-75.821,https://news.google.com/rss/articles/CBMicEFVX3lxTE9ROExid0lhYnFnbzdsX1VjbkJqZTRuOXpGM3dHcmQ3amxCcXZxd2U5TVEzNXhkUEo5MFUwWlM0Nzd6c3gtekVPdjU3RHdzQmY5dWNJNmVBQzJVWmFxRWJpTUxFTTdvcTY0TXhZc1FjU04?oc=5,"<a href=""https://news.google.com/rss/articles/CBMicEFVX3lxTE9ROExid0lhYnFnbzdsX1VjbkJqZTRuOXpGM3dHcmQ3amxCcXZxd2U5TVEzNXhkUEo5MFUwWlM0Nzd6c3gtekVPdjU3RHdzQmY5dWNJNmVBQzJVWmFxRWJpTUxFTTdvcTY0TXhZc1FjU04?oc=5"" target=""_blank"" class=""btn-link"">🔗 Abrir Noticia</a>",[🔗 Abrir Noticia](https://news.google.com/rss/articles/CBMicEFVX3lxTE9ROExid0lhYnFnbzdsX1VjbkJqZTRuOXpGM3dHcmQ3amxCcXZxd2U5TVEzNXhkUEo5MFUwWlM0Nzd6c3gtekVPdjU3RHdzQmY5dWNJNmVBQzJVWmFxRWJpTUxFTTdvcTY0TXhZc1FjU04?oc=5),Identifican a las víctimas del fatal accidente en la vía a Planeta Rica Chica Noticias,5b911a66514fcaddf80b0781d76616d9060fe79ac7ce791b73bb2a8896a09b98,2026-08-13 17:05:14
246,🟡 Pendiente (Verificar Noticia),2026-08-13,2026-08-13,Chica Noticias,¿Cómo sigue la salud del Chico Bailarín? - Chica Noticias,Montería (Casco Urbano / Sector en investigación),Montería (Casco Urbano / Sector en investigación),,Montería,No especificado,0,0,Baja (Centroide General Montería),8.7508,-75.8814,https://news.google.com/rss/articles/CBMidkFVX3lxTE5kT2NQRVIzNnU1N1JrTWJ2ZndYUndyTEdMWVc0YzZLemY5bWhQNzNxOWFMNlhPNmczS1lLQld3VTlpZnZ1MjVDZDBwRnZDcWdpX09FUUptZkRwVExVVExCTnJRS0I0UzhLVFhRV3F2WHg4VzlJY3c?oc=5,"<a href=""https://news.google.com/rss/articles/CBMidkFVX3lxTE5kT2NQRVIzNnU1N1JrTWJ2ZndYUndyTEdMWVc0YzZLemY5bWhQNzNxOWFMNlhPNmczS1lLQld3VTlpZnZ1MjVDZDBwRnZDcWdpX09FUUptZkRwVExVVExCTnJRS0I0UzhLVFhRV3F2WHg4VzlJY3c?oc=5"" target=""_blank"" class=""btn-link"">🔗 Abrir Noticia</a>",[🔗 Abrir Noticia](https://news.google.com/rss/articles/CBMidkFVX3lxTE5kT2NQRVIzNnU1N1JrTWJ2ZndYUndyTEdMWVc0YzZLemY5bWhQNzNxOWFMNlhPNmczS1lLQld3VTlpZnZ1MjVDZDBwRnZDcWdpX09FUUptZkRwVExVVExCTnJRS0I0UzhLVFhRV3F2WHg4VzlJY3c?oc=5),¿Cómo sigue la salud del Chico Bailarín? Chica Noticias,533bb87325268adc94f9f0a9d051037c4d907506a9846f360a6e4cddc169c47a,2026-08-13 17:05:14
247,🟡 Pendiente (Verificar Noticia),2026-08-13,2026-08-13,Chica Noticias,Trágico accidente en la vía Lorica–Montería deja un muerto y dos heridos - Chica Noticias,"Municipio de Lorica, Córdoba","Municipio de Lorica, Córdoba",,Montería,No especificado,1,1,Baja (Centroide General Montería),8.7508,-75.8814,https://news.google.com/rss/articles/CBMid0FVX3lxTE9JcThQMkdCMWdRcWNsYUlrX3R5UzFRZUtxQ1NNdE02YVEtaW9JdjZtdm1QWFdyMi04aWdHbF9rLUY5SWIzdmVzOHpXck12WXVaSFZhN1lvZF9uc3hUMkJBaHl1c1Zpb09ldUl5eXhOZFFwcXpOS2dV?oc=5,"<a href=""https://news.google.com/rss/articles/CBMid0FVX3lxTE9JcThQMkdCMWdRcWNsYUlrX3R5UzFRZUtxQ1NNdE02YVEtaW9JdjZtdm1QWFdyMi04aWdHbF9rLUY5SWIzdmVzOHpXck12WXVaSFZhN1lvZF9uc3hUMkJBaHl1c1Zpb09ldUl5eXhOZFFwcXpOS2dV?oc=5"" target=""_blank"" class=""btn-link"">🔗 Abrir Noticia</a>",[🔗 Abrir Noticia](https://news.google.com/rss/articles/CBMid0FVX3lxTE9JcThQMkdCMWdRcWNsYUlrX3R5UzFRZUtxQ1NNdE02YVEtaW9JdjZtdm1QWFdyMi04aWdHbF9rLUY5SWIzdmVzOHpXck12WXVaSFZhN1lvZF9uc3hUMkJBaHl1c1Zpb09ldUl5eXhOZFFwcXpOS2dV?oc=5),Trágico accidente en la vía Lorica–Montería deja un muerto y dos heridos Chica Noticias,cd48ed85665d87b70ab9488f21983c0110c2ca905a564e9b2739977f3c8ec614,2026-08-13 17:05:14
248,🟢 Verificada / Específica,2026-08-13,2026-08-13,Chica Noticias,Accidente en la calle 41 y la ambulancia 🚑 llegó en 10 minutos - Chica Noticias,"calle 41 y, Barrio Calle 41, Montería","calle 41 y, Barrio Calle 41, Montería",Calle 41,Montería,No especificado,0,0,Alta (Centroide Hito/Barrio Verificado),8.761,-75.872,https://news.google.com/rss/articles/CBMitgFBVV95cUxOTVRLSjQzdFkyd2VGeEJkS3B5WTJ3eW84d0cyLUVlZjJYSUZXSGZ2SkNEU3VmRXE1STJhZ3F0RHdtSHVJR0Q4RzZyV0dUVVoyRVZQMGVwdFBHTFRYSEdvd3FsV0RPVlVYZ2c0aFhLY3RGUWUwQVFZaHpnWDdjWHpKM2ExLWd5aU0yMVBELXFuOGJJbTJFSXpYOG1wWTVmUjlVY28xeDNlaEJZSEgxSVoyTmRvVkFUZw?oc=5,"<a href=""https://news.google.com/rss/articles/CBMitgFBVV95cUxOTVRLSjQzdFkyd2VGeEJkS3B5WTJ3eW84d0cyLUVlZjJYSUZXSGZ2SkNEU3VmRXE1STJhZ3F0RHdtSHVJR0Q4RzZyV0dUVVoyRVZQMGVwdFBHTFRYSEdvd3FsV0RPVlVYZ2c0aFhLY3RGUWUwQVFZaHpnWDdjWHpKM2ExLWd5aU0yMVBELXFuOGJJbTJFSXpYOG1wWTVmUjlVY28xeDNlaEJZSEgxSVoyTmRvVkFUZw?oc=5"" target=""_blank"" class=""btn-link"">🔗 Abrir Noticia</a>",[🔗 Abrir Noticia](https://news.google.com/rss/articles/CBMitgFBVV95cUxOTVRLSjQzdFkyd2VGeEJkS3B5WTJ3eW84d0cyLUVlZjJYSUZXSGZ2SkNEU3VmRXE1STJhZ3F0RHdtSHVJR0Q4RzZyV0dUVVoyRVZQMGVwdFBHTFRYSEdvd3FsV0RPVlVYZ2c0aFhLY3RGUWUwQVFZaHpnWDdjWHpKM2ExLWd5aU0yMVBELXFuOGJJbTJFSXpYOG1wWTVmUjlVY28xeDNlaEJZSEgxSVoyTmRvVkFUZw?oc=5),Accidente en la calle 41 y la ambulancia 🚑 llegó en 10 minutos Chica Noticias,4010dfd22423fcbd15bf69d70c68cd1fa98a8cfcfca8e0d8c9a211588cb91cff,2026-08-13 17:05:14
249,🟡 Pendiente (Verificar Noticia),2026-08-13,2026-08-13,Chica Noticias,Racha de accidentes de tránsito en Montería - Chica Noticias,Montería (Casco Urbano / Sector en investigación),Montería (Casco Urbano / Sector en investigación),,Montería,No especificado,0,0,Baja (Centroide General Montería),8.7508,-75.8814,https://news.google.com/rss/articles/CBMifEFVX3lxTE02YVlxN0dHVkE0enBsNmVJS2ZmZzNxaGxuajVMcThVQWFqTmhQY3VIdGYzVzRsTEcwcnlJbzctbzVhSG5mbFN1Y0J1Y0VkaEl4X1M3ZGVTLWppNFRwamFJVk1FaHJhOExMeFc3Nk10MW90eW56dnJhZGROVHg?oc=5,"<a href=""https://news.google.com/rss/articles/CBMifEFVX3lxTE02YVlxN0dHVkE0enBsNmVJS2ZmZzNxaGxuajVMcThVQWFqTmhQY3VIdGYzVzRsTEcwcnlJbzctbzVhSG5mbFN1Y0J1Y0VkaEl4X1M3ZGVTLWppNFRwamFJVk1FaHJhOExMeFc3Nk10MW90eW56dnJhZGROVHg?oc=5"" target=""_blank"" class=""btn-link"">🔗 Abrir Noticia</a>",[🔗 Abrir Noticia](https://news.google.com/rss/articles/CBMifEFVX3lxTE02YVlxN0dHVkE0enBsNmVJS2ZmZzNxaGxuajVMcThVQWFqTmhQY3VIdGYzVzRsTEcwcnlJbzctbzVhSG5mbFN1Y0J1Y0VkaEl4X1M3ZGVTLWppNFRwamFJVk1FaHJhOExMeFc3Nk10MW90eW56dnJhZGROVHg?oc=5),Racha de accidentes de tránsito en Montería Chica Noticias,41de2f4d4abed2ea1597e58767980cfd0050877086965d494381eae546d87c64,2026-08-13 17:05:14
250,🟡 Pendiente (Verificar Noticia),2026-08-13,2026-08-13,Chica Noticias,Tragedia en la vía Tierralta-Montería: fallecen dos personas en accidente vial - Chica Noticias,"Municipio de Tierralta, Córdoba","Municipio de Tierralta, Córdoba",,Montería,No especificado,0,0,Baja (Centroide General Montería),8.7508,-75.8814,https://news.google.com/rss/articles/CBMieEFVX3lxTE9NZGlmUkNVTGhBVHFlRUFHUFpramlrWTA0UGlFXy0xS2hUTWZLZEktZE1aVExyNDNFejA3RTFQMUJZM2sxZmVSS205U0N0WmhVcFY2RGp6c2tKb0xVMG5DRktUdkY2TDVrejlESHhQOGIyN3BOWjlzWQ?oc=5,"<a href=""https://news.google.com/rss/articles/CBMieEFVX3lxTE9NZGlmUkNVTGhBVHFlRUFHUFpramlrWTA0UGlFXy0xS2hUTWZLZEktZE1aVExyNDNFejA3RTFQMUJZM2sxZmVSS205U0N0WmhVcFY2RGp6c2tKb0xVMG5DRktUdkY2TDVrejlESHhQOGIyN3BOWjlzWQ?oc=5"" target=""_blank"" class=""btn-link"">🔗 Abrir Noticia</a>",[🔗 Abrir Noticia](https://news.google.com/rss/articles/CBMieEFVX3lxTE9NZGlmUkNVTGhBVHFlRUFHUFpramlrWTA0UGlFXy0xS2hUTWZLZEktZE1aVExyNDNFejA3RTFQMUJZM2sxZmVSS205U0N0WmhVcFY2RGp6c2tKb0xVMG5DRktUdkY2TDVrejlESHhQOGIyN3BOWjlzWQ?oc=5),Tragedia en la vía Tierralta-Montería: fallecen dos personas en accidente vial Chica Noticias,d5d3d9cff162f1e6c9b4f53dd8a2100bb50616853c8ba601f8166f7a84920882,2026-08-13 17:05:14
251,🟡 Pendiente (Verificar Noticia),2026-08-13,2026-08-13,Chica Noticias,Accidente de tránsito cobró la vida de una mujer en Montería - Chica Noticias,Montería (Casco Urbano / Sector en investigación),Montería (Casco Urbano / Sector en investigación),,Montería,No especificado,0,0,Baja (Centroide General Montería),8.7508,-75.8814,https://news.google.com/rss/articles/CBMipAFBVV95cUxPQ1VJQ1VDX25RNHlzZV9pNmdvSkJnNTdYdU9DWVN2OEJIdXliZFV1WnN5QzQ2R29sbmo0LWRudmFPSFdIRmpyXzRwamZvb0FlMDdNX0dtNG9OTS01dFYwaFNYYUQzTnd5UDlnbU41cDF1dEVSOUMtWkRPZl9TWWV1b2taaUN6VmpXb2lpQkxNUXAxVGxsT3liYnNHTUI3eUh3TnA3cQ?oc=5,"<a href=""https://news.google.com/rss/articles/CBMipAFBVV95cUxPQ1VJQ1VDX25RNHlzZV9pNmdvSkJnNTdYdU9DWVN2OEJIdXliZFV1WnN5QzQ2R29sbmo0LWRudmFPSFdIRmpyXzRwamZvb0FlMDdNX0dtNG9OTS01dFYwaFNYYUQzTnd5UDlnbU41cDF1dEVSOUMtWkRPZl9TWWV1b2taaUN6VmpXb2lpQkxNUXAxVGxsT3liYnNHTUI3eUh3TnA3cQ?oc=5"" target=""_blank"" class=""btn-link"">🔗 Abrir Noticia</a>",[🔗 Abrir Noticia](https://news.google.com/rss/articles/CBMipAFBVV95cUxPQ1VJQ1VDX25RNHlzZV9pNmdvSkJnNTdYdU9DWVN2OEJIdXliZFV1WnN5QzQ2R29sbmo0LWRudmFPSFdIRmpyXzRwamZvb0FlMDdNX0dtNG9OTS01dFYwaFNYYUQzTnd5UDlnbU41cDF1dEVSOUMtWkRPZl9TWWV1b2taaUN6VmpXb2lpQkxNUXAxVGxsT3liYnNHTUI3eUh3TnA3cQ?oc=5),Accidente de tránsito cobró la vida de una mujer en Montería Chica Noticias,73b30a5f1187419748685aee473cbd2917c399df141bf460e6c79f70bd06dfa2,2026-08-13 17:05:14
252,🟡 Pendiente (Verificar Noticia),2026-08-13,2026-08-13,Chica Noticias,Identifican a universitaria que falleció en accidente en Montería - Chica Noticias,Montería (Casco Urbano / Sector en investigación),Montería (Casco Urbano / Sector en investigación),,Montería,No especificado,1,0,Baja (Centroide General Montería),8.7508,-75.8814,https://news.google.com/rss/articles/CBMimwFBVV95cUxONFU5MWJjazZuME5Ob1hsX0xOX2ZyakNvc2NleUo1UC1sYmFvcEQtbkhUZUdSM0RzOGNDaGkxNW9JMTI2YWdhUmhWUjhtMkxRTVJha2x5RWtPdkN6TkNqUzlwaXpyR1ZSMTZmYjNfNkViUzYwM2V2dWxRYVM1TmdLVnRpbUZzOUpfd1Y0NHFSa3J3SlZHOE9pZzhpbw?oc=5,"<a href=""https://news.google.com/rss/articles/CBMimwFBVV95cUxONFU5MWJjazZuME5Ob1hsX0xOX2ZyakNvc2NleUo1UC1sYmFvcEQtbkhUZUdSM0RzOGNDaGkxNW9JMTI2YWdhUmhWUjhtMkxRTVJha2x5RWtPdkN6TkNqUzlwaXpyR1ZSMTZmYjNfNkViUzYwM2V2dWxRYVM1TmdLVnRpbUZzOUpfd1Y0NHFSa3J3SlZHOE9pZzhpbw?oc=5"" target=""_blank"" class=""btn-link"">🔗 Abrir Noticia</a>",[🔗 Abrir Noticia](https://news.google.com/rss/articles/CBMimwFBVV95cUxONFU5MWJjazZuME5Ob1hsX0xOX2ZyakNvc2NleUo1UC1sYmFvcEQtbkhUZUdSM0RzOGNDaGkxNW9JMTI2YWdhUmhWUjhtMkxRTVJha2x5RWtPdkN6TkNqUzlwaXpyR1ZSMTZmYjNfNkViUzYwM2V2dWxRYVM1TmdLVnRpbUZzOUpfd1Y0NHFSa3J3SlZHOE9pZzhpbw?oc=5),Identifican a universitaria que falleció en accidente en Montería Chica Noticias,40eddbce43c50308895de8501b4164d50969a58a5cda8a2fb8bffe29554f9581,2026-08-13 17:05:14
253,🟡 Pendiente (Verificar Noticia),2026-08-13,2026-08-13,Chica Noticias,Un muerto deja otro accidente en Moñitos - Chica Noticias,"Municipio de Moñitos, Córdoba","Municipio de Moñitos, Córdoba",,Moñitos,No especificado,1,0,Media (Centroide Municipio Córdoba),9.2458,-76.1322,https://news.google.com/rss/articles/CBMidEFVX3lxTE5MMzVsRmtDdkx6dzFSMG1fUXB2czBpOHNfYWFESnd5T1VlSHVqWXBVby1vSjg3MlZCY0wxZUloM1VnSmo3VXo2WHRhdFEyTjY3RUw0RWpoRkpNNzdBZm5Zbmg2MGZON2NzcldpcW5qWHpPaGNZ?oc=5,"<a href=""https://news.google.com/rss/articles/CBMidEFVX3lxTE5MMzVsRmtDdkx6dzFSMG1fUXB2czBpOHNfYWFESnd5T1VlSHVqWXBVby1vSjg3MlZCY0wxZUloM1VnSmo3VXo2WHRhdFEyTjY3RUw0RWpoRkpNNzdBZm5Zbmg2MGZON2NzcldpcW5qWHpPaGNZ?oc=5"" target=""_blank"" class=""btn-link"">🔗 Abrir Noticia</a>",[🔗 Abrir Noticia](https://news.google.com/rss/articles/CBMidEFVX3lxTE5MMzVsRmtDdkx6dzFSMG1fUXB2czBpOHNfYWFESnd5T1VlSHVqWXBVby1vSjg3MlZCY0wxZUloM1VnSmo3VXo2WHRhdFEyTjY3RUw0RWpoRkpNNzdBZm5Zbmg2MGZON2NzcldpcW5qWHpPaGNZ?oc=5),Un muerto deja otro accidente en Moñitos Chica Noticias,857fafdae7775a75c6c5b1be2818fc9146c5246463a2cfca08e357fdb76ed88c,2026-08-13 17:05:14
254,🟡 Pendiente (Verificar Noticia),2026-08-13,2026-08-13,Chica Noticias,Accidente de tránsito en Montería: joven resultó herido - Chica Noticias,Montería (Casco Urbano / Sector en investigación),Montería (Casco Urbano / Sector en investigación),,Montería,No especificado,0,1,Baja (Centroide General Montería),8.7508,-75.8814,https://news.google.com/rss/articles/CBMib0FVX3lxTE12Zkd6eV9kaEFqX1ZSX1dGSUY2dzBSOFpIVEU2NW8wUTM1WkZJX1hwSVNzU014Y0kzOURoVjBDSGV3OHVzeDB6RUtsUkptRVpqejJyTnJpdXhzWlNvUVA1WjFuZzZ2RmxwcWJxRkhGUQ?oc=5,"<a href=""https://news.google.com/rss/articles/CBMib0FVX3lxTE12Zkd6eV9kaEFqX1ZSX1dGSUY2dzBSOFpIVEU2NW8wUTM1WkZJX1hwSVNzU014Y0kzOURoVjBDSGV3OHVzeDB6RUtsUkptRVpqejJyTnJpdXhzWlNvUVA1WjFuZzZ2RmxwcWJxRkhGUQ?oc=5"" target=""_blank"" class=""btn-link"">🔗 Abrir Noticia</a>",[🔗 Abrir Noticia](https://news.google.com/rss/articles/CBMib0FVX3lxTE12Zkd6eV9kaEFqX1ZSX1dGSUY2dzBSOFpIVEU2NW8wUTM1WkZJX1hwSVNzU014Y0kzOURoVjBDSGV3OHVzeDB6RUtsUkptRVpqejJyTnJpdXhzWlNvUVA1WjFuZzZ2RmxwcWJxRkhGUQ?oc=5),Accidente de tránsito en Montería: joven resultó herido Chica Noticias,7067584a771f13a4c4ffcdcd925d1a02690e6fe4e59d6a70a25c778d846df4a1,2026-08-13 17:05:14
255,🟡 Pendiente (Verificar Noticia),2026-08-13,2026-08-13,Chica Noticias,Activista LGBTI falleció en accidente de tránsito - Chica Noticias,Montería (Casco Urbano / Sector en investigación),Montería (Casco Urbano / Sector en investigación),,Montería,No especificado,1,0,Baja (Centroide General Montería),8.7508,-75.8814,https://news.google.com/rss/articles/CBMilgFBVV95cUxQYnRpQ1pENnFDQUFNeGlGS0FRcEcxenNwZWVZUmNpZDF0aVFQLWZFWmNuQU9PbmhjRUNnSzJha2Y0SUxrbWlvd3dmNEtKNnQ4X3FWeE5kWHVILVBsQVJvblJvei0wSHJpcWppY1BLQUI0VzFlejlRVmdWcU1CY0s2bENOTFFOb1BveWg3ZFkzaWd0LS11RGc?oc=5,"<a href=""https://news.google.com/rss/articles/CBMilgFBVV95cUxQYnRpQ1pENnFDQUFNeGlGS0FRcEcxenNwZWVZUmNpZDF0aVFQLWZFWmNuQU9PbmhjRUNnSzJha2Y0SUxrbWlvd3dmNEtKNnQ4X3FWeE5kWHVILVBsQVJvblJvei0wSHJpcWppY1BLQUI0VzFlejlRVmdWcU1CY0s2bENOTFFOb1BveWg3ZFkzaWd0LS11RGc?oc=5"" target=""_blank"" class=""btn-link"">🔗 Abrir Noticia</a>",[🔗 Abrir Noticia](https://news.google.com/rss/articles/CBMilgFBVV95cUxQYnRpQ1pENnFDQUFNeGlGS0FRcEcxenNwZWVZUmNpZDF0aVFQLWZFWmNuQU9PbmhjRUNnSzJha2Y0SUxrbWlvd3dmNEtKNnQ4X3FWeE5kWHVILVBsQVJvblJvei0wSHJpcWppY1BLQUI0VzFlejlRVmdWcU1CY0s2bENOTFFOb1BveWg3ZFkzaWd0LS11RGc?oc=5),Activista LGBTI falleció en accidente de tránsito Chica Noticias,ba75edca7d889b824d5c5a67bbcdc8b36694f01346dc32a437d7588ab7cf8785,2026-08-13 17:05:14
256,🟡 Pendiente (Verificar Noticia),2026-08-13,2026-08-13,Chica Noticias,Vigilante murió tras accidente en Puerto Libertador - Chica Noticias,Montería (Casco Urbano / Sector en investigación),Montería (Casco Urbano / Sector en investigación),,Montería,No especificado,1,0,Baja (Centroide General Montería),8.7508,-75.8814,https://news.google.com/rss/articles/CBMidkFVX3lxTFBEbHVhYUZjdkVKVURsQ0RvQXZ2OEZRdlhYbUZsRkhZbkRENnBxdXQyeUtjcFZJUXJlUE5SWHpyS3dLclhQVEZKOFFQYU81bmlCcWU3bDhLLXZDUGZ6YVp3UmN5aTVxdXp6MGozNGJ5d2pkRmp6TkE?oc=5,"<a href=""https://news.google.com/rss/articles/CBMidkFVX3lxTFBEbHVhYUZjdkVKVURsQ0RvQXZ2OEZRdlhYbUZsRkhZbkRENnBxdXQyeUtjcFZJUXJlUE5SWHpyS3dLclhQVEZKOFFQYU81bmlCcWU3bDhLLXZDUGZ6YVp3UmN5aTVxdXp6MGozNGJ5d2pkRmp6TkE?oc=5"" target=""_blank"" class=""btn-link"">🔗 Abrir Noticia</a>",[🔗 Abrir Noticia](https://news.google.com/rss/articles/CBMidkFVX3lxTFBEbHVhYUZjdkVKVURsQ0RvQXZ2OEZRdlhYbUZsRkhZbkRENnBxdXQyeUtjcFZJUXJlUE5SWHpyS3dLclhQVEZKOFFQYU81bmlCcWU3bDhLLXZDUGZ6YVp3UmN5aTVxdXp6MGozNGJ5d2pkRmp6TkE?oc=5),Vigilante murió tras accidente en Puerto Libertador Chica Noticias,fc0c21e13fc4ca8cacc87ece80bc3bf3ca0d5a04088f0c9d6b6068523aea9ab9,2026-08-13 17:05:14
257,🟡 Pendiente (Verificar Noticia),2026-08-13,2026-08-13,Chica Noticias,Otra víctima deja accidente en la vía Cereté – San Pelayo - Chica Noticias,"Municipio de Cereté, Córdoba","Municipio de Cereté, Córdoba",,Cereté,No especificado,0,0,Media (Centroide Municipio Córdoba),8.8844,-75.7908,https://news.google.com/rss/articles/CBMingFBVV95cUxQNnY0S0Q5VXlHc0YxSG9jeThkV21wcVh6T3VHLTh4WEY4TlRIeENpYXlQc3dqUDhJbGNiT0RlVEo5OUtTems5UF9hZ0JpOHJlXzdKTXRXWndpcVJwck1zMEwwa3lkc3ZoUlctb3U2WUJSYTZBejBvM0pkMVVrWW5ON2lpVW1GU0c2NWFIVFNRWTRKRXdVN25lU0tVQ2hMdw?oc=5,"<a href=""https://news.google.com/rss/articles/CBMingFBVV95cUxQNnY0S0Q5VXlHc0YxSG9jeThkV21wcVh6T3VHLTh4WEY4TlRIeENpYXlQc3dqUDhJbGNiT0RlVEo5OUtTems5UF9hZ0JpOHJlXzdKTXRXWndpcVJwck1zMEwwa3lkc3ZoUlctb3U2WUJSYTZBejBvM0pkMVVrWW5ON2lpVW1GU0c2NWFIVFNRWTRKRXdVN25lU0tVQ2hMdw?oc=5"" target=""_blank"" class=""btn-link"">🔗 Abrir Noticia</a>",[🔗 Abrir Noticia](https://news.google.com/rss/articles/CBMingFBVV95cUxQNnY0S0Q5VXlHc0YxSG9jeThkV21wcVh6T3VHLTh4WEY4TlRIeENpYXlQc3dqUDhJbGNiT0RlVEo5OUtTems5UF9hZ0JpOHJlXzdKTXRXWndpcVJwck1zMEwwa3lkc3ZoUlctb3U2WUJSYTZBejBvM0pkMVVrWW5ON2lpVW1GU0c2NWFIVFNRWTRKRXdVN25lU0tVQ2hMdw?oc=5),Otra víctima deja accidente en la vía Cereté – San Pelayo Chica Noticias,2594fd5eb674ecba2bf970405a351053bffc725af4c6a3cee57030d7a89594f3,2026-08-13 17:05:14
258,🟡 Pendiente (Verificar Noticia),2026-08-13,2026-08-13,El Tiempo,Mujer fue atropellada por su propio carro tras olvidar poner el freno de mano: revisaba una falla en la batería cuando ocurrió el accidente - El Tiempo,Montería (Casco Urbano / Sector en investigación),Montería (Casco Urbano / Sector en investigación),,Montería,Automóvil,0,0,Baja (Centroide General Montería),8.7508,-75.8814,https://news.google.com/rss/articles/CBMikwJBVV95cUxQSlg2a0FBcVEtTWxtTGdMMlZfeWs5WWxrdnpxQ3VVU3BIMlpSamZnTVJzdW5JUTlTWFlxLVBta0dTTzlhcnFBbmluUVhJaGZMYjVHbGhfX1J6M1FDdHlQZG16dERzMDdvSFpBMWNKRUlvYnJuRTloa0Y1dVVjeVNoaUtOVkh1UTdtelp1S3pNQ3Q2QWtndVdNLUhVMUNlUmFlUGZDdUQxWm00N2w1YWZoZG1NT282aEJ5N3otV0pmWGlpOGliOFJxNlc4am0xb0hySjR2bzBMRGFBQzlRcmlHTW1LVnlJM0hxZDNWeEp3TkdmdG1UZEp4OFY2TUVGcmxnYjdnWUxlVTl0a2lVOUJRbENDY9IBmAJBVV95cUxNdHRHZVJvcW1lMjRXWDhIcUQteFZtamZOSU91UVZ3cWo4dWU5RWdFNkhSUFFPQTZ4TWpfbUhjVy1lQVlfelMydkh3ZlJZTHZ4ZjJ5X1cxRUYyV010NklKT2FVZkk1OTJKQVpSNVlqaThjOHVWNW1FUTFrVzZkYjNHYjlDUHI5d3dlUTRJYUNaeEY0Q1FIMVBGLUhxODgwYm9CaUdFUUVxWklOOXpFVUlPTjJUUHY2aXJXeGtMRDRzdFFNM3A1d0RjazN4Qi12TnRWMmRiSlUzLTUtZmR5N1JPYXRXNlBkSzAzdmFucjhxdHlPYVJvdVJySzQtemx2SE1vbk8xMEN2ZlRNa0lHbFRORHJNU0tVYkhS?oc=5,"<a href=""https://news.google.com/rss/articles/CBMikwJBVV95cUxQSlg2a0FBcVEtTWxtTGdMMlZfeWs5WWxrdnpxQ3VVU3BIMlpSamZnTVJzdW5JUTlTWFlxLVBta0dTTzlhcnFBbmluUVhJaGZMYjVHbGhfX1J6M1FDdHlQZG16dERzMDdvSFpBMWNKRUlvYnJuRTloa0Y1dVVjeVNoaUtOVkh1UTdtelp1S3pNQ3Q2QWtndVdNLUhVMUNlUmFlUGZDdUQxWm00N2w1YWZoZG1NT282aEJ5N3otV0pmWGlpOGliOFJxNlc4am0xb0hySjR2bzBMRGFBQzlRcmlHTW1LVnlJM0hxZDNWeEp3TkdmdG1UZEp4OFY2TUVGcmxnYjdnWUxlVTl0a2lVOUJRbENDY9IBmAJBVV95cUxNdHRHZVJvcW1lMjRXWDhIcUQteFZtamZOSU91UVZ3cWo4dWU5RWdFNkhSUFFPQTZ4TWpfbUhjVy1lQVlfelMydkh3ZlJZTHZ4ZjJ5X1cxRUYyV010NklKT2FVZkk1OTJKQVpSNVlqaThjOHVWNW1FUTFrVzZkYjNHYjlDUHI5d3dlUTRJYUNaeEY0Q1FIMVBGLUhxODgwYm9CaUdFUUVxWklOOXpFVUlPTjJUUHY2aXJXeGtMRDRzdFFNM3A1d0RjazN4Qi12TnRWMmRiSlUzLTUtZmR5N1JPYXRXNlBkSzAzdmFucjhxdHlPYVJvdVJySzQtemx2SE1vbk8xMEN2ZlRNa0lHbFRORHJNU0tVYkhS?oc=5"" target=""_blank"" class=""btn-link"">🔗 Abrir Noticia</a>",[🔗 Abrir Noticia](https://news.google.com/rss/articles/CBMikwJBVV95cUxQSlg2a0FBcVEtTWxtTGdMMlZfeWs5WWxrdnpxQ3VVU3BIMlpSamZnTVJzdW5JUTlTWFlxLVBta0dTTzlhcnFBbmluUVhJaGZMYjVHbGhfX1J6M1FDdHlQZG16dERzMDdvSFpBMWNKRUlvYnJuRTloa0Y1dVVjeVNoaUtOVkh1UTdtelp1S3pNQ3Q2QWtndVdNLUhVMUNlUmFlUGZDdUQxWm00N2w1YWZoZG1NT282aEJ5N3otV0pmWGlpOGliOFJxNlc4am0xb0hySjR2bzBMRGFBQzlRcmlHTW1LVnlJM0hxZDNWeEp3TkdmdG1UZEp4OFY2TUVGcmxnYjdnWUxlVTl0a2lVOUJRbENDY9IBmAJBVV95cUxNdHRHZVJvcW1lMjRXWDhIcUQteFZtamZOSU91UVZ3cWo4dWU5RWdFNkhSUFFPQTZ4TWpfbUhjVy1lQVlfelMydkh3ZlJZTHZ4ZjJ5X1cxRUYyV010NklKT2FVZkk1OTJKQVpSNVlqaThjOHVWNW1FUTFrVzZkYjNHYjlDUHI5d3dlUTRJYUNaeEY0Q1FIMVBGLUhxODgwYm9CaUdFUUVxWklOOXpFVUlPTjJUUHY2aXJXeGtMRDRzdFFNM3A1d0RjazN4Qi12TnRWMmRiSlUzLTUtZmR5N1JPYXRXNlBkSzAzdmFucjhxdHlPYVJvdVJySzQtemx2SE1vbk8xMEN2ZlRNa0lHbFRORHJNU0tVYkhS?oc=5),Mujer fue atropellada por su propio carro tras olvidar poner el freno de mano: revisaba una falla en la batería cuando ocurrió el accidente El Tiempo,99d29c09042bdb57ec9bac4c23aa300ac78fdd1186240dde25edd5149314f674,2026-08-13 17:05:19
259,🟡 Pendiente (Verificar Noticia),2026-08-13,2026-08-13,Cadena 3 Argentina,Un hombre murió tras un fuerte choque entre Colonia Tirolesa y Córdoba - Cadena 3 Argentina,Montería (Casco Urbano / Sector en investigación),Montería (Casco Urbano / Sector en investigación),,Montería,No especificado,1,0,Baja (Centroide General Montería),8.7508,-75.8814,https://news.google.com/rss/articles/CBMiugFBVV95cUxOdFJ4V0N1ay1QWVdvMHEybUxfdmFpeFVKSm1KR1VqbmlBa19lZVJfY09RM0x2TmdpNGQwcDNmX3p0NU45QkZ4R19Pc2JGY1FJLTQ3QlV2MjFJNHhUWlhGN1IyaU1reUJ0Z294eEFESkJpdG1SQW0zUnNMRUVLazhFdDdCaEU2LTFwNUcteE40OVo2Z05FUmRpeER5OU1aMS1DLV9EUE9pUFZkeDBHUWo5ZlpoMi1XbEh1UWfSAb8BQVVfeXFMUFBJQ09NbnBvTmVxcnAyeEo0ZWh3clJDNVlQclZ5TmgtQ2dESWdNX041TmxveFlNVXIwT2lZUEtYRTctY2dkTVZqVjQzMHpOSnNHQUFhU3JOZEpRNVZscXhMZ0U1UUFpVHVJUVFXUHlsS1FHb2RkV2xtX2tJODZlaFpwNFA1RWtVWk42RURFd0hzLVA4RGE4QXRpMTQtTF91NHk4dFB4VmdhcTNsMER2V3ZmRUpnZlhvLWh2X3FkSWM?oc=5,"<a href=""https://news.google.com/rss/articles/CBMiugFBVV95cUxOdFJ4V0N1ay1QWVdvMHEybUxfdmFpeFVKSm1KR1VqbmlBa19lZVJfY09RM0x2TmdpNGQwcDNmX3p0NU45QkZ4R19Pc2JGY1FJLTQ3QlV2MjFJNHhUWlhGN1IyaU1reUJ0Z294eEFESkJpdG1SQW0zUnNMRUVLazhFdDdCaEU2LTFwNUcteE40OVo2Z05FUmRpeER5OU1aMS1DLV9EUE9pUFZkeDBHUWo5ZlpoMi1XbEh1UWfSAb8BQVVfeXFMUFBJQ09NbnBvTmVxcnAyeEo0ZWh3clJDNVlQclZ5TmgtQ2dESWdNX041TmxveFlNVXIwT2lZUEtYRTctY2dkTVZqVjQzMHpOSnNHQUFhU3JOZEpRNVZscXhMZ0U1UUFpVHVJUVFXUHlsS1FHb2RkV2xtX2tJODZlaFpwNFA1RWtVWk42RURFd0hzLVA4RGE4QXRpMTQtTF91NHk4dFB4VmdhcTNsMER2V3ZmRUpnZlhvLWh2X3FkSWM?oc=5"" target=""_blank"" class=""btn-link"">🔗 Abrir Noticia</a>",[🔗 Abrir Noticia](https://news.google.com/rss/articles/CBMiugFBVV95cUxOdFJ4V0N1ay1QWVdvMHEybUxfdmFpeFVKSm1KR1VqbmlBa19lZVJfY09RM0x2TmdpNGQwcDNmX3p0NU45QkZ4R19Pc2JGY1FJLTQ3QlV2MjFJNHhUWlhGN1IyaU1reUJ0Z294eEFESkJpdG1SQW0zUnNMRUVLazhFdDdCaEU2LTFwNUcteE40OVo2Z05FUmRpeER5OU1aMS1DLV9EUE9pUFZkeDBHUWo5ZlpoMi1XbEh1UWfSAb8BQVVfeXFMUFBJQ09NbnBvTmVxcnAyeEo0ZWh3clJDNVlQclZ5TmgtQ2dESWdNX041TmxveFlNVXIwT2lZUEtYRTctY2dkTVZqVjQzMHpOSnNHQUFhU3JOZEpRNVZscXhMZ0U1UUFpVHVJUVFXUHlsS1FHb2RkV2xtX2tJODZlaFpwNFA1RWtVWk42RURFd0hzLVA4RGE4QXRpMTQtTF91NHk4dFB4VmdhcTNsMER2V3ZmRUpnZlhvLWh2X3FkSWM?oc=5),Un hombre murió tras un fuerte choque entre Colonia Tirolesa y Córdoba Cadena 3 Argentina,c30d548af5d24ef35e2b4d0cb7adbb78984daaa2c1c71e8dcff55eab62ce1906,2026-08-13 17:05:19
260,🟡 Pendiente (Verificar Noticia),2026-08-13,2026-08-13,Infobae,Tragedia en Córdoba: un carnicero murió por una descarga eléctrica en su propio local - Infobae,Montería (Casco Urbano / Sector en investigación),Montería (Casco Urbano / Sector en investigación),,Montería,No especificado,1,0,Baja (Centroide General Montería),8.7508,-75.8814,https://news.google.com/rss/articles/CBMiyAFBVV95cUxNV0V5dWMtNURqUzFpZEhoVnE5dncxTDJCNHJLMmxlSnBNVmgtckRVNm4zMnZLQW0wTnhCYUw5RDd2SXRwcG5JYTNfUU4wVl9pV0xUejZsUVkzRlBqSzhnNmdaejRXaDM4dkdSLTlmMjJKZE1lUTgyNkNoQ0d1NzRuR00yUWpzdnUxZ1hVU0xxSWFTSTZoMXZuaHhTMHNST1M2aWdUTTlQc0pvYThKeENlYzFuRk9ma1JhdlFDcWRjWDBUYXJKbVA3edIB4wFBVV95cUxNWmlZZzZSMURGaFNvak53SGRqcVlYMGtKN1l5TGtxZWVPQ2s4c0xWT2xuamdlZ2hHZ2hBdHV3UndiX0xVNm53ZXNYQk1wU0ZOa3lEVEY5d1B6bXVaenM2QkZEZzJNOGJFcVZqclN0Zy1lbG1RSlMyVEo0QU83SlJlbnVRcnV2aVkxR3ZlS1JFOERWRFY2bVo4MGlpcll4eXhFei0wYTIzZE9qc3lZU0Y2bC1jWnhFUkdudkwtWC1yNml5YmRzTkRheUtpLUt1RVZDekhDbFlPYm9SbjZkbTVTM3ZVNA?oc=5,"<a href=""https://news.google.com/rss/articles/CBMiyAFBVV95cUxNV0V5dWMtNURqUzFpZEhoVnE5dncxTDJCNHJLMmxlSnBNVmgtckRVNm4zMnZLQW0wTnhCYUw5RDd2SXRwcG5JYTNfUU4wVl9pV0xUejZsUVkzRlBqSzhnNmdaejRXaDM4dkdSLTlmMjJKZE1lUTgyNkNoQ0d1NzRuR00yUWpzdnUxZ1hVU0xxSWFTSTZoMXZuaHhTMHNST1M2aWdUTTlQc0pvYThKeENlYzFuRk9ma1JhdlFDcWRjWDBUYXJKbVA3edIB4wFBVV95cUxNWmlZZzZSMURGaFNvak53SGRqcVlYMGtKN1l5TGtxZWVPQ2s4c0xWT2xuamdlZ2hHZ2hBdHV3UndiX0xVNm53ZXNYQk1wU0ZOa3lEVEY5d1B6bXVaenM2QkZEZzJNOGJFcVZqclN0Zy1lbG1RSlMyVEo0QU83SlJlbnVRcnV2aVkxR3ZlS1JFOERWRFY2bVo4MGlpcll4eXhFei0wYTIzZE9qc3lZU0Y2bC1jWnhFUkdudkwtWC1yNml5YmRzTkRheUtpLUt1RVZDekhDbFlPYm9SbjZkbTVTM3ZVNA?oc=5"" target=""_blank"" class=""btn-link"">🔗 Abrir Noticia</a>",[🔗 Abrir Noticia](https://news.google.com/rss/articles/CBMiyAFBVV95cUxNV0V5dWMtNURqUzFpZEhoVnE5dncxTDJCNHJLMmxlSnBNVmgtckRVNm4zMnZLQW0wTnhCYUw5RDd2SXRwcG5JYTNfUU4wVl9pV0xUejZsUVkzRlBqSzhnNmdaejRXaDM4dkdSLTlmMjJKZE1lUTgyNkNoQ0d1NzRuR00yUWpzdnUxZ1hVU0xxSWFTSTZoMXZuaHhTMHNST1M2aWdUTTlQc0pvYThKeENlYzFuRk9ma1JhdlFDcWRjWDBUYXJKbVA3edIB4wFBVV95cUxNWmlZZzZSMURGaFNvak53SGRqcVlYMGtKN1l5TGtxZWVPQ2s4c0xWT2xuamdlZ2hHZ2hBdHV3UndiX0xVNm53ZXNYQk1wU0ZOa3lEVEY5d1B6bXVaenM2QkZEZzJNOGJFcVZqclN0Zy1lbG1RSlMyVEo0QU83SlJlbnVRcnV2aVkxR3ZlS1JFOERWRFY2bVo4MGlpcll4eXhFei0wYTIzZE9qc3lZU0Y2bC1jWnhFUkdudkwtWC1yNml5YmRzTkRheUtpLUt1RVZDekhDbFlPYm9SbjZkbTVTM3ZVNA?oc=5),Tragedia en Córdoba: un carnicero murió por una descarga eléctrica en su propio local Infobae,70c89ed629c5a7011d198a91a5eb54eb40d949c32066e0359087830aedff1236,2026-08-13 17:05:19
261,🟡 Pendiente (Verificar Noticia),2026-08-13,2026-08-13,EL PAÍS,La jueza del caso Adamuz reprende a Adif por extraer “materiales de interés para la causa” antes de tener permiso para reconstruir el punto del siniestro - EL PAÍS,Montería (Casco Urbano / Sector en investigación),Montería (Casco Urbano / Sector en investigación),,Montería,No especificado,0,0,Baja (Centroide General Montería),8.7508,-75.8814,https://news.google.com/rss/articles/CBMikAJBVV95cUxNYVI1NGNwTWhLVncxUTlIcmRnZXJDaWU3dmlBQUNOZDY2OVdQYmFXSkNVMDM3SWh2NEs1VmFiM2NqaVY0V2x1ZUtvVEJqekVoWnRMU2dUNk9FV2g2SC1SdmxVTzlvc0dNdUdaYVFwU0pxUVhGMGVxOVZQcEtxSHBoUVo3NTdaSFJZUDQ2S1VjY1pOcUloZlJiRkJmbWhxZU44S1BGQUV5LVdLZlJWREFlczdyaFB0R0dzdVhSaEw0cXpzUjFzbng1TXJ5dnJHanlLUENNcUNjZlpxbnVPWC1HRFVjaGQ4VHhPRVpNVlBBOVhabVZFM2tmc2EzZUl5V0hBOUlqcUdUSUJxdFpfaU5WNNIBpAJBVV95cUxPTEdyVW9mQW52RTFnemxlN1U2VGJvSWdFdDYtNkdwV3JSNnhtT2RCUHVGSXRlZUpZcGxaM3FwV2pVOVNqTl9BaEl1OHgtRVd0Y2FLT3lsRTA4Y2tHcGthMWxfOWczQ1dVWm9fS3N5a0NGcVgtX2VhV1EtRjQyQ05DTGtKcWNudGtUdlFZQmZrQVhrRWRQY3F4NUROcHVYZkI1VXk3eWxrWkxZTXlsN3F3cUIxWHVDY2VsSWhlQUZXTzB3SHpkMEZjMk5samJjMnY5a3lWSFpaT3V3S2hVQ3EweDNBb095WXF4cDMybm1pVGZVV2V3MVlNSGJRdDJlX1hwMnp3U19uZFQ3VWhMRE9lamlBQkhLQjZHY3dCWUpOckg1Zm9u?oc=5,"<a href=""https://news.google.com/rss/articles/CBMikAJBVV95cUxNYVI1NGNwTWhLVncxUTlIcmRnZXJDaWU3dmlBQUNOZDY2OVdQYmFXSkNVMDM3SWh2NEs1VmFiM2NqaVY0V2x1ZUtvVEJqekVoWnRMU2dUNk9FV2g2SC1SdmxVTzlvc0dNdUdaYVFwU0pxUVhGMGVxOVZQcEtxSHBoUVo3NTdaSFJZUDQ2S1VjY1pOcUloZlJiRkJmbWhxZU44S1BGQUV5LVdLZlJWREFlczdyaFB0R0dzdVhSaEw0cXpzUjFzbng1TXJ5dnJHanlLUENNcUNjZlpxbnVPWC1HRFVjaGQ4VHhPRVpNVlBBOVhabVZFM2tmc2EzZUl5V0hBOUlqcUdUSUJxdFpfaU5WNNIBpAJBVV95cUxPTEdyVW9mQW52RTFnemxlN1U2VGJvSWdFdDYtNkdwV3JSNnhtT2RCUHVGSXRlZUpZcGxaM3FwV2pVOVNqTl9BaEl1OHgtRVd0Y2FLT3lsRTA4Y2tHcGthMWxfOWczQ1dVWm9fS3N5a0NGcVgtX2VhV1EtRjQyQ05DTGtKcWNudGtUdlFZQmZrQVhrRWRQY3F4NUROcHVYZkI1VXk3eWxrWkxZTXlsN3F3cUIxWHVDY2VsSWhlQUZXTzB3SHpkMEZjMk5samJjMnY5a3lWSFpaT3V3S2hVQ3EweDNBb095WXF4cDMybm1pVGZVV2V3MVlNSGJRdDJlX1hwMnp3U19uZFQ3VWhMRE9lamlBQkhLQjZHY3dCWUpOckg1Zm9u?oc=5"" target=""_blank"" class=""btn-link"">🔗 Abrir Noticia</a>",[🔗 Abrir Noticia](https://news.google.com/rss/articles/CBMikAJBVV95cUxNYVI1NGNwTWhLVncxUTlIcmRnZXJDaWU3dmlBQUNOZDY2OVdQYmFXSkNVMDM3SWh2NEs1VmFiM2NqaVY0V2x1ZUtvVEJqekVoWnRMU2dUNk9FV2g2SC1SdmxVTzlvc0dNdUdaYVFwU0pxUVhGMGVxOVZQcEtxSHBoUVo3NTdaSFJZUDQ2S1VjY1pOcUloZlJiRkJmbWhxZU44S1BGQUV5LVdLZlJWREFlczdyaFB0R0dzdVhSaEw0cXpzUjFzbng1TXJ5dnJHanlLUENNcUNjZlpxbnVPWC1HRFVjaGQ4VHhPRVpNVlBBOVhabVZFM2tmc2EzZUl5V0hBOUlqcUdUSUJxdFpfaU5WNNIBpAJBVV95cUxPTEdyVW9mQW52RTFnemxlN1U2VGJvSWdFdDYtNkdwV3JSNnhtT2RCUHVGSXRlZUpZcGxaM3FwV2pVOVNqTl9BaEl1OHgtRVd0Y2FLT3lsRTA4Y2tHcGthMWxfOWczQ1dVWm9fS3N5a0NGcVgtX2VhV1EtRjQyQ05DTGtKcWNudGtUdlFZQmZrQVhrRWRQY3F4NUROcHVYZkI1VXk3eWxrWkxZTXlsN3F3cUIxWHVDY2VsSWhlQUZXTzB3SHpkMEZjMk5samJjMnY5a3lWSFpaT3V3S2hVQ3EweDNBb095WXF4cDMybm1pVGZVV2V3MVlNSGJRdDJlX1hwMnp3U19uZFQ3VWhMRE9lamlBQkhLQjZHY3dCWUpOckg1Zm9u?oc=5),La jueza del caso Adamuz reprende a Adif por extraer “materiales de interés para la causa” antes de tener permiso para reconstruir el punto del siniestro EL PAÍS,c21a1a90c4b8f8078cb84daec47a60c86cedfb08265234264964bb3dd00afad0,2026-08-13 17:05:19
262,🟡 Pendiente (Verificar Noticia),2026-08-13,2026-08-13,ABC,El accidente del 'flecha roja' en Córdoba frena la expansión ferroviaria de Italia en España - ABC,Montería (Casco Urbano / Sector en investigación),Montería (Casco Urbano / Sector en investigación),,Montería,No especificado,0,0,Baja (Centroide General Montería),8.7508,-75.8814,https://news.google.com/rss/articles/CBMiuAFBVV95cUxNdndxdWZkd0I5X19ROVBaejZsVU11b3NHX05zT1UtYmhXbmRCZXB5YjEwb0Nnb01zdlY0dXNKOG8tdUItSFlpeUhEU19idUJTdXZhR0pLQTRFeWFsT0pCVmlYTUcyM1ZaVXJ0aXFBeXh2anVQM1VfMWVzeGg5dlVoM253M2hRODBEUW1TN1REOGNlV0tid19CblVBUXlhMUVsaGtqVkNCRk9oSmg2aWNHY1l2MmxyUUJu0gG-AUFVX3lxTE52SGJGV3h2VGZocmo0b1h3c2RZX3czZ2liY1hfLXJHdXBZbE5tRFpHVnZxTlg5czR6WExBRjVzVXBLM1JtbXRJNmgxSkJ6UDVKa1ZCTENUY1hpTUNhR0poYk9BVHpTRlJoNU81a0hRbXJPQ0VFZ2FDazVHWDh2bnFjcGZveEhPdU51MTlINUVUcm1VcjNCcEl4QXhtWlk3dkpDZHNoeEw5eHRtYW55QlZzOERYZWFzRmpvOGhKREE?oc=5,"<a href=""https://news.google.com/rss/articles/CBMiuAFBVV95cUxNdndxdWZkd0I5X19ROVBaejZsVU11b3NHX05zT1UtYmhXbmRCZXB5YjEwb0Nnb01zdlY0dXNKOG8tdUItSFlpeUhEU19idUJTdXZhR0pLQTRFeWFsT0pCVmlYTUcyM1ZaVXJ0aXFBeXh2anVQM1VfMWVzeGg5dlVoM253M2hRODBEUW1TN1REOGNlV0tid19CblVBUXlhMUVsaGtqVkNCRk9oSmg2aWNHY1l2MmxyUUJu0gG-AUFVX3lxTE52SGJGV3h2VGZocmo0b1h3c2RZX3czZ2liY1hfLXJHdXBZbE5tRFpHVnZxTlg5czR6WExBRjVzVXBLM1JtbXRJNmgxSkJ6UDVKa1ZCTENUY1hpTUNhR0poYk9BVHpTRlJoNU81a0hRbXJPQ0VFZ2FDazVHWDh2bnFjcGZveEhPdU51MTlINUVUcm1VcjNCcEl4QXhtWlk3dkpDZHNoeEw5eHRtYW55QlZzOERYZWFzRmpvOGhKREE?oc=5"" target=""_blank"" class=""btn-link"">🔗 Abrir Noticia</a>",[🔗 Abrir Noticia](https://news.google.com/rss/articles/CBMiuAFBVV95cUxNdndxdWZkd0I5X19ROVBaejZsVU11b3NHX05zT1UtYmhXbmRCZXB5YjEwb0Nnb01zdlY0dXNKOG8tdUItSFlpeUhEU19idUJTdXZhR0pLQTRFeWFsT0pCVmlYTUcyM1ZaVXJ0aXFBeXh2anVQM1VfMWVzeGg5dlVoM253M2hRODBEUW1TN1REOGNlV0tid19CblVBUXlhMUVsaGtqVkNCRk9oSmg2aWNHY1l2MmxyUUJu0gG-AUFVX3lxTE52SGJGV3h2VGZocmo0b1h3c2RZX3czZ2liY1hfLXJHdXBZbE5tRFpHVnZxTlg5czR6WExBRjVzVXBLM1JtbXRJNmgxSkJ6UDVKa1ZCTENUY1hpTUNhR0poYk9BVHpTRlJoNU81a0hRbXJPQ0VFZ2FDazVHWDh2bnFjcGZveEhPdU51MTlINUVUcm1VcjNCcEl4QXhtWlk3dkpDZHNoeEw5eHRtYW55QlZzOERYZWFzRmpvOGhKREE?oc=5),El accidente del 'flecha roja' en Córdoba frena la expansión ferroviaria de Italia en España ABC,7f0beadf6676a1c2d37b999cbedc02ae9e6eea0e94d35dfc75d5e472fc2122d4,2026-08-13 17:05:19
263,🟢 Verificada / Específica,2026-08-13,2026-08-13,Uco | Universidad de Córdoba,Actualidad Universitaria - La comunidad universitaria de la UCO guarda un minuto de silencio en memoria de las víctimas del accidente ferroviario de Adamuz - Uco | Universidad de Córdoba,"Sector/Barrio Universidad de Córdoba, Montería","Sector/Barrio Universidad de Córdoba, Montería",Universidad de Córdoba,Montería,No especificado,0,0,Alta (Centroide Hito/Barrio Verificado),8.784,-75.857,https://news.google.com/rss/articles/CBMiqgJBVV95cUxQeDZzUk1naHN5eXJqX0VneDYxVmtUZlRkTExYbWR3SlJFcFdvWWhCTEdXM0NUUGYtOVQ0X0FZQi1EcDZ6NnJ0blJkZUNPNHdIMUN5bzFBUDE2TVdvS2lfTHk0TU11WGVtU3Flc0tyLTNHLXZUQ1dGU19LUEF3bzRETFRtaEQ0d3RMTnhuSWFMS1V5ZHRGZlZIV2RaZ2pOOUVHNnVpa2VLZlc4U2ZSMjFrd3RkR2dFRElZVXZlNW1FeWV3cjkyck80dFJxVzF0c055ZmlFRm05aUtGTDVUSVBfMVdlamJRNEdGUlpjRXRrUzNsOW9zWEFFaW8xTUZXSG8xcDFlRWNFV0dGYXBOSExxWHdHbG1nQmJ2aHRiRHpzMkVDeTBqYk0xaS13?oc=5,"<a href=""https://news.google.com/rss/articles/CBMiqgJBVV95cUxQeDZzUk1naHN5eXJqX0VneDYxVmtUZlRkTExYbWR3SlJFcFdvWWhCTEdXM0NUUGYtOVQ0X0FZQi1EcDZ6NnJ0blJkZUNPNHdIMUN5bzFBUDE2TVdvS2lfTHk0TU11WGVtU3Flc0tyLTNHLXZUQ1dGU19LUEF3bzRETFRtaEQ0d3RMTnhuSWFMS1V5ZHRGZlZIV2RaZ2pOOUVHNnVpa2VLZlc4U2ZSMjFrd3RkR2dFRElZVXZlNW1FeWV3cjkyck80dFJxVzF0c055ZmlFRm05aUtGTDVUSVBfMVdlamJRNEdGUlpjRXRrUzNsOW9zWEFFaW8xTUZXSG8xcDFlRWNFV0dGYXBOSExxWHdHbG1nQmJ2aHRiRHpzMkVDeTBqYk0xaS13?oc=5"" target=""_blank"" class=""btn-link"">🔗 Abrir Noticia</a>",[🔗 Abrir Noticia](https://news.google.com/rss/articles/CBMiqgJBVV95cUxQeDZzUk1naHN5eXJqX0VneDYxVmtUZlRkTExYbWR3SlJFcFdvWWhCTEdXM0NUUGYtOVQ0X0FZQi1EcDZ6NnJ0blJkZUNPNHdIMUN5bzFBUDE2TVdvS2lfTHk0TU11WGVtU3Flc0tyLTNHLXZUQ1dGU19LUEF3bzRETFRtaEQ0d3RMTnhuSWFMS1V5ZHRGZlZIV2RaZ2pOOUVHNnVpa2VLZlc4U2ZSMjFrd3RkR2dFRElZVXZlNW1FeWV3cjkyck80dFJxVzF0c055ZmlFRm05aUtGTDVUSVBfMVdlamJRNEdGUlpjRXRrUzNsOW9zWEFFaW8xTUZXSG8xcDFlRWNFV0dGYXBOSExxWHdHbG1nQmJ2aHRiRHpzMkVDeTBqYk0xaS13?oc=5),Actualidad Universitaria - La comunidad universitaria de la UCO guarda un minuto de silencio en memoria de las víctimas del accidente ferroviario de Adamuz Uco | Universidad de Córdoba,c4ac828fd9df64a437dd13ee862986b70369e3f1c146675ab4b21e97b71a591b,2026-08-13 17:05:19
264,🟡 Pendiente (Verificar Noticia),2026-08-13,2026-08-13,La Vanguardia,"Una niña de seis años que logró salir sola del Alvia, única superviviente de una familia andaluza - La Vanguardia",Montería (Casco Urbano / Sector en investigación),Montería (Casco Urbano / Sector en investigación),,Montería,No especificado,0,0,Baja (Centroide General Montería),8.7508,-75.8814,https://news.google.com/rss/articles/CBMiyAFBVV95cUxPMDhiX3M1T3pTdzdqd0NaZHd5YjBfSGVYSG5tYVcxQWRfek9rSjRjeWVNb0d1eHRTV3JSWk9QOWhWaS1yQTdaeDBaTElVSGNhSTVRMDNVaXlBaUdkQmg0Y1BaRm9DYnBHVzVWY0xIOTNHRlhwcUdTaUxOQWhBRUN0YmctcnhDdmI5c3dMLWlncVJ2QVAwQlMyaGJBcjdIOHljME9JR25qMV9hc3ZrVm83b2pIQ1lSSFUzU0xHS2YwNkp5RnoyanhzT9IBzgFBVV95cUxPaTl1QU5RanBPRVU1UzZiWjRBU2ViTnRNOGhweUstbXk0a1BFU2FyRkFZOG01ZWxuU000SkhHa2dibWszRW5PZU1Pc0hWdXV5bnFpZ3R1S0c3SEN2RDJ0MTRQUmJOLVZpcE5mRHN2Ml82a1d2U0hIVnR3emhpV3pBSkRjZ1dFb01RbDlmdmROdEplWjVscTRCdDZrWTBIeFQ4bmVRa09PeXNsX0k1bWM1X3RjQ3pUVjZTMXg5MlYxODg3NUFjT3JNakVEeGt1dw?oc=5,"<a href=""https://news.google.com/rss/articles/CBMiyAFBVV95cUxPMDhiX3M1T3pTdzdqd0NaZHd5YjBfSGVYSG5tYVcxQWRfek9rSjRjeWVNb0d1eHRTV3JSWk9QOWhWaS1yQTdaeDBaTElVSGNhSTVRMDNVaXlBaUdkQmg0Y1BaRm9DYnBHVzVWY0xIOTNHRlhwcUdTaUxOQWhBRUN0YmctcnhDdmI5c3dMLWlncVJ2QVAwQlMyaGJBcjdIOHljME9JR25qMV9hc3ZrVm83b2pIQ1lSSFUzU0xHS2YwNkp5RnoyanhzT9IBzgFBVV95cUxPaTl1QU5RanBPRVU1UzZiWjRBU2ViTnRNOGhweUstbXk0a1BFU2FyRkFZOG01ZWxuU000SkhHa2dibWszRW5PZU1Pc0hWdXV5bnFpZ3R1S0c3SEN2RDJ0MTRQUmJOLVZpcE5mRHN2Ml82a1d2U0hIVnR3emhpV3pBSkRjZ1dFb01RbDlmdmROdEplWjVscTRCdDZrWTBIeFQ4bmVRa09PeXNsX0k1bWM1X3RjQ3pUVjZTMXg5MlYxODg3NUFjT3JNakVEeGt1dw?oc=5"" target=""_blank"" class=""btn-link"">🔗 Abrir Noticia</a>",[🔗 Abrir Noticia](https://news.google.com/rss/articles/CBMiyAFBVV95cUxPMDhiX3M1T3pTdzdqd0NaZHd5YjBfSGVYSG5tYVcxQWRfek9rSjRjeWVNb0d1eHRTV3JSWk9QOWhWaS1yQTdaeDBaTElVSGNhSTVRMDNVaXlBaUdkQmg0Y1BaRm9DYnBHVzVWY0xIOTNHRlhwcUdTaUxOQWhBRUN0YmctcnhDdmI5c3dMLWlncVJ2QVAwQlMyaGJBcjdIOHljME9JR25qMV9hc3ZrVm83b2pIQ1lSSFUzU0xHS2YwNkp5RnoyanhzT9IBzgFBVV95cUxPaTl1QU5RanBPRVU1UzZiWjRBU2ViTnRNOGhweUstbXk0a1BFU2FyRkFZOG01ZWxuU000SkhHa2dibWszRW5PZU1Pc0hWdXV5bnFpZ3R1S0c3SEN2RDJ0MTRQUmJOLVZpcE5mRHN2Ml82a1d2U0hIVnR3emhpV3pBSkRjZ1dFb01RbDlmdmROdEplWjVscTRCdDZrWTBIeFQ4bmVRa09PeXNsX0k1bWM1X3RjQ3pUVjZTMXg5MlYxODg3NUFjT3JNakVEeGt1dw?oc=5),"Una niña de seis años que logró salir sola del Alvia, única superviviente de una familia andaluza La Vanguardia",52464f0e76dbfbc4b35d1ef12d8fbb43c9a277f9ca083538113a17b1669030aa,2026-08-13 17:05:19
265,🟡 Pendiente (Verificar Noticia),2026-08-13,2026-08-13,El Periódico,Accidente de tren en Adamuz (Córdoba): qué sabemos y qué no sabemos del descarrilamiento de un Iryo que ha causado 39 muertos - El Periódico,Montería (Casco Urbano / Sector en investigación),Montería (Casco Urbano / Sector en investigación),,Montería,No especificado,1,0,Baja (Centroide General Montería),8.7508,-75.8814,https://news.google.com/rss/articles/CBMiygFBVV95cUxOWUpLUmw4dWtvUVNiNWdwUXhhUnItWVNiQkV4SVd0X0lSOGNSM3VhMzM4Ukp0bkVSRmR4WnNBYTAzMEIyVUI0ZVFMNzZpMmpyYUhDMjltYWtCanVndDd2M1VjcUphOHlOOVduaW0zUzFzODY0VHlsTWhXc0hmUkRMcWlFRWZ6LUVnNHotSjlVa2VNaDlWRm9fSWR3MDE0UzhaWHBUdmo4Y1NEbWc4dW5xUkZmaGMtZU5fUlRhRDBpN2N1QnFCMmNhNVRn0gHKAUFVX3lxTE5ONHl0TUFZMFptVHFQeGhwNjJ3VWc2clJVdVMtWXdXVmdrSWhXMWtoa0plT1FQT1JNSlJvbVktX2tqcnNWNzFPaGtINEJLUFF1U1JILVF4dHBUR3VObDFoTDdCa1VEMC1GT1p2RzMzQ0pZMEVTZ3hrXzFnN2lFU0lwWUZxOG1TWURkZmtxeXhuaXVwZVhsaEI5MEdrTUZaeTdJZ2RtVElEQTJlWk9sYm41M0lTeE5ZUFVJWW5aQ2pEcEExVVl4ck9wdFE?oc=5,"<a href=""https://news.google.com/rss/articles/CBMiygFBVV95cUxOWUpLUmw4dWtvUVNiNWdwUXhhUnItWVNiQkV4SVd0X0lSOGNSM3VhMzM4Ukp0bkVSRmR4WnNBYTAzMEIyVUI0ZVFMNzZpMmpyYUhDMjltYWtCanVndDd2M1VjcUphOHlOOVduaW0zUzFzODY0VHlsTWhXc0hmUkRMcWlFRWZ6LUVnNHotSjlVa2VNaDlWRm9fSWR3MDE0UzhaWHBUdmo4Y1NEbWc4dW5xUkZmaGMtZU5fUlRhRDBpN2N1QnFCMmNhNVRn0gHKAUFVX3lxTE5ONHl0TUFZMFptVHFQeGhwNjJ3VWc2clJVdVMtWXdXVmdrSWhXMWtoa0plT1FQT1JNSlJvbVktX2tqcnNWNzFPaGtINEJLUFF1U1JILVF4dHBUR3VObDFoTDdCa1VEMC1GT1p2RzMzQ0pZMEVTZ3hrXzFnN2lFU0lwWUZxOG1TWURkZmtxeXhuaXVwZVhsaEI5MEdrTUZaeTdJZ2RtVElEQTJlWk9sYm41M0lTeE5ZUFVJWW5aQ2pEcEExVVl4ck9wdFE?oc=5"" target=""_blank"" class=""btn-link"">🔗 Abrir Noticia</a>",[🔗 Abrir Noticia](https://news.google.com/rss/articles/CBMiygFBVV95cUxOWUpLUmw4dWtvUVNiNWdwUXhhUnItWVNiQkV4SVd0X0lSOGNSM3VhMzM4Ukp0bkVSRmR4WnNBYTAzMEIyVUI0ZVFMNzZpMmpyYUhDMjltYWtCanVndDd2M1VjcUphOHlOOVduaW0zUzFzODY0VHlsTWhXc0hmUkRMcWlFRWZ6LUVnNHotSjlVa2VNaDlWRm9fSWR3MDE0UzhaWHBUdmo4Y1NEbWc4dW5xUkZmaGMtZU5fUlRhRDBpN2N1QnFCMmNhNVRn0gHKAUFVX3lxTE5ONHl0TUFZMFptVHFQeGhwNjJ3VWc2clJVdVMtWXdXVmdrSWhXMWtoa0plT1FQT1JNSlJvbVktX2tqcnNWNzFPaGtINEJLUFF1U1JILVF4dHBUR3VObDFoTDdCa1VEMC1GT1p2RzMzQ0pZMEVTZ3hrXzFnN2lFU0lwWUZxOG1TWURkZmtxeXhuaXVwZVhsaEI5MEdrTUZaeTdJZ2RtVElEQTJlWk9sYm41M0lTeE5ZUFVJWW5aQ2pEcEExVVl4ck9wdFE?oc=5),Accidente de tren en Adamuz (Córdoba): qué sabemos y qué no sabemos del descarrilamiento de un Iryo que ha causado 39 muertos El Periódico,b3aafad6a5853dbf16c1791e8945d9c7523390e26540ea27f9f9f56f4d22c7f8,2026-08-13 17:05:19
266,🟡 Pendiente (Verificar Noticia),2026-08-13,2026-08-13,LaSexta,El maquinista de Iryo como testigo principal y las cajas negras como potenciales esclarecedoras: dudas e - LaSexta,Montería (Casco Urbano / Sector en investigación),Montería (Casco Urbano / Sector en investigación),,Montería,No especificado,0,0,Baja (Centroide General Montería),8.7508,-75.8814,https://news.google.com/rss/articles/CBMiogJBVV95cUxQdjVLcUd4N0xwZjI3Z1hfQVh3eWttX3BtNWZoMjVpU3pkN1ZOczRmUms0b1JkZ2VtaVFQYVRHZ0xOdGJuMEU5Ulg3RmNId3VYVlhVTjZPWjd0ZGZiYU5lY1NDckNHc1VNUnQ4VE5RcHA5OExfUlp6SUxBSFVyUTFhQzZFLUJNRHdsR1pvX01MZEJSZHdnbExzaWNWSjQwc1RGdThIelp5YVBDM3JMMDdNdHMtRVo0U0ZlckVSMERzYUl6TGpyVkxhWjhhOGZCbWF4djNYZlBpUEhsdVh2ak1ZclVTSWdWTWpkY2ljdTNYUmlLc1B1VFNCc2N5Z1FKSWxkMUhvNGxFTzZzU2ZqYnpSSk5OQ3dYNERzMnNRMXVjSmNTUdIBogJBVV95cUxNc09hbTkzYU0zQnphT2NvVUZJY3c4Tm4zNENXLXJlTmtLa1JHY0NIV0ItdzZyT2Z4YTRtUFFtSm4tbzNFc284S3BJZVp4akgwMlpJSGRwYXh0cnVkTTNLT0RCWTJTTlkwUXl3RWFTQlJVYlZKVEtyS3N5UGs2UHZqb0pCZXNsMW41MDVQbC1VdUxrR1BXTmJFcjdEMXE1YVhHemJ1V09zSktNam5HQW0tY3Q1RUxsb01ObFBHSUU5T0pBRE5pejZzN2dDM2E2VVRqdEp3bDVOeVVzMnhsSmQ0cjJIY0QtSk9qWFBidURaR2FWdzMtX3B4VG84QXVOM0ItMUZKQVdfdU9UV2t4eWxwMV9sS3FOc19WVmZDY2lqWFZ4dw?oc=5,"<a href=""https://news.google.com/rss/articles/CBMiogJBVV95cUxQdjVLcUd4N0xwZjI3Z1hfQVh3eWttX3BtNWZoMjVpU3pkN1ZOczRmUms0b1JkZ2VtaVFQYVRHZ0xOdGJuMEU5Ulg3RmNId3VYVlhVTjZPWjd0ZGZiYU5lY1NDckNHc1VNUnQ4VE5RcHA5OExfUlp6SUxBSFVyUTFhQzZFLUJNRHdsR1pvX01MZEJSZHdnbExzaWNWSjQwc1RGdThIelp5YVBDM3JMMDdNdHMtRVo0U0ZlckVSMERzYUl6TGpyVkxhWjhhOGZCbWF4djNYZlBpUEhsdVh2ak1ZclVTSWdWTWpkY2ljdTNYUmlLc1B1VFNCc2N5Z1FKSWxkMUhvNGxFTzZzU2ZqYnpSSk5OQ3dYNERzMnNRMXVjSmNTUdIBogJBVV95cUxNc09hbTkzYU0zQnphT2NvVUZJY3c4Tm4zNENXLXJlTmtLa1JHY0NIV0ItdzZyT2Z4YTRtUFFtSm4tbzNFc284S3BJZVp4akgwMlpJSGRwYXh0cnVkTTNLT0RCWTJTTlkwUXl3RWFTQlJVYlZKVEtyS3N5UGs2UHZqb0pCZXNsMW41MDVQbC1VdUxrR1BXTmJFcjdEMXE1YVhHemJ1V09zSktNam5HQW0tY3Q1RUxsb01ObFBHSUU5T0pBRE5pejZzN2dDM2E2VVRqdEp3bDVOeVVzMnhsSmQ0cjJIY0QtSk9qWFBidURaR2FWdzMtX3B4VG84QXVOM0ItMUZKQVdfdU9UV2t4eWxwMV9sS3FOc19WVmZDY2lqWFZ4dw?oc=5"" target=""_blank"" class=""btn-link"">🔗 Abrir Noticia</a>",[🔗 Abrir Noticia](https://news.google.com/rss/articles/CBMiogJBVV95cUxQdjVLcUd4N0xwZjI3Z1hfQVh3eWttX3BtNWZoMjVpU3pkN1ZOczRmUms0b1JkZ2VtaVFQYVRHZ0xOdGJuMEU5Ulg3RmNId3VYVlhVTjZPWjd0ZGZiYU5lY1NDckNHc1VNUnQ4VE5RcHA5OExfUlp6SUxBSFVyUTFhQzZFLUJNRHdsR1pvX01MZEJSZHdnbExzaWNWSjQwc1RGdThIelp5YVBDM3JMMDdNdHMtRVo0U0ZlckVSMERzYUl6TGpyVkxhWjhhOGZCbWF4djNYZlBpUEhsdVh2ak1ZclVTSWdWTWpkY2ljdTNYUmlLc1B1VFNCc2N5Z1FKSWxkMUhvNGxFTzZzU2ZqYnpSSk5OQ3dYNERzMnNRMXVjSmNTUdIBogJBVV95cUxNc09hbTkzYU0zQnphT2NvVUZJY3c4Tm4zNENXLXJlTmtLa1JHY0NIV0ItdzZyT2Z4YTRtUFFtSm4tbzNFc284S3BJZVp4akgwMlpJSGRwYXh0cnVkTTNLT0RCWTJTTlkwUXl3RWFTQlJVYlZKVEtyS3N5UGs2UHZqb0pCZXNsMW41MDVQbC1VdUxrR1BXTmJFcjdEMXE1YVhHemJ1V09zSktNam5HQW0tY3Q1RUxsb01ObFBHSUU5T0pBRE5pejZzN2dDM2E2VVRqdEp3bDVOeVVzMnhsSmQ0cjJIY0QtSk9qWFBidURaR2FWdzMtX3B4VG84QXVOM0ItMUZKQVdfdU9UV2t4eWxwMV9sS3FOc19WVmZDY2lqWFZ4dw?oc=5),El maquinista de Iryo como testigo principal y las cajas negras como potenciales esclarecedoras: dudas e LaSexta,3fa5dca2c2a70fcbcd778cd355a6a18ca695fed2404d5480edbcb9d187260895,2026-08-13 17:05:19
267,🟡 Pendiente (Verificar Noticia),2026-08-13,2026-08-13,Vía País,Tragedia en Córdoba: un hombre murió aplastado por su propio camión frente a su casa - Vía País,Montería (Casco Urbano / Sector en investigación),Montería (Casco Urbano / Sector en investigación),,Montería,Camión / Carga,1,0,Baja (Centroide General Montería),8.7508,-75.8814,https://news.google.com/rss/articles/CBMitAFBVV95cUxQeGhPMVk4a2NKcjN5bDhoZVNBNDZuYVRsUTFGQlRmUlp2ZEZPeHJiTnlpUzVhTEpUWm55NjZEaHNlOFp1UW9tWjZ4Q3htcTRpWklaa01OS2tDbjJ5bTR1N3pyUGd1c29lQWdmdmNlNnpZX2RWdkFxWHJxV25ScjFHdHd5S0FLbDltcGdsVjNjZlNMU0FSTm5MelpsYnhCc21LTlB5cE54WGFHR1BVbmh3S1dPVnQ?oc=5,"<a href=""https://news.google.com/rss/articles/CBMitAFBVV95cUxQeGhPMVk4a2NKcjN5bDhoZVNBNDZuYVRsUTFGQlRmUlp2ZEZPeHJiTnlpUzVhTEpUWm55NjZEaHNlOFp1UW9tWjZ4Q3htcTRpWklaa01OS2tDbjJ5bTR1N3pyUGd1c29lQWdmdmNlNnpZX2RWdkFxWHJxV25ScjFHdHd5S0FLbDltcGdsVjNjZlNMU0FSTm5MelpsYnhCc21LTlB5cE54WGFHR1BVbmh3S1dPVnQ?oc=5"" target=""_blank"" class=""btn-link"">🔗 Abrir Noticia</a>",[🔗 Abrir Noticia](https://news.google.com/rss/articles/CBMitAFBVV95cUxQeGhPMVk4a2NKcjN5bDhoZVNBNDZuYVRsUTFGQlRmUlp2ZEZPeHJiTnlpUzVhTEpUWm55NjZEaHNlOFp1UW9tWjZ4Q3htcTRpWklaa01OS2tDbjJ5bTR1N3pyUGd1c29lQWdmdmNlNnpZX2RWdkFxWHJxV25ScjFHdHd5S0FLbDltcGdsVjNjZlNMU0FSTm5MelpsYnhCc21LTlB5cE54WGFHR1BVbmh3S1dPVnQ?oc=5),Tragedia en Córdoba: un hombre murió aplastado por su propio camión frente a su casa Vía País,2346c97b122feabd32c58c95166a034173069d00a3f08fb3d47b46179743356d,2026-08-13 17:05:19
268,🟡 Pendiente (Verificar Noticia),2026-08-13,2026-08-13,Onda Cero,"El accidente de Córdoba, el cuarto siniestro ferroviario más grave registrado en España - Onda Cero",Montería (Casco Urbano / Sector en investigación),Montería (Casco Urbano / Sector en investigación),,Montería,No especificado,0,0,Baja (Centroide General Montería),8.7508,-75.8814,https://news.google.com/rss/articles/CBMi6gFBVV95cUxNR1gyQXNOZEdQQVdiUzNKdWVQVkZCN1hSeHVYWjByRTR4clkycXc1V1QtMjN2TlpzZWo5SDk4RzVTeW0yYkFXN1k2MGVmclMxMWg5UzVMTkVYUWpuclQyaXVjWC1BeDNyYU5SMmdONXJNS3hOOVZVSXVIX2ZVZVFueGFJaFZmT1k5TnhOdHRvWlBmcnNsQ0tqMS13TllBNmtDWmtIazctQXQ1eFhvOUVCS0ozS2ZSdWZZdTZtdGc3WXBkczE5NW1md0tSY2xTd0hKX2lIZlh4TWtfTzB6Y1VDX3NwazVqc3ZjblHSAeoBQVVfeXFMT3VaeUlsRGRuWll4aUdsaTEzRm9VWllKSm9BNEFBS1YzaEZyWWtzeGEtalBHMU1CNDAyaHp6UzFid01FU21ZNnZHaU1uUU5uWElMSFNQWmxTS3Znd3BpNkZOMERaWW8ycFI2NG0zWlRzSHdBckpEUU1zM25YcVJIODZHb2FzTmxwcW05ZFp4aW56cENmdFM3c0diNTlvczhscjJkenhYYnUtRVpBUHBZVGE5UDVCajAwRVktdWJnaFFXVU1sM0JNdmNsRnV6T0xtR1JCMElJMjFsM1BVOHkzMFU5MV9LR2FWbUp3?oc=5,"<a href=""https://news.google.com/rss/articles/CBMi6gFBVV95cUxNR1gyQXNOZEdQQVdiUzNKdWVQVkZCN1hSeHVYWjByRTR4clkycXc1V1QtMjN2TlpzZWo5SDk4RzVTeW0yYkFXN1k2MGVmclMxMWg5UzVMTkVYUWpuclQyaXVjWC1BeDNyYU5SMmdONXJNS3hOOVZVSXVIX2ZVZVFueGFJaFZmT1k5TnhOdHRvWlBmcnNsQ0tqMS13TllBNmtDWmtIazctQXQ1eFhvOUVCS0ozS2ZSdWZZdTZtdGc3WXBkczE5NW1md0tSY2xTd0hKX2lIZlh4TWtfTzB6Y1VDX3NwazVqc3ZjblHSAeoBQVVfeXFMT3VaeUlsRGRuWll4aUdsaTEzRm9VWllKSm9BNEFBS1YzaEZyWWtzeGEtalBHMU1CNDAyaHp6UzFid01FU21ZNnZHaU1uUU5uWElMSFNQWmxTS3Znd3BpNkZOMERaWW8ycFI2NG0zWlRzSHdBckpEUU1zM25YcVJIODZHb2FzTmxwcW05ZFp4aW56cENmdFM3c0diNTlvczhscjJkenhYYnUtRVpBUHBZVGE5UDVCajAwRVktdWJnaFFXVU1sM0JNdmNsRnV6T0xtR1JCMElJMjFsM1BVOHkzMFU5MV9LR2FWbUp3?oc=5"" target=""_blank"" class=""btn-link"">🔗 Abrir Noticia</a>",[🔗 Abrir Noticia](https://news.google.com/rss/articles/CBMi6gFBVV95cUxNR1gyQXNOZEdQQVdiUzNKdWVQVkZCN1hSeHVYWjByRTR4clkycXc1V1QtMjN2TlpzZWo5SDk4RzVTeW0yYkFXN1k2MGVmclMxMWg5UzVMTkVYUWpuclQyaXVjWC1BeDNyYU5SMmdONXJNS3hOOVZVSXVIX2ZVZVFueGFJaFZmT1k5TnhOdHRvWlBmcnNsQ0tqMS13TllBNmtDWmtIazctQXQ1eFhvOUVCS0ozS2ZSdWZZdTZtdGc3WXBkczE5NW1md0tSY2xTd0hKX2lIZlh4TWtfTzB6Y1VDX3NwazVqc3ZjblHSAeoBQVVfeXFMT3VaeUlsRGRuWll4aUdsaTEzRm9VWllKSm9BNEFBS1YzaEZyWWtzeGEtalBHMU1CNDAyaHp6UzFid01FU21ZNnZHaU1uUU5uWElMSFNQWmxTS3Znd3BpNkZOMERaWW8ycFI2NG0zWlRzSHdBckpEUU1zM25YcVJIODZHb2FzTmxwcW05ZFp4aW56cENmdFM3c0diNTlvczhscjJkenhYYnUtRVpBUHBZVGE5UDVCajAwRVktdWJnaFFXVU1sM0JNdmNsRnV6T0xtR1JCMElJMjFsM1BVOHkzMFU5MV9LR2FWbUp3?oc=5),"El accidente de Córdoba, el cuarto siniestro ferroviario más grave registrado en España Onda Cero",152db78ee47c567e83ff810de3c7b93579a3106c2c89a69eabd8c36bd65a0de9,2026-08-13 17:05:19
269,🟡 Pendiente (Verificar Noticia),2026-08-13,2026-08-13,El Confidencial,"Adamuz, el pueblo de Córdoba que se ha volcado con las víctimas del accidente de tren: así han ayudado los vecinos toda la madrugada - El Confidencial",Montería (Casco Urbano / Sector en investigación),Montería (Casco Urbano / Sector en investigación),,Montería,No especificado,0,0,Baja (Centroide General Montería),8.7508,-75.8814,https://news.google.com/rss/articles/CBMiwgFBVV95cUxQZzhqNUJtMHUzU2hJQkhsMkEwMlA3WnhlRTFjOVM4SnFqWE4yRC1jTExKWG5UUGlrcS1IRlI2eDJsTEx4VnBOS2RIbHlBc256ZjNhV2VfSnRLZUJhWWdqWl81RGFsZy0zM19HU0ljaVZseDVYSzFsRDZ2ekVVTktZaGdEZGpzM25JR19XN1ZaNHQtc0RsVFlEMGlHYVdxNVU0WnVuSXM1b3NCaFdJQThDZ2FUNU9Wa1ZhNVEzV3JxNjJkZw?oc=5,"<a href=""https://news.google.com/rss/articles/CBMiwgFBVV95cUxQZzhqNUJtMHUzU2hJQkhsMkEwMlA3WnhlRTFjOVM4SnFqWE4yRC1jTExKWG5UUGlrcS1IRlI2eDJsTEx4VnBOS2RIbHlBc256ZjNhV2VfSnRLZUJhWWdqWl81RGFsZy0zM19HU0ljaVZseDVYSzFsRDZ2ekVVTktZaGdEZGpzM25JR19XN1ZaNHQtc0RsVFlEMGlHYVdxNVU0WnVuSXM1b3NCaFdJQThDZ2FUNU9Wa1ZhNVEzV3JxNjJkZw?oc=5"" target=""_blank"" class=""btn-link"">🔗 Abrir Noticia</a>",[🔗 Abrir Noticia](https://news.google.com/rss/articles/CBMiwgFBVV95cUxQZzhqNUJtMHUzU2hJQkhsMkEwMlA3WnhlRTFjOVM4SnFqWE4yRC1jTExKWG5UUGlrcS1IRlI2eDJsTEx4VnBOS2RIbHlBc256ZjNhV2VfSnRLZUJhWWdqWl81RGFsZy0zM19HU0ljaVZseDVYSzFsRDZ2ekVVTktZaGdEZGpzM25JR19XN1ZaNHQtc0RsVFlEMGlHYVdxNVU0WnVuSXM1b3NCaFdJQThDZ2FUNU9Wa1ZhNVEzV3JxNjJkZw?oc=5),"Adamuz, el pueblo de Córdoba que se ha volcado con las víctimas del accidente de tren: así han ayudado los vecinos toda la madrugada El Confidencial",9752104a96f07d61fe0032b89b3e69913d1451466cd0f7508ce2e80c75ec981e,2026-08-13 17:05:19
270,🟡 Pendiente (Verificar Noticia),2026-08-13,2026-08-13,antena3.com,"Juanma Moreno (PP) advierte que ascenderá el número de muertos tras el choque de trenes en Adamuz: ""Están - antena3.com",Montería (Casco Urbano / Sector en investigación),Montería (Casco Urbano / Sector en investigación),,Montería,No especificado,1,0,Baja (Centroide General Montería),8.7508,-75.8814,https://news.google.com/rss/articles/CBMioAJBVV95cUxPQTlrOVZJVkdrUEwxcGxSdUV0VHJWX2NjLXZvZHBSNTJERHJWaDJoYWpoRS1leFRrRC05X04wZ0FjUnpXakljTWZPZTJ3MWNqcUZvNE01TkhwTUlNMEVYdE1PYXYxYjNIMll0ZzFILVpmcFJYMk9qRngtYm5GelRmbXpFOVFUeU05T1UyTGdMclQ2S24xdlVNSXRWbDJiVEgtUElvUlVJbjA3RlQ0RXBmSXlac05JWXAwaFliTUp2SnhaSmFiZVZ1TzE5cE40X05ObWJ0ME53V0d0YmU4WHhnOC1fbWxkMkRmWEVRc3NVN29mX3h3TlhRSUdrRWRIUVl0dW5vejFZSk1EbTF4U0U4NzY1ZWlrSElEazhwanlDeXrSAaACQVVfeXFMTVU1TDlnZGJtRDhCd3lwSjNrYW9ncnRVUm83VXhNeUQ0LUJ1eGtUMDVOdjktWHUzcWRIZFhWa2RtU293NzlGbjBwcS1aVFB0dW1xTE5DNVJRRG0yRnRBZHk2eTlWZHQyUy1MUHpVRU9Od1VGeVJPQll4Njcza0FBNnZ0dVpZSl9lZTNGc1VENUYwdTBfUHZyZWV5cUZtQjctR2xRZEhkczVzQkNrQktrcWl1TjFlSVcwSU9hY2xwMFFMM05fRk1MNWxjbURnamZ1SFVVaG9XenEwblphTndOdlRSRjJVOURWTHY5T3VqQjZod2JJd0RTdzRSWnpJLWlaTnZIcDRKdi1UUml5M29BbnFtaFl3YUdyRGphS3VTWVE0?oc=5,"<a href=""https://news.google.com/rss/articles/CBMioAJBVV95cUxPQTlrOVZJVkdrUEwxcGxSdUV0VHJWX2NjLXZvZHBSNTJERHJWaDJoYWpoRS1leFRrRC05X04wZ0FjUnpXakljTWZPZTJ3MWNqcUZvNE01TkhwTUlNMEVYdE1PYXYxYjNIMll0ZzFILVpmcFJYMk9qRngtYm5GelRmbXpFOVFUeU05T1UyTGdMclQ2S24xdlVNSXRWbDJiVEgtUElvUlVJbjA3RlQ0RXBmSXlac05JWXAwaFliTUp2SnhaSmFiZVZ1TzE5cE40X05ObWJ0ME53V0d0YmU4WHhnOC1fbWxkMkRmWEVRc3NVN29mX3h3TlhRSUdrRWRIUVl0dW5vejFZSk1EbTF4U0U4NzY1ZWlrSElEazhwanlDeXrSAaACQVVfeXFMTVU1TDlnZGJtRDhCd3lwSjNrYW9ncnRVUm83VXhNeUQ0LUJ1eGtUMDVOdjktWHUzcWRIZFhWa2RtU293NzlGbjBwcS1aVFB0dW1xTE5DNVJRRG0yRnRBZHk2eTlWZHQyUy1MUHpVRU9Od1VGeVJPQll4Njcza0FBNnZ0dVpZSl9lZTNGc1VENUYwdTBfUHZyZWV5cUZtQjctR2xRZEhkczVzQkNrQktrcWl1TjFlSVcwSU9hY2xwMFFMM05fRk1MNWxjbURnamZ1SFVVaG9XenEwblphTndOdlRSRjJVOURWTHY5T3VqQjZod2JJd0RTdzRSWnpJLWlaTnZIcDRKdi1UUml5M29BbnFtaFl3YUdyRGphS3VTWVE0?oc=5"" target=""_blank"" class=""btn-link"">🔗 Abrir Noticia</a>",[🔗 Abrir Noticia](https://news.google.com/rss/articles/CBMioAJBVV95cUxPQTlrOVZJVkdrUEwxcGxSdUV0VHJWX2NjLXZvZHBSNTJERHJWaDJoYWpoRS1leFRrRC05X04wZ0FjUnpXakljTWZPZTJ3MWNqcUZvNE01TkhwTUlNMEVYdE1PYXYxYjNIMll0ZzFILVpmcFJYMk9qRngtYm5GelRmbXpFOVFUeU05T1UyTGdMclQ2S24xdlVNSXRWbDJiVEgtUElvUlVJbjA3RlQ0RXBmSXlac05JWXAwaFliTUp2SnhaSmFiZVZ1TzE5cE40X05ObWJ0ME53V0d0YmU4WHhnOC1fbWxkMkRmWEVRc3NVN29mX3h3TlhRSUdrRWRIUVl0dW5vejFZSk1EbTF4U0U4NzY1ZWlrSElEazhwanlDeXrSAaACQVVfeXFMTVU1TDlnZGJtRDhCd3lwSjNrYW9ncnRVUm83VXhNeUQ0LUJ1eGtUMDVOdjktWHUzcWRIZFhWa2RtU293NzlGbjBwcS1aVFB0dW1xTE5DNVJRRG0yRnRBZHk2eTlWZHQyUy1MUHpVRU9Od1VGeVJPQll4Njcza0FBNnZ0dVpZSl9lZTNGc1VENUYwdTBfUHZyZWV5cUZtQjctR2xRZEhkczVzQkNrQktrcWl1TjFlSVcwSU9hY2xwMFFMM05fRk1MNWxjbURnamZ1SFVVaG9XenEwblphTndOdlRSRjJVOURWTHY5T3VqQjZod2JJd0RTdzRSWnpJLWlaTnZIcDRKdi1UUml5M29BbnFtaFl3YUdyRGphS3VTWVE0?oc=5),"Juanma Moreno (PP) advierte que ascenderá el número de muertos tras el choque de trenes en Adamuz: ""Están antena3.com",a947f8713b6fda03dc4a282399f858972a2749d582eeaa1e64bc3da2095e757a,2026-08-13 17:05:19
271,🟡 Pendiente (Verificar Noticia),2026-08-13,2026-08-13,Infobae,Accidente en Chubut: una mujer fue atropellada por su propio auto tras un descuido - Infobae,Montería (Casco Urbano / Sector en investigación),Montería (Casco Urbano / Sector en investigación),,Montería,No especificado,0,0,Baja (Centroide General Montería),8.7508,-75.8814,https://news.google.com/rss/articles/CBMixAFBVV95cUxNamc0bUt5YjhaV3dLaVBST1BEVzBzVlpTaER1ZEJVbHNpbnI5d21sTy10azlkbnJrMnZJLVRuZ2R6Zi1xZnVtdUxkSVhiRlBJTk9PQjZYbUxDQ2Q2Z0lZc19MaDhhMEZUTDk4U0cxSnI4d2pNWVE4eDNKTXFNclhkTVdReFByakpHMHBKb2x5WnpYb0EtcGl2emlZcE9HSUVSNWl3T1YzX0tuQzN1VkdVVjl0cFRVSVNnTkFxUURscVhuYTVM0gHfAUFVX3lxTE42c1BOM2d5RnpEck5Sc3V2RWczRjU0ZGRZalk4SGMwSHFlbHI3MGU4V2QwM2VfRDNFb3YzNG56WWhtVVRJRWtvLTRmaklnWi1GRzRCQ1Ezdk94ZkZRZVAyOE5aX0hQa2ZtUEdrUGZMaTl2T0RleGVPUkdmenZuMGhzeXZVaWpjTmlNOFo2clc3ZHY3ZkRnM3FtOXVKUmh1bFh2M1VLMkluNGRoVUxwaFljbktTY1ZfNzdpNVpHeFRjR3ZrS2RWRzB6d3BDT2lLVU9VVUdtNjVFR2hfZmJySFE?oc=5,"<a href=""https://news.google.com/rss/articles/CBMixAFBVV95cUxNamc0bUt5YjhaV3dLaVBST1BEVzBzVlpTaER1ZEJVbHNpbnI5d21sTy10azlkbnJrMnZJLVRuZ2R6Zi1xZnVtdUxkSVhiRlBJTk9PQjZYbUxDQ2Q2Z0lZc19MaDhhMEZUTDk4U0cxSnI4d2pNWVE4eDNKTXFNclhkTVdReFByakpHMHBKb2x5WnpYb0EtcGl2emlZcE9HSUVSNWl3T1YzX0tuQzN1VkdVVjl0cFRVSVNnTkFxUURscVhuYTVM0gHfAUFVX3lxTE42c1BOM2d5RnpEck5Sc3V2RWczRjU0ZGRZalk4SGMwSHFlbHI3MGU4V2QwM2VfRDNFb3YzNG56WWhtVVRJRWtvLTRmaklnWi1GRzRCQ1Ezdk94ZkZRZVAyOE5aX0hQa2ZtUEdrUGZMaTl2T0RleGVPUkdmenZuMGhzeXZVaWpjTmlNOFo2clc3ZHY3ZkRnM3FtOXVKUmh1bFh2M1VLMkluNGRoVUxwaFljbktTY1ZfNzdpNVpHeFRjR3ZrS2RWRzB6d3BDT2lLVU9VVUdtNjVFR2hfZmJySFE?oc=5"" target=""_blank"" class=""btn-link"">🔗 Abrir Noticia</a>",[🔗 Abrir Noticia](https://news.google.com/rss/articles/CBMixAFBVV95cUxNamc0bUt5YjhaV3dLaVBST1BEVzBzVlpTaER1ZEJVbHNpbnI5d21sTy10azlkbnJrMnZJLVRuZ2R6Zi1xZnVtdUxkSVhiRlBJTk9PQjZYbUxDQ2Q2Z0lZc19MaDhhMEZUTDk4U0cxSnI4d2pNWVE4eDNKTXFNclhkTVdReFByakpHMHBKb2x5WnpYb0EtcGl2emlZcE9HSUVSNWl3T1YzX0tuQzN1VkdVVjl0cFRVSVNnTkFxUURscVhuYTVM0gHfAUFVX3lxTE42c1BOM2d5RnpEck5Sc3V2RWczRjU0ZGRZalk4SGMwSHFlbHI3MGU4V2QwM2VfRDNFb3YzNG56WWhtVVRJRWtvLTRmaklnWi1GRzRCQ1Ezdk94ZkZRZVAyOE5aX0hQa2ZtUEdrUGZMaTl2T0RleGVPUkdmenZuMGhzeXZVaWpjTmlNOFo2clc3ZHY3ZkRnM3FtOXVKUmh1bFh2M1VLMkluNGRoVUxwaFljbktTY1ZfNzdpNVpHeFRjR3ZrS2RWRzB6d3BDT2lLVU9VVUdtNjVFR2hfZmJySFE?oc=5),Accidente en Chubut: una mujer fue atropellada por su propio auto tras un descuido Infobae,30a90f3886e6e3ab61a7a529a3e702e6d003cb4d0405fd83c8885fd7f1a89163,2026-08-13 17:05:19
272,🟡 Pendiente (Verificar Noticia),2026-08-13,2026-08-13,La Vanguardia,La Guardia Civil distribuye imágenes del trágico accidente de trenes en Adamuz (Córdoba) - La Vanguardia,Montería (Casco Urbano / Sector en investigación),Montería (Casco Urbano / Sector en investigación),,Montería,No especificado,0,0,Baja (Centroide General Montería),8.7508,-75.8814,https://news.google.com/rss/articles/CBMiywFBVV95cUxNNDB4VjlWV2dES2JpV2MyNjJVdzRqM3FZUkltWm13VDJWZnRXaFdIR3dsWVpvQ3lzZ2xzdGZ6TElKY28zczlKcWx0Y2dXbVcxVzVEdkJBTVRGSHEyMHpIam1JcTFDeVJVRk8yOVZNMlYxanc3Y3EtZi1wRFRpRWxHWHhublFPd2hRTTUxeExRSlljNmRiRklBVlE0OWt6NzRvbzdmSzZjUDRRVE90WGc2eUxZYWZsSmtRMHM3ZmowUmRSQ2Ixd3pMaDZRNNIB0AFBVV95cUxNQXQ4VWxuYXhBVXk1aFk0WkFXblFGR2pJSmk2VUhleWZ5UVJxNFhsaVp4a181TVBlaHIxWC1EdFIwSUstOGpyNWNLYVNBZkRmTjI5RkFTd3Fvc1hSRXduTWRtTHFOWDhnUmtidjg1X3pvS0dGb0RvbC1xT3BMYkl6WGIxZzdmTFBKRy1sel96VjlTbFJNLTNJWEVwSGxNMTFXTXR4SEE0ZFdQd3hnUkZ1VWpLMVFxS1lYOXFidkJQelQ0cGpOOC1kOG84Q1dmOWhx?oc=5,"<a href=""https://news.google.com/rss/articles/CBMiywFBVV95cUxNNDB4VjlWV2dES2JpV2MyNjJVdzRqM3FZUkltWm13VDJWZnRXaFdIR3dsWVpvQ3lzZ2xzdGZ6TElKY28zczlKcWx0Y2dXbVcxVzVEdkJBTVRGSHEyMHpIam1JcTFDeVJVRk8yOVZNMlYxanc3Y3EtZi1wRFRpRWxHWHhublFPd2hRTTUxeExRSlljNmRiRklBVlE0OWt6NzRvbzdmSzZjUDRRVE90WGc2eUxZYWZsSmtRMHM3ZmowUmRSQ2Ixd3pMaDZRNNIB0AFBVV95cUxNQXQ4VWxuYXhBVXk1aFk0WkFXblFGR2pJSmk2VUhleWZ5UVJxNFhsaVp4a181TVBlaHIxWC1EdFIwSUstOGpyNWNLYVNBZkRmTjI5RkFTd3Fvc1hSRXduTWRtTHFOWDhnUmtidjg1X3pvS0dGb0RvbC1xT3BMYkl6WGIxZzdmTFBKRy1sel96VjlTbFJNLTNJWEVwSGxNMTFXTXR4SEE0ZFdQd3hnUkZ1VWpLMVFxS1lYOXFidkJQelQ0cGpOOC1kOG84Q1dmOWhx?oc=5"" target=""_blank"" class=""btn-link"">🔗 Abrir Noticia</a>",[🔗 Abrir Noticia](https://news.google.com/rss/articles/CBMiywFBVV95cUxNNDB4VjlWV2dES2JpV2MyNjJVdzRqM3FZUkltWm13VDJWZnRXaFdIR3dsWVpvQ3lzZ2xzdGZ6TElKY28zczlKcWx0Y2dXbVcxVzVEdkJBTVRGSHEyMHpIam1JcTFDeVJVRk8yOVZNMlYxanc3Y3EtZi1wRFRpRWxHWHhublFPd2hRTTUxeExRSlljNmRiRklBVlE0OWt6NzRvbzdmSzZjUDRRVE90WGc2eUxZYWZsSmtRMHM3ZmowUmRSQ2Ixd3pMaDZRNNIB0AFBVV95cUxNQXQ4VWxuYXhBVXk1aFk0WkFXblFGR2pJSmk2VUhleWZ5UVJxNFhsaVp4a181TVBlaHIxWC1EdFIwSUstOGpyNWNLYVNBZkRmTjI5RkFTd3Fvc1hSRXduTWRtTHFOWDhnUmtidjg1X3pvS0dGb0RvbC1xT3BMYkl6WGIxZzdmTFBKRy1sel96VjlTbFJNLTNJWEVwSGxNMTFXTXR4SEE0ZFdQd3hnUkZ1VWpLMVFxS1lYOXFidkJQelQ0cGpOOC1kOG84Q1dmOWhx?oc=5),La Guardia Civil distribuye imágenes del trágico accidente de trenes en Adamuz (Córdoba) La Vanguardia,23314f89e00007d309d324c29a92ac56df215371627aba9bba4da7f6fec59269,2026-08-13 17:05:19
273,🟡 Pendiente (Verificar Noticia),2026-08-13,2026-08-13,Infobae,Fin de semana trágico en Córdoba: tres personas murieron en dos siniestros viales - Infobae,Montería (Casco Urbano / Sector en investigación),Montería (Casco Urbano / Sector en investigación),,Montería,No especificado,1,0,Baja (Centroide General Montería),8.7508,-75.8814,https://news.google.com/rss/articles/CBMiwwFBVV95cUxOdFllTXNzVkZMYVUxOF9ob3lhNXEwTE1IVUJTRUIxbnJpRjljWGVnNWs5M1pyNzdSTHBDdFl5N2VkcFNHcklRSEVfOHRmd0tpeWRtWHQ5RGN4TkV6aDNQQUZVd1p1NmRkQkptUkNIZGs0RDFLdjM4dHMzbk5CUGxPOUxBalNvMnpoY2stdlFOZ1NsT0RrOG1pa1ljbmN6blhXRExSLTVaaHpfcUFFOXdiSk9OMlJwdjdtZDVvZFEydzJSSEnSAd4BQVVfeXFMTU9jcTJtTElRRDlwOG9oVjJSN0pwazZuYUx0ZzQxbmVFSXFGaV9ISXJJRUdtTVUwUlZNYVJweENXSUZkbXEtR1A4WnNtUzRUWFVEOGVpVjBrMy11Y1RsMHBDZU1SbEVNUTk3aUtBM2l4RDZvNFBsdTV5WVU3UllfWVZHWFEyeV9GOGU1UVZ2Tm1tZkdQaXdOcHJieEFMQUxrWWozd2ZXZWxCUEdjWmczMzFxXy1tLWJIOU8yaFJYVkFJYUVaN0dwNHdTZUR0MENMQXFaUU9YREk1WnhibDVR?oc=5,"<a href=""https://news.google.com/rss/articles/CBMiwwFBVV95cUxOdFllTXNzVkZMYVUxOF9ob3lhNXEwTE1IVUJTRUIxbnJpRjljWGVnNWs5M1pyNzdSTHBDdFl5N2VkcFNHcklRSEVfOHRmd0tpeWRtWHQ5RGN4TkV6aDNQQUZVd1p1NmRkQkptUkNIZGs0RDFLdjM4dHMzbk5CUGxPOUxBalNvMnpoY2stdlFOZ1NsT0RrOG1pa1ljbmN6blhXRExSLTVaaHpfcUFFOXdiSk9OMlJwdjdtZDVvZFEydzJSSEnSAd4BQVVfeXFMTU9jcTJtTElRRDlwOG9oVjJSN0pwazZuYUx0ZzQxbmVFSXFGaV9ISXJJRUdtTVUwUlZNYVJweENXSUZkbXEtR1A4WnNtUzRUWFVEOGVpVjBrMy11Y1RsMHBDZU1SbEVNUTk3aUtBM2l4RDZvNFBsdTV5WVU3UllfWVZHWFEyeV9GOGU1UVZ2Tm1tZkdQaXdOcHJieEFMQUxrWWozd2ZXZWxCUEdjWmczMzFxXy1tLWJIOU8yaFJYVkFJYUVaN0dwNHdTZUR0MENMQXFaUU9YREk1WnhibDVR?oc=5"" target=""_blank"" class=""btn-link"">🔗 Abrir Noticia</a>",[🔗 Abrir Noticia](https://news.google.com/rss/articles/CBMiwwFBVV95cUxOdFllTXNzVkZMYVUxOF9ob3lhNXEwTE1IVUJTRUIxbnJpRjljWGVnNWs5M1pyNzdSTHBDdFl5N2VkcFNHcklRSEVfOHRmd0tpeWRtWHQ5RGN4TkV6aDNQQUZVd1p1NmRkQkptUkNIZGs0RDFLdjM4dHMzbk5CUGxPOUxBalNvMnpoY2stdlFOZ1NsT0RrOG1pa1ljbmN6blhXRExSLTVaaHpfcUFFOXdiSk9OMlJwdjdtZDVvZFEydzJSSEnSAd4BQVVfeXFMTU9jcTJtTElRRDlwOG9oVjJSN0pwazZuYUx0ZzQxbmVFSXFGaV9ISXJJRUdtTVUwUlZNYVJweENXSUZkbXEtR1A4WnNtUzRUWFVEOGVpVjBrMy11Y1RsMHBDZU1SbEVNUTk3aUtBM2l4RDZvNFBsdTV5WVU3UllfWVZHWFEyeV9GOGU1UVZ2Tm1tZkdQaXdOcHJieEFMQUxrWWozd2ZXZWxCUEdjWmczMzFxXy1tLWJIOU8yaFJYVkFJYUVaN0dwNHdTZUR0MENMQXFaUU9YREk1WnhibDVR?oc=5),Fin de semana trágico en Córdoba: tres personas murieron en dos siniestros viales Infobae,f0bf1fc8a070e3b6fa5eedd74e1707ed3f405c83f97c661b105ccd02fc1956af,2026-08-13 17:05:19
274,🟡 Pendiente (Verificar Noticia),2026-08-13,2026-08-13,Infobae,"Un joven perdió el control del auto, volcó y murió en Córdoba: investigan si estaba corriendo picadas - Infobae",Montería (Casco Urbano / Sector en investigación),Montería (Casco Urbano / Sector en investigación),,Montería,No especificado,1,0,Baja (Centroide General Montería),8.7508,-75.8814,https://news.google.com/rss/articles/CBMi3AFBVV95cUxPZm1UOHVRQldwYUFsZU1PbGg5TGMzaVFuSUctVXdNN1BPS1hQWjE3MWUxald3c2NwekttLUhqcGFTME5iajBDRnpScFU5eTZuSzlEUDR4YTRHRlpNdThsczIwMmVwcXNLcjloTXpHTHExS3h4Q1NFVmFXZVZxVjV0eWRtXzlVSWlkUDE4VFhPV0YySWhvbDA1c21JRVJSazRyd3lHTllnVS16eEVUS3pRTF9Uc2VrQlV2LXREX1hzVGUxZWo0ckZ6UzI0Q096TWxwN0lWM1BhaGhsMFpG0gH3AUFVX3lxTE92TC1ydG44ci1HTWdQQkRQeWYzV1dwNGNLZDk0SnljX2UtQnBnZEJHQnppaS1PM3hOMS1wYVZwUEVfendZNlF5UGltUXFRaGF0OWM0b1JSeVpjSEluZnhTVkJveGs5blhCbTJVSTVJcnNxRjJyVjBBNGJjVUpieHkyZTg4dW9JaENCNzhaamFpRXFFY1VSdU1WNnYwbHZ2eUhhRUF4WXg5VmRNVE8zTkFNQjRxZHlYWGY4aWZoMGpYbXVkZEJiY0Y3c2JVSWtaVlktUlVDSktBQmhJYjVKSkRnVEM1RHY5V2xhS3hDaHphcVotR19XUzQ?oc=5,"<a href=""https://news.google.com/rss/articles/CBMi3AFBVV95cUxPZm1UOHVRQldwYUFsZU1PbGg5TGMzaVFuSUctVXdNN1BPS1hQWjE3MWUxald3c2NwekttLUhqcGFTME5iajBDRnpScFU5eTZuSzlEUDR4YTRHRlpNdThsczIwMmVwcXNLcjloTXpHTHExS3h4Q1NFVmFXZVZxVjV0eWRtXzlVSWlkUDE4VFhPV0YySWhvbDA1c21JRVJSazRyd3lHTllnVS16eEVUS3pRTF9Uc2VrQlV2LXREX1hzVGUxZWo0ckZ6UzI0Q096TWxwN0lWM1BhaGhsMFpG0gH3AUFVX3lxTE92TC1ydG44ci1HTWdQQkRQeWYzV1dwNGNLZDk0SnljX2UtQnBnZEJHQnppaS1PM3hOMS1wYVZwUEVfendZNlF5UGltUXFRaGF0OWM0b1JSeVpjSEluZnhTVkJveGs5blhCbTJVSTVJcnNxRjJyVjBBNGJjVUpieHkyZTg4dW9JaENCNzhaamFpRXFFY1VSdU1WNnYwbHZ2eUhhRUF4WXg5VmRNVE8zTkFNQjRxZHlYWGY4aWZoMGpYbXVkZEJiY0Y3c2JVSWtaVlktUlVDSktBQmhJYjVKSkRnVEM1RHY5V2xhS3hDaHphcVotR19XUzQ?oc=5"" target=""_blank"" class=""btn-link"">🔗 Abrir Noticia</a>",[🔗 Abrir Noticia](https://news.google.com/rss/articles/CBMi3AFBVV95cUxPZm1UOHVRQldwYUFsZU1PbGg5TGMzaVFuSUctVXdNN1BPS1hQWjE3MWUxald3c2NwekttLUhqcGFTME5iajBDRnpScFU5eTZuSzlEUDR4YTRHRlpNdThsczIwMmVwcXNLcjloTXpHTHExS3h4Q1NFVmFXZVZxVjV0eWRtXzlVSWlkUDE4VFhPV0YySWhvbDA1c21JRVJSazRyd3lHTllnVS16eEVUS3pRTF9Uc2VrQlV2LXREX1hzVGUxZWo0ckZ6UzI0Q096TWxwN0lWM1BhaGhsMFpG0gH3AUFVX3lxTE92TC1ydG44ci1HTWdQQkRQeWYzV1dwNGNLZDk0SnljX2UtQnBnZEJHQnppaS1PM3hOMS1wYVZwUEVfendZNlF5UGltUXFRaGF0OWM0b1JSeVpjSEluZnhTVkJveGs5blhCbTJVSTVJcnNxRjJyVjBBNGJjVUpieHkyZTg4dW9JaENCNzhaamFpRXFFY1VSdU1WNnYwbHZ2eUhhRUF4WXg5VmRNVE8zTkFNQjRxZHlYWGY4aWZoMGpYbXVkZEJiY0Y3c2JVSWtaVlktUlVDSktBQmhJYjVKSkRnVEM1RHY5V2xhS3hDaHphcVotR19XUzQ?oc=5),"Un joven perdió el control del auto, volcó y murió en Córdoba: investigan si estaba corriendo picadas Infobae",7ab0b5a969e19f9740b92d978f563e32d84b5b5798c8c9d2b8d2f4ea4dfb8d72,2026-08-13 17:05:19
275,🟡 Pendiente (Verificar Noticia),2026-08-13,2026-08-13,TN,Tragedia en Córdoba: un hombre murió aplastado por su auto mientras lo arreglaba en su casa - TN,Montería (Casco Urbano / Sector en investigación),Montería (Casco Urbano / Sector en investigación),,Montería,No especificado,1,0,Baja (Centroide General Montería),8.7508,-75.8814,https://news.google.com/rss/articles/CBMiyAFBVV95cUxOU1J1Vy1sU0ZFNjZCQUhLRVB2UTFETUt3RGlWOHNhMmxIbHVmNTdZelhHUW41TGdvNUFJbmJoaFIwVWVHMElOQ19IT05vYml3d2hsS28tMUZvamJkWTJPMnFzcVZUS3ppcjdTLXVSQ241OFBYdC1UVkFlZ1FnTUJzUzhlVXBZQkhwdXFsYnZkZ2NtYWZWdzl5ZGkybmgxYUFvdm91OEgtdEVjVk5VSldaS2pnUkZYTTZLSUotcTAtampiWG9DQ0N3OdIB3AFBVV95cUxOLXdEVkdiVU1rLUFINzNtUVQ5eW5nbk8ybFlIN2J5VEk1SHZCT3Z4RWFXbmxTQm9mUF9DZ2xuQ3VmeElxTDZOQU9leklDcTZaWld5V0RneVQ1YXhNVmNrMk1mQTdFWU9adlprOUQ0d1VvbGpqRGpmUG5XZUlla1ZQRDBCemptaERrOWpZUjY2VHhZTEhBbzY1aGh4QlN6MEZpMmtodGtHbHctTUtPMG1DNDNpcEpQMHU5a0Faal9LWlJEV0pYMEVBUUpCRVZhdi1zRVhDd3Q2TTJsMzha?oc=5,"<a href=""https://news.google.com/rss/articles/CBMiyAFBVV95cUxOU1J1Vy1sU0ZFNjZCQUhLRVB2UTFETUt3RGlWOHNhMmxIbHVmNTdZelhHUW41TGdvNUFJbmJoaFIwVWVHMElOQ19IT05vYml3d2hsS28tMUZvamJkWTJPMnFzcVZUS3ppcjdTLXVSQ241OFBYdC1UVkFlZ1FnTUJzUzhlVXBZQkhwdXFsYnZkZ2NtYWZWdzl5ZGkybmgxYUFvdm91OEgtdEVjVk5VSldaS2pnUkZYTTZLSUotcTAtampiWG9DQ0N3OdIB3AFBVV95cUxOLXdEVkdiVU1rLUFINzNtUVQ5eW5nbk8ybFlIN2J5VEk1SHZCT3Z4RWFXbmxTQm9mUF9DZ2xuQ3VmeElxTDZOQU9leklDcTZaWld5V0RneVQ1YXhNVmNrMk1mQTdFWU9adlprOUQ0d1VvbGpqRGpmUG5XZUlla1ZQRDBCemptaERrOWpZUjY2VHhZTEhBbzY1aGh4QlN6MEZpMmtodGtHbHctTUtPMG1DNDNpcEpQMHU5a0Faal9LWlJEV0pYMEVBUUpCRVZhdi1zRVhDd3Q2TTJsMzha?oc=5"" target=""_blank"" class=""btn-link"">🔗 Abrir Noticia</a>",[🔗 Abrir Noticia](https://news.google.com/rss/articles/CBMiyAFBVV95cUxOU1J1Vy1sU0ZFNjZCQUhLRVB2UTFETUt3RGlWOHNhMmxIbHVmNTdZelhHUW41TGdvNUFJbmJoaFIwVWVHMElOQ19IT05vYml3d2hsS28tMUZvamJkWTJPMnFzcVZUS3ppcjdTLXVSQ241OFBYdC1UVkFlZ1FnTUJzUzhlVXBZQkhwdXFsYnZkZ2NtYWZWdzl5ZGkybmgxYUFvdm91OEgtdEVjVk5VSldaS2pnUkZYTTZLSUotcTAtampiWG9DQ0N3OdIB3AFBVV95cUxOLXdEVkdiVU1rLUFINzNtUVQ5eW5nbk8ybFlIN2J5VEk1SHZCT3Z4RWFXbmxTQm9mUF9DZ2xuQ3VmeElxTDZOQU9leklDcTZaWld5V0RneVQ1YXhNVmNrMk1mQTdFWU9adlprOUQ0d1VvbGpqRGpmUG5XZUlla1ZQRDBCemptaERrOWpZUjY2VHhZTEhBbzY1aGh4QlN6MEZpMmtodGtHbHctTUtPMG1DNDNpcEpQMHU5a0Faal9LWlJEV0pYMEVBUUpCRVZhdi1zRVhDd3Q2TTJsMzha?oc=5),Tragedia en Córdoba: un hombre murió aplastado por su auto mientras lo arreglaba en su casa TN,a63f70b8dc47761fddfdf44a449f787d20ef788a713d67737da2b2faefe035f4,2026-08-13 17:05:19
276,🟡 Pendiente (Verificar Noticia),2026-08-13,2026-08-13,Cba24n,Tragedia en el interior de Córdoba: un hombre perdió la vida al ser embestido por su camión - Cba24n,Montería (Casco Urbano / Sector en investigación),Montería (Casco Urbano / Sector en investigación),,Montería,Camión / Carga,1,0,Baja (Centroide General Montería),8.7508,-75.8814,https://news.google.com/rss/articles/CBMi5gFBVV95cUxOZTFVdU01ZDRsbzYxSUJkVlppSENfamtIaDY4SFVjd0tDcVBJaG14WTlZcnliNUk0RnZZQWl1Mzd2aWV0c3R4aGZyd0stS2hpRzd1czV0eGdnTExZdmtHWHFRZmJyN1lSbWRQbnNCSWZPZi1zeE41Si1GV0ZRQ21ySTRnWGJmN0o3M2daSm5tRFg0UnctUlY1T0NaX0s4LXU2c1I2cDZSaXVRRnk5ODZ2YmZsNW5IdHllTkZXa0NFU2JGUFJJa1g4TGwzX3VrLXFROWl0WjI5WUxGMktWazE3aXhXODdQdw?oc=5,"<a href=""https://news.google.com/rss/articles/CBMi5gFBVV95cUxOZTFVdU01ZDRsbzYxSUJkVlppSENfamtIaDY4SFVjd0tDcVBJaG14WTlZcnliNUk0RnZZQWl1Mzd2aWV0c3R4aGZyd0stS2hpRzd1czV0eGdnTExZdmtHWHFRZmJyN1lSbWRQbnNCSWZPZi1zeE41Si1GV0ZRQ21ySTRnWGJmN0o3M2daSm5tRFg0UnctUlY1T0NaX0s4LXU2c1I2cDZSaXVRRnk5ODZ2YmZsNW5IdHllTkZXa0NFU2JGUFJJa1g4TGwzX3VrLXFROWl0WjI5WUxGMktWazE3aXhXODdQdw?oc=5"" target=""_blank"" class=""btn-link"">🔗 Abrir Noticia</a>",[🔗 Abrir Noticia](https://news.google.com/rss/articles/CBMi5gFBVV95cUxOZTFVdU01ZDRsbzYxSUJkVlppSENfamtIaDY4SFVjd0tDcVBJaG14WTlZcnliNUk0RnZZQWl1Mzd2aWV0c3R4aGZyd0stS2hpRzd1czV0eGdnTExZdmtHWHFRZmJyN1lSbWRQbnNCSWZPZi1zeE41Si1GV0ZRQ21ySTRnWGJmN0o3M2daSm5tRFg0UnctUlY1T0NaX0s4LXU2c1I2cDZSaXVRRnk5ODZ2YmZsNW5IdHllTkZXa0NFU2JGUFJJa1g4TGwzX3VrLXFROWl0WjI5WUxGMktWazE3aXhXODdQdw?oc=5),Tragedia en el interior de Córdoba: un hombre perdió la vida al ser embestido por su camión Cba24n,6d93a07fc2d87f394ca96ff7e753181b9157d67f7eef8a3b054b9f95e16adb24,2026-08-13 17:05:19
277,🟡 Pendiente (Verificar Noticia),2026-08-13,2026-08-13,Infobae,Córdoba: cómo siguen los jóvenes internados tras el trágico choque contra un árbol que se cobró dos víctimas - Infobae,Montería (Casco Urbano / Sector en investigación),Montería (Casco Urbano / Sector en investigación),,Montería,No especificado,0,0,Baja (Centroide General Montería),8.7508,-75.8814,https://news.google.com/rss/articles/CBMi5wFBVV95cUxNV19lNEtZVnlTWFA2WW9lZE5mRlRhX29UZkVYbjBwQTRuWF91OTVBR1BNVjFkTjducl9KVjBkSFBkS1hIOGlucEFhQ3VxcDhNbWJFNG9neU5pczB5UzRzMFlEWTNUcFcyamNKUDVxZXo3TGVsNGFCcHp4Vl95UlpoUnFES2h5QjBNWFVESlhQYU9ld3JjaXJtc3l4X1poOENtV2RmNGRIZ1J2bXRlSU5YUjVleVN5TlE3cVM3WkpOSGgzSjdXek1QNGdDWlNFNGRMYW00R1RTaEE5S0lFTG53VElJRmVQQkXSAYICQVVfeXFMUDZ6ZDN6dU1JdERGVUNRMGp1ZWs0cS1IWXVnTDljSE8tZTh0YVJNU1Q3aTgtYURFTXg2TkE2Smpia3JmYUlZQ2RqMW1kaDZMZzdLQnlyeVVxb1duZUc4cU0zSTE5YXhwWVpIM0RxeFNiUHdWWFAyZkdwa3I3WDdLUVI5UkIzUk9hSEg5cTZ6dXNTeXNFTDdoSnM2OXJON2JDQjQwbERFZlhuaVI1VXBreFBTOHJrQi03NTR0SWpPWGRSVXpZU1lCWHFCVXdWZk11Smo2blJTTTJPcWFWaXY4eFFtc3VrcFFucFpnSGN2R2RTb2lFdkhwX0IyRFg0bDNJdjRR?oc=5,"<a href=""https://news.google.com/rss/articles/CBMi5wFBVV95cUxNV19lNEtZVnlTWFA2WW9lZE5mRlRhX29UZkVYbjBwQTRuWF91OTVBR1BNVjFkTjducl9KVjBkSFBkS1hIOGlucEFhQ3VxcDhNbWJFNG9neU5pczB5UzRzMFlEWTNUcFcyamNKUDVxZXo3TGVsNGFCcHp4Vl95UlpoUnFES2h5QjBNWFVESlhQYU9ld3JjaXJtc3l4X1poOENtV2RmNGRIZ1J2bXRlSU5YUjVleVN5TlE3cVM3WkpOSGgzSjdXek1QNGdDWlNFNGRMYW00R1RTaEE5S0lFTG53VElJRmVQQkXSAYICQVVfeXFMUDZ6ZDN6dU1JdERGVUNRMGp1ZWs0cS1IWXVnTDljSE8tZTh0YVJNU1Q3aTgtYURFTXg2TkE2Smpia3JmYUlZQ2RqMW1kaDZMZzdLQnlyeVVxb1duZUc4cU0zSTE5YXhwWVpIM0RxeFNiUHdWWFAyZkdwa3I3WDdLUVI5UkIzUk9hSEg5cTZ6dXNTeXNFTDdoSnM2OXJON2JDQjQwbERFZlhuaVI1VXBreFBTOHJrQi03NTR0SWpPWGRSVXpZU1lCWHFCVXdWZk11Smo2blJTTTJPcWFWaXY4eFFtc3VrcFFucFpnSGN2R2RTb2lFdkhwX0IyRFg0bDNJdjRR?oc=5"" target=""_blank"" class=""btn-link"">🔗 Abrir Noticia</a>",[🔗 Abrir Noticia](https://news.google.com/rss/articles/CBMi5wFBVV95cUxNV19lNEtZVnlTWFA2WW9lZE5mRlRhX29UZkVYbjBwQTRuWF91OTVBR1BNVjFkTjducl9KVjBkSFBkS1hIOGlucEFhQ3VxcDhNbWJFNG9neU5pczB5UzRzMFlEWTNUcFcyamNKUDVxZXo3TGVsNGFCcHp4Vl95UlpoUnFES2h5QjBNWFVESlhQYU9ld3JjaXJtc3l4X1poOENtV2RmNGRIZ1J2bXRlSU5YUjVleVN5TlE3cVM3WkpOSGgzSjdXek1QNGdDWlNFNGRMYW00R1RTaEE5S0lFTG53VElJRmVQQkXSAYICQVVfeXFMUDZ6ZDN6dU1JdERGVUNRMGp1ZWs0cS1IWXVnTDljSE8tZTh0YVJNU1Q3aTgtYURFTXg2TkE2Smpia3JmYUlZQ2RqMW1kaDZMZzdLQnlyeVVxb1duZUc4cU0zSTE5YXhwWVpIM0RxeFNiUHdWWFAyZkdwa3I3WDdLUVI5UkIzUk9hSEg5cTZ6dXNTeXNFTDdoSnM2OXJON2JDQjQwbERFZlhuaVI1VXBreFBTOHJrQi03NTR0SWpPWGRSVXpZU1lCWHFCVXdWZk11Smo2blJTTTJPcWFWaXY4eFFtc3VrcFFucFpnSGN2R2RTb2lFdkhwX0IyRFg0bDNJdjRR?oc=5),Córdoba: cómo siguen los jóvenes internados tras el trágico choque contra un árbol que se cobró dos víctimas Infobae,27a5775cc2d95918dc1db379c0c8175e78eb6fd43d9692f4378cb53449a00a2e,2026-08-13 17:05:19
278,🟡 Pendiente (Verificar Noticia),2026-08-13,2026-08-13,COPE,Muere un motorista en un accidente de tráfico en Montoro al salirse de la vía - COPE,Montería (Casco Urbano / Sector en investigación),Montería (Casco Urbano / Sector en investigación),,Montería,No especificado,0,0,Baja (Centroide General Montería),8.7508,-75.8814,https://news.google.com/rss/articles/CBMi3gFBVV95cUxQTWo4NEIyUl84UnlyeVVaSGhDV1RLT1M3ZHd3aTh6OTZiQ2tqYVhWY05MU296V19JQUVtN1c3cFFiRVlBTTl4emxuQ1pSWlJzYkdSWk1CemdneWxSXzBMRVhUellvNjlta0RrdGk3TW1sb0lvRC1fR0N1cEtKeDFPQzBjOWV6dzlzeEJEcUd5TzFHX2hMZHN5ZTU5OWhHaWo3bkxFSGNOd2FfcXNPTWZiZHRxRkkyY3J5eFVUSTU0OUVJejFsUHNKYThwdmVQaGlqcC1rUGNCbmZkYkM0elHSAeMBQVVfeXFMUF93S3NXVzRoZkpmMDVmRU1KbC1Dc0E1Rm9uMlpRT2dENy1xdGctZnRfajVFQTk0OVdWc3Nqb1pRMURFNmd1ejdfOWZFTXdpZWN2cTZnLU95RGlmQVFjMThHbjBoVDB0SlVHR3h6b1hSdDduNFhZY2pqdXZkbmNRQmdtMWlFNlFFTG9kSms3cVVfTTU3U2hIX3NrOXViZ18tbkQ1a1RKdUxvZFdZNGtjbGJ3UkZVeEJXdGpJOE9fb01sMkRaX1Jva1NvWU0wVnlpOU4weTRDUnFUUWdXSnBkdVpjT3M?oc=5,"<a href=""https://news.google.com/rss/articles/CBMi3gFBVV95cUxQTWo4NEIyUl84UnlyeVVaSGhDV1RLT1M3ZHd3aTh6OTZiQ2tqYVhWY05MU296V19JQUVtN1c3cFFiRVlBTTl4emxuQ1pSWlJzYkdSWk1CemdneWxSXzBMRVhUellvNjlta0RrdGk3TW1sb0lvRC1fR0N1cEtKeDFPQzBjOWV6dzlzeEJEcUd5TzFHX2hMZHN5ZTU5OWhHaWo3bkxFSGNOd2FfcXNPTWZiZHRxRkkyY3J5eFVUSTU0OUVJejFsUHNKYThwdmVQaGlqcC1rUGNCbmZkYkM0elHSAeMBQVVfeXFMUF93S3NXVzRoZkpmMDVmRU1KbC1Dc0E1Rm9uMlpRT2dENy1xdGctZnRfajVFQTk0OVdWc3Nqb1pRMURFNmd1ejdfOWZFTXdpZWN2cTZnLU95RGlmQVFjMThHbjBoVDB0SlVHR3h6b1hSdDduNFhZY2pqdXZkbmNRQmdtMWlFNlFFTG9kSms3cVVfTTU3U2hIX3NrOXViZ18tbkQ1a1RKdUxvZFdZNGtjbGJ3UkZVeEJXdGpJOE9fb01sMkRaX1Jva1NvWU0wVnlpOU4weTRDUnFUUWdXSnBkdVpjT3M?oc=5"" target=""_blank"" class=""btn-link"">🔗 Abrir Noticia</a>",[🔗 Abrir Noticia](https://news.google.com/rss/articles/CBMi3gFBVV95cUxQTWo4NEIyUl84UnlyeVVaSGhDV1RLT1M3ZHd3aTh6OTZiQ2tqYVhWY05MU296V19JQUVtN1c3cFFiRVlBTTl4emxuQ1pSWlJzYkdSWk1CemdneWxSXzBMRVhUellvNjlta0RrdGk3TW1sb0lvRC1fR0N1cEtKeDFPQzBjOWV6dzlzeEJEcUd5TzFHX2hMZHN5ZTU5OWhHaWo3bkxFSGNOd2FfcXNPTWZiZHRxRkkyY3J5eFVUSTU0OUVJejFsUHNKYThwdmVQaGlqcC1rUGNCbmZkYkM0elHSAeMBQVVfeXFMUF93S3NXVzRoZkpmMDVmRU1KbC1Dc0E1Rm9uMlpRT2dENy1xdGctZnRfajVFQTk0OVdWc3Nqb1pRMURFNmd1ejdfOWZFTXdpZWN2cTZnLU95RGlmQVFjMThHbjBoVDB0SlVHR3h6b1hSdDduNFhZY2pqdXZkbmNRQmdtMWlFNlFFTG9kSms3cVVfTTU3U2hIX3NrOXViZ18tbkQ1a1RKdUxvZFdZNGtjbGJ3UkZVeEJXdGpJOE9fb01sMkRaX1Jva1NvWU0wVnlpOU4weTRDUnFUUWdXSnBkdVpjT3M?oc=5),Muere un motorista en un accidente de tráfico en Montoro al salirse de la vía COPE,7aba1ff8d8c646e84ebde0787d8e6ffe51438c3dc91ad917fa6b27074935fba3,2026-08-13 17:05:19
279,🟡 Pendiente (Verificar Noticia),2026-08-13,2026-08-13,Telefe Córdoba,Dramático accidente: intentaba revisar la batería y terminó atropellada por su propio auto - Telefe Córdoba,Montería (Casco Urbano / Sector en investigación),Montería (Casco Urbano / Sector en investigación),,Montería,No especificado,0,0,Baja (Centroide General Montería),8.7508,-75.8814,https://news.google.com/rss/articles/CBMi1wFBVV95cUxNeTBVd1VaUHhaN3pxLTFJSVJScENaQWs4dzhGZnFkWHA0TVpyQ29qOF9qUFlDbVF6X1pFMkhVN1FYRzluNWtwaGstSXdVYjUzd0EzS1VpLW8wMVRoT1pOOTFPdDBYSFJYV2Z1S3pHS1h5ajRkZ1BwSk14SndiS0RXLUZDMVVoa1Npa0VmYnRMTlRvekRremVpN2h1WjV2cVcxQWw3U3VBcUFDZ1NkX20zNGZKN0dyeF91anpISUwzWHQ0VU12cl9iRmRKMkR3UzlDVjBDTU1WRQ?oc=5,"<a href=""https://news.google.com/rss/articles/CBMi1wFBVV95cUxNeTBVd1VaUHhaN3pxLTFJSVJScENaQWs4dzhGZnFkWHA0TVpyQ29qOF9qUFlDbVF6X1pFMkhVN1FYRzluNWtwaGstSXdVYjUzd0EzS1VpLW8wMVRoT1pOOTFPdDBYSFJYV2Z1S3pHS1h5ajRkZ1BwSk14SndiS0RXLUZDMVVoa1Npa0VmYnRMTlRvekRremVpN2h1WjV2cVcxQWw3U3VBcUFDZ1NkX20zNGZKN0dyeF91anpISUwzWHQ0VU12cl9iRmRKMkR3UzlDVjBDTU1WRQ?oc=5"" target=""_blank"" class=""btn-link"">🔗 Abrir Noticia</a>",[🔗 Abrir Noticia](https://news.google.com/rss/articles/CBMi1wFBVV95cUxNeTBVd1VaUHhaN3pxLTFJSVJScENaQWs4dzhGZnFkWHA0TVpyQ29qOF9qUFlDbVF6X1pFMkhVN1FYRzluNWtwaGstSXdVYjUzd0EzS1VpLW8wMVRoT1pOOTFPdDBYSFJYV2Z1S3pHS1h5ajRkZ1BwSk14SndiS0RXLUZDMVVoa1Npa0VmYnRMTlRvekRremVpN2h1WjV2cVcxQWw3U3VBcUFDZ1NkX20zNGZKN0dyeF91anpISUwzWHQ0VU12cl9iRmRKMkR3UzlDVjBDTU1WRQ?oc=5),Dramático accidente: intentaba revisar la batería y terminó atropellada por su propio auto Telefe Córdoba,07794bd9b130192055a8c25213dd3a3908d231447edad8947ad992a6d7b181e8,2026-08-13 17:05:19
280,🟡 Pendiente (Verificar Noticia),2026-08-13,2026-08-13,Cadena SER,Así ha sido la noche en Adamuz: vecinos conmocionados y volcados en la ayuda a las víctimas del accidente de tren - Cadena SER,Montería (Casco Urbano / Sector en investigación),Montería (Casco Urbano / Sector en investigación),,Montería,No especificado,0,0,Baja (Centroide General Montería),8.7508,-75.8814,https://news.google.com/rss/articles/CBMi-gFBVV95cUxOLTlpbC1RSkxQQWxjNWRjQXpZZlpPSEliUUR6U2lrZ3p5NFFUQXRiaTZoOWpocGRPbDlHbU50WV9FUFdVbU9RZDJ3NHZVLVhrX1N3T3ZqdXVsNjlNbjNFeXBZbFFYTEhaYzlNY2xGa2ctMUhFTy13OWhGaVVmYzJrU245cU5WUEZoNi1SRVB0aWYtdFJvSFJYTFctQk8xeVRoemZYcnJ3Mk5mWTNLdU1jUkNuRHh6MHFFRGQ2YklUTXpsc1pXd0g2dGJ5aG1KVnFyZjVENy1GUUNsY2V0MlNqd2VVT0x3S1RXMnNQVy1Wd2RsTEI1V04zTUhB0gGOAkFVX3lxTE04VS1WM2JIakZZODBxRHdzS0NIUUR3OWJPM2dUM2c5OEt2SVM4eWc1b0Q2MUJJYmlKVmM4OExwVUVibjdULW54RHN4T0M0NG40amN4VWs1NnI3clBTVVNwN0xEd1dRZDBUSFFHX0p1cjhkSTZQSkhEaWFlVUdNNDlMVmY2ZFA5bFprbnJFYV8zVmdZaVpRVlE5Q2JBcGpwZGhZSEhfSUh2c1JieTcyM0VzU3dnMHJsc1VtVGVBTDZNZFdRMUFnU1BnbnMwU3NoNVQ5LS1wZHlzeVlyQ2hfX2hpRlBUc3Q0NmdvZXZrTE5QOExYVUFyeUd3MlBzaW9DeHFzcTJFNkdJV1U1RlVMZw?oc=5,"<a href=""https://news.google.com/rss/articles/CBMi-gFBVV95cUxOLTlpbC1RSkxQQWxjNWRjQXpZZlpPSEliUUR6U2lrZ3p5NFFUQXRiaTZoOWpocGRPbDlHbU50WV9FUFdVbU9RZDJ3NHZVLVhrX1N3T3ZqdXVsNjlNbjNFeXBZbFFYTEhaYzlNY2xGa2ctMUhFTy13OWhGaVVmYzJrU245cU5WUEZoNi1SRVB0aWYtdFJvSFJYTFctQk8xeVRoemZYcnJ3Mk5mWTNLdU1jUkNuRHh6MHFFRGQ2YklUTXpsc1pXd0g2dGJ5aG1KVnFyZjVENy1GUUNsY2V0MlNqd2VVT0x3S1RXMnNQVy1Wd2RsTEI1V04zTUhB0gGOAkFVX3lxTE04VS1WM2JIakZZODBxRHdzS0NIUUR3OWJPM2dUM2c5OEt2SVM4eWc1b0Q2MUJJYmlKVmM4OExwVUVibjdULW54RHN4T0M0NG40amN4VWs1NnI3clBTVVNwN0xEd1dRZDBUSFFHX0p1cjhkSTZQSkhEaWFlVUdNNDlMVmY2ZFA5bFprbnJFYV8zVmdZaVpRVlE5Q2JBcGpwZGhZSEhfSUh2c1JieTcyM0VzU3dnMHJsc1VtVGVBTDZNZFdRMUFnU1BnbnMwU3NoNVQ5LS1wZHlzeVlyQ2hfX2hpRlBUc3Q0NmdvZXZrTE5QOExYVUFyeUd3MlBzaW9DeHFzcTJFNkdJV1U1RlVMZw?oc=5"" target=""_blank"" class=""btn-link"">🔗 Abrir Noticia</a>",[🔗 Abrir Noticia](https://news.google.com/rss/articles/CBMi-gFBVV95cUxOLTlpbC1RSkxQQWxjNWRjQXpZZlpPSEliUUR6U2lrZ3p5NFFUQXRiaTZoOWpocGRPbDlHbU50WV9FUFdVbU9RZDJ3NHZVLVhrX1N3T3ZqdXVsNjlNbjNFeXBZbFFYTEhaYzlNY2xGa2ctMUhFTy13OWhGaVVmYzJrU245cU5WUEZoNi1SRVB0aWYtdFJvSFJYTFctQk8xeVRoemZYcnJ3Mk5mWTNLdU1jUkNuRHh6MHFFRGQ2YklUTXpsc1pXd0g2dGJ5aG1KVnFyZjVENy1GUUNsY2V0MlNqd2VVT0x3S1RXMnNQVy1Wd2RsTEI1V04zTUhB0gGOAkFVX3lxTE04VS1WM2JIakZZODBxRHdzS0NIUUR3OWJPM2dUM2c5OEt2SVM4eWc1b0Q2MUJJYmlKVmM4OExwVUVibjdULW54RHN4T0M0NG40amN4VWs1NnI3clBTVVNwN0xEd1dRZDBUSFFHX0p1cjhkSTZQSkhEaWFlVUdNNDlMVmY2ZFA5bFprbnJFYV8zVmdZaVpRVlE5Q2JBcGpwZGhZSEhfSUh2c1JieTcyM0VzU3dnMHJsc1VtVGVBTDZNZFdRMUFnU1BnbnMwU3NoNVQ5LS1wZHlzeVlyQ2hfX2hpRlBUc3Q0NmdvZXZrTE5QOExYVUFyeUd3MlBzaW9DeHFzcTJFNkdJV1U1RlVMZw?oc=5),Así ha sido la noche en Adamuz: vecinos conmocionados y volcados en la ayuda a las víctimas del accidente de tren Cadena SER,15c1dabb3c27784bf5f7f533ec15b2c956debdc230bacb4e9ea92b4f52351e33,2026-08-13 17:05:19
281,🟡 Pendiente (Verificar Noticia),2026-08-13,2026-08-13,a24.com,"Insólito accidente: se bajó del auto, olvidó un detalle clave y terminó atropellada por su propio vehículo - a24.com",Montería (Casco Urbano / Sector en investigación),Montería (Casco Urbano / Sector en investigación),,Montería,No especificado,0,0,Baja (Centroide General Montería),8.7508,-75.8814,https://news.google.com/rss/articles/CBMi0AFBVV95cUxQaGVfbXBaNV90elBCQ0lWdlZNeUJvUFVtZ1RvSjZNMVdZdmZsaThrZDlsSlp4ZGFxOEFuM2NFTlVZUnVhbWFhRTV0MlpVbjdsRHJKbHNzUW5ncllVZUx5aVZvNExrNXBuQXp6NnJuSkYxSTdqcXBfd2w4NXI4bEJSV1Jrb2VhY3J6cW9XeWpMLW0yeTFibTE4S1U5eXdYWmFVMnM2QVdXeWVjYzJEdjlWTzdqR2NCNExBeFRVcUxPdGhXWjFjcjdXVXFvWXFlME5x0gHWAUFVX3lxTE4tc2VaTVZ0ZU9DUVltNzJiWnZXVUxFOFNCTVRqX2NfV05sU0l2alJzLVNwNzkxRV9RUGVkLUdHN21GOFNwRHpVZU5sNS1vQkR0TmFyNnExMHM3d3d1UkpIdXNhLTc0Z2JIeHFTTXdubXhpbU9qbzk0VHVRbDBmQnU3RXktS0lhaTI3SjVFUDN6Z0o3ZkZSTnM5MFdRaGo2b0FqVFNaNGd1TmQ1OGtNd1BuQjdtWGwtZVZNdFVRSmUwQWhaazd5MVA3SVF1cTBNZFRSR0Yza1E?oc=5,"<a href=""https://news.google.com/rss/articles/CBMi0AFBVV95cUxQaGVfbXBaNV90elBCQ0lWdlZNeUJvUFVtZ1RvSjZNMVdZdmZsaThrZDlsSlp4ZGFxOEFuM2NFTlVZUnVhbWFhRTV0MlpVbjdsRHJKbHNzUW5ncllVZUx5aVZvNExrNXBuQXp6NnJuSkYxSTdqcXBfd2w4NXI4bEJSV1Jrb2VhY3J6cW9XeWpMLW0yeTFibTE4S1U5eXdYWmFVMnM2QVdXeWVjYzJEdjlWTzdqR2NCNExBeFRVcUxPdGhXWjFjcjdXVXFvWXFlME5x0gHWAUFVX3lxTE4tc2VaTVZ0ZU9DUVltNzJiWnZXVUxFOFNCTVRqX2NfV05sU0l2alJzLVNwNzkxRV9RUGVkLUdHN21GOFNwRHpVZU5sNS1vQkR0TmFyNnExMHM3d3d1UkpIdXNhLTc0Z2JIeHFTTXdubXhpbU9qbzk0VHVRbDBmQnU3RXktS0lhaTI3SjVFUDN6Z0o3ZkZSTnM5MFdRaGo2b0FqVFNaNGd1TmQ1OGtNd1BuQjdtWGwtZVZNdFVRSmUwQWhaazd5MVA3SVF1cTBNZFRSR0Yza1E?oc=5"" target=""_blank"" class=""btn-link"">🔗 Abrir Noticia</a>",[🔗 Abrir Noticia](https://news.google.com/rss/articles/CBMi0AFBVV95cUxQaGVfbXBaNV90elBCQ0lWdlZNeUJvUFVtZ1RvSjZNMVdZdmZsaThrZDlsSlp4ZGFxOEFuM2NFTlVZUnVhbWFhRTV0MlpVbjdsRHJKbHNzUW5ncllVZUx5aVZvNExrNXBuQXp6NnJuSkYxSTdqcXBfd2w4NXI4bEJSV1Jrb2VhY3J6cW9XeWpMLW0yeTFibTE4S1U5eXdYWmFVMnM2QVdXeWVjYzJEdjlWTzdqR2NCNExBeFRVcUxPdGhXWjFjcjdXVXFvWXFlME5x0gHWAUFVX3lxTE4tc2VaTVZ0ZU9DUVltNzJiWnZXVUxFOFNCTVRqX2NfV05sU0l2alJzLVNwNzkxRV9RUGVkLUdHN21GOFNwRHpVZU5sNS1vQkR0TmFyNnExMHM3d3d1UkpIdXNhLTc0Z2JIeHFTTXdubXhpbU9qbzk0VHVRbDBmQnU3RXktS0lhaTI3SjVFUDN6Z0o3ZkZSTnM5MFdRaGo2b0FqVFNaNGd1TmQ1OGtNd1BuQjdtWGwtZVZNdFVRSmUwQWhaazd5MVA3SVF1cTBNZFRSR0Yza1E?oc=5),"Insólito accidente: se bajó del auto, olvidó un detalle clave y terminó atropellada por su propio vehículo a24.com",19414ec3cbeb7f32fd4bfd1e1d2a4b4c83f9a9139cfce620bbe868daa087edaf,2026-08-13 17:05:19
282,🟡 Pendiente (Verificar Noticia),2026-08-13,2026-08-13,maldita.es,"Bulos, desinformaciones y contexto sobre el accidente de tren en Adamuz (Córdoba) - maldita.es",Montería (Casco Urbano / Sector en investigación),Montería (Casco Urbano / Sector en investigación),,Montería,No especificado,0,0,Baja (Centroide General Montería),8.7508,-75.8814,https://news.google.com/rss/articles/CBMilgFBVV95cUxPMGpwWEdqdy1raVNRMHBYODNPeVdVRy1NazZhOHV5SEoxNlR3b0hySkRlaFN6endURjI4YlJhUnh3SHVNVjlacTNTWjVwTHpkY2YyYnF0M2xKY2dVUzhONDBnWG1IeVJndTd5ZWZ2VHV4bXQzUGE4bXV4cEZPemNUYmtnOVVvM0g5dUFJLWdXU09ISDlQTlE?oc=5,"<a href=""https://news.google.com/rss/articles/CBMilgFBVV95cUxPMGpwWEdqdy1raVNRMHBYODNPeVdVRy1NazZhOHV5SEoxNlR3b0hySkRlaFN6endURjI4YlJhUnh3SHVNVjlacTNTWjVwTHpkY2YyYnF0M2xKY2dVUzhONDBnWG1IeVJndTd5ZWZ2VHV4bXQzUGE4bXV4cEZPemNUYmtnOVVvM0g5dUFJLWdXU09ISDlQTlE?oc=5"" target=""_blank"" class=""btn-link"">🔗 Abrir Noticia</a>",[🔗 Abrir Noticia](https://news.google.com/rss/articles/CBMilgFBVV95cUxPMGpwWEdqdy1raVNRMHBYODNPeVdVRy1NazZhOHV5SEoxNlR3b0hySkRlaFN6endURjI4YlJhUnh3SHVNVjlacTNTWjVwTHpkY2YyYnF0M2xKY2dVUzhONDBnWG1IeVJndTd5ZWZ2VHV4bXQzUGE4bXV4cEZPemNUYmtnOVVvM0g5dUFJLWdXU09ISDlQTlE?oc=5),"Bulos, desinformaciones y contexto sobre el accidente de tren en Adamuz (Córdoba) maldita.es",4b2b100ebf4784141818d026de5a764b5077199aa7cbe8603fd0257937437a2c,2026-08-13 17:05:19
283,🟡 Pendiente (Verificar Noticia),2026-08-13,2026-08-13,elespanol.com,Un órgano del propio Gobierno investiga el choque de trenes pese a que la UE pidió crear una autoridad independiente - elespanol.com,Montería (Casco Urbano / Sector en investigación),Montería (Casco Urbano / Sector en investigación),,Montería,No especificado,0,0,Baja (Centroide General Montería),8.7508,-75.8814,https://news.google.com/rss/articles/CBMi9AFBVV95cUxQWWsyRWFXdjJNYmdXOU0yWURqVWVzRzRBM0RkQTdTR1Q0SFZtb1g4M2hMVzNDQnhSUHJvcFFoNnhqdDFkZ1Z5TGxLMnFBeWNSWVcyckJGRndRSUpXcE1zTXppaWJ4R2p2STduSWcyY1dxRUZPaEZXa0xoRndQN3lJQXhCRUtINkFPNllnaXZzLVVqSmFPQ1c2NzFBbkdjbTQ3Q0E5d21hcHNxOHdYTVBhcTk3YnBrQjBEZGhLWThWWXJZYkV5Mnhud1AyZkNETGp4b21pY18xLTlESHVUQ2s0RnRCaDdSYnUtSjB1cGl4WWRUZ2820gH6AUFVX3lxTE9yNlYwb2Rkb2dnbHc3RWd3al9ndGNsRFc0UzJVdEV6eWsxVERNeEhycFNxOVoyTVZpUDNrMkFFdFRBZXE3aGFGbTBwNHhiVHhRa01aLVNMZzFjcVNucndYb2JURFY5Y0ljMEtTa2pjZWNVVUN3TmtDUzdXZjBHX0xCME5nelVndXU1cXp6b3JiakNrU1hkalpmUU5CY1BZNHAxWUhidzg4My0wcjhKaGhKWGViQkZjczNfc05mYTd3REhPQ3ZRNUptWXVndFMzODlCMVNybEwtSkIzcTRMSHhxTFlhMkFVR3VOckgzYldkaHRhNHE3ZVRWWFE?oc=5,"<a href=""https://news.google.com/rss/articles/CBMi9AFBVV95cUxQWWsyRWFXdjJNYmdXOU0yWURqVWVzRzRBM0RkQTdTR1Q0SFZtb1g4M2hMVzNDQnhSUHJvcFFoNnhqdDFkZ1Z5TGxLMnFBeWNSWVcyckJGRndRSUpXcE1zTXppaWJ4R2p2STduSWcyY1dxRUZPaEZXa0xoRndQN3lJQXhCRUtINkFPNllnaXZzLVVqSmFPQ1c2NzFBbkdjbTQ3Q0E5d21hcHNxOHdYTVBhcTk3YnBrQjBEZGhLWThWWXJZYkV5Mnhud1AyZkNETGp4b21pY18xLTlESHVUQ2s0RnRCaDdSYnUtSjB1cGl4WWRUZ2820gH6AUFVX3lxTE9yNlYwb2Rkb2dnbHc3RWd3al9ndGNsRFc0UzJVdEV6eWsxVERNeEhycFNxOVoyTVZpUDNrMkFFdFRBZXE3aGFGbTBwNHhiVHhRa01aLVNMZzFjcVNucndYb2JURFY5Y0ljMEtTa2pjZWNVVUN3TmtDUzdXZjBHX0xCME5nelVndXU1cXp6b3JiakNrU1hkalpmUU5CY1BZNHAxWUhidzg4My0wcjhKaGhKWGViQkZjczNfc05mYTd3REhPQ3ZRNUptWXVndFMzODlCMVNybEwtSkIzcTRMSHhxTFlhMkFVR3VOckgzYldkaHRhNHE3ZVRWWFE?oc=5"" target=""_blank"" class=""btn-link"">🔗 Abrir Noticia</a>",[🔗 Abrir Noticia](https://news.google.com/rss/articles/CBMi9AFBVV95cUxQWWsyRWFXdjJNYmdXOU0yWURqVWVzRzRBM0RkQTdTR1Q0SFZtb1g4M2hMVzNDQnhSUHJvcFFoNnhqdDFkZ1Z5TGxLMnFBeWNSWVcyckJGRndRSUpXcE1zTXppaWJ4R2p2STduSWcyY1dxRUZPaEZXa0xoRndQN3lJQXhCRUtINkFPNllnaXZzLVVqSmFPQ1c2NzFBbkdjbTQ3Q0E5d21hcHNxOHdYTVBhcTk3YnBrQjBEZGhLWThWWXJZYkV5Mnhud1AyZkNETGp4b21pY18xLTlESHVUQ2s0RnRCaDdSYnUtSjB1cGl4WWRUZ2820gH6AUFVX3lxTE9yNlYwb2Rkb2dnbHc3RWd3al9ndGNsRFc0UzJVdEV6eWsxVERNeEhycFNxOVoyTVZpUDNrMkFFdFRBZXE3aGFGbTBwNHhiVHhRa01aLVNMZzFjcVNucndYb2JURFY5Y0ljMEtTa2pjZWNVVUN3TmtDUzdXZjBHX0xCME5nelVndXU1cXp6b3JiakNrU1hkalpmUU5CY1BZNHAxWUhidzg4My0wcjhKaGhKWGViQkZjczNfc05mYTd3REhPQ3ZRNUptWXVndFMzODlCMVNybEwtSkIzcTRMSHhxTFlhMkFVR3VOckgzYldkaHRhNHE3ZVRWWFE?oc=5),Un órgano del propio Gobierno investiga el choque de trenes pese a que la UE pidió crear una autoridad independiente elespanol.com,1de931684d222624e7dceef9ad20e1257f1e7c458b2cbc90cf3ed1225622c5be,2026-08-13 17:05:19
284,🟡 Pendiente (Verificar Noticia),2026-08-13,2026-08-13,antena3.com,"El mensaje de Diego Capel tras verse afectado por el accidente en Adamuz: ""Nunca sabemos cuándo será el último - antena3.com",Montería (Casco Urbano / Sector en investigación),Montería (Casco Urbano / Sector en investigación),,Montería,No especificado,0,0,Baja (Centroide General Montería),8.7508,-75.8814,https://news.google.com/rss/articles/CBMihgJBVV95cUxPcVpHek9kNGVFb28xdGRKUjRUZTZUSTMyQkxMdExseTFEM2tsMThjakdTVVF3bzZqcDk2bkZVR1Q1QnpsMzNQRWl0VEUxNkhNMmhUQ1pBRGNRNjlSTjA2SFJ1a00wMXRVZjczbGxjcVNSWENyeHdWdXBTSmk4RWx5VXlkdmhXY0tzZkdxYlhiUnB5OUhFLUp5LUdrXzI2UHdjX1RXZlRjbWNGRHBKNlc4ZGc1TVZaaGFUQ3FOa3NGaFU1UWM0Zm9mVVRJNlMwOHJzak9ISTQ5Q084Z3pEbzAyNVl0UEM3YmxwTm9nUWNZMFBOYlptTmtKM0Z4XzV4MmMwUDNGLWVn0gGGAkFVX3lxTE9VdXp2bWpTVTM0ZThqOS1kZlQ3QU5HMktlNldVM09GaEd3eDlhd1RRUzZvNWIzVUQ2RzNwd1I1NEZFZ054eUpfcThYZTh0MnhOOXZXX2QzWkRmd2oyZWd5RktCNV95eGRsNW5sS2c0U1B3amR2anZqSXZ0U2h6VDVjN21rV0YxRlg2SnlPQUpoZmxIUU83LWs5eHlYckRfY1JTSzFTUU9ldXVlMVNhZ3Z2MDRHYnpWbzJmVEM2REt2anB6QUZqaVRZSWdwSTBrbUt0VzJVS3lYQUtPdktYdjVMM1dxRWVqZkIza0JqaTg4Ym16MG91SlYxa2ZER3FXOHVZUjZPOEE?oc=5,"<a href=""https://news.google.com/rss/articles/CBMihgJBVV95cUxPcVpHek9kNGVFb28xdGRKUjRUZTZUSTMyQkxMdExseTFEM2tsMThjakdTVVF3bzZqcDk2bkZVR1Q1QnpsMzNQRWl0VEUxNkhNMmhUQ1pBRGNRNjlSTjA2SFJ1a00wMXRVZjczbGxjcVNSWENyeHdWdXBTSmk4RWx5VXlkdmhXY0tzZkdxYlhiUnB5OUhFLUp5LUdrXzI2UHdjX1RXZlRjbWNGRHBKNlc4ZGc1TVZaaGFUQ3FOa3NGaFU1UWM0Zm9mVVRJNlMwOHJzak9ISTQ5Q084Z3pEbzAyNVl0UEM3YmxwTm9nUWNZMFBOYlptTmtKM0Z4XzV4MmMwUDNGLWVn0gGGAkFVX3lxTE9VdXp2bWpTVTM0ZThqOS1kZlQ3QU5HMktlNldVM09GaEd3eDlhd1RRUzZvNWIzVUQ2RzNwd1I1NEZFZ054eUpfcThYZTh0MnhOOXZXX2QzWkRmd2oyZWd5RktCNV95eGRsNW5sS2c0U1B3amR2anZqSXZ0U2h6VDVjN21rV0YxRlg2SnlPQUpoZmxIUU83LWs5eHlYckRfY1JTSzFTUU9ldXVlMVNhZ3Z2MDRHYnpWbzJmVEM2REt2anB6QUZqaVRZSWdwSTBrbUt0VzJVS3lYQUtPdktYdjVMM1dxRWVqZkIza0JqaTg4Ym16MG91SlYxa2ZER3FXOHVZUjZPOEE?oc=5"" target=""_blank"" class=""btn-link"">🔗 Abrir Noticia</a>",[🔗 Abrir Noticia](https://news.google.com/rss/articles/CBMihgJBVV95cUxPcVpHek9kNGVFb28xdGRKUjRUZTZUSTMyQkxMdExseTFEM2tsMThjakdTVVF3bzZqcDk2bkZVR1Q1QnpsMzNQRWl0VEUxNkhNMmhUQ1pBRGNRNjlSTjA2SFJ1a00wMXRVZjczbGxjcVNSWENyeHdWdXBTSmk4RWx5VXlkdmhXY0tzZkdxYlhiUnB5OUhFLUp5LUdrXzI2UHdjX1RXZlRjbWNGRHBKNlc4ZGc1TVZaaGFUQ3FOa3NGaFU1UWM0Zm9mVVRJNlMwOHJzak9ISTQ5Q084Z3pEbzAyNVl0UEM3YmxwTm9nUWNZMFBOYlptTmtKM0Z4XzV4MmMwUDNGLWVn0gGGAkFVX3lxTE9VdXp2bWpTVTM0ZThqOS1kZlQ3QU5HMktlNldVM09GaEd3eDlhd1RRUzZvNWIzVUQ2RzNwd1I1NEZFZ054eUpfcThYZTh0MnhOOXZXX2QzWkRmd2oyZWd5RktCNV95eGRsNW5sS2c0U1B3amR2anZqSXZ0U2h6VDVjN21rV0YxRlg2SnlPQUpoZmxIUU83LWs5eHlYckRfY1JTSzFTUU9ldXVlMVNhZ3Z2MDRHYnpWbzJmVEM2REt2anB6QUZqaVRZSWdwSTBrbUt0VzJVS3lYQUtPdktYdjVMM1dxRWVqZkIza0JqaTg4Ym16MG91SlYxa2ZER3FXOHVZUjZPOEE?oc=5),"El mensaje de Diego Capel tras verse afectado por el accidente en Adamuz: ""Nunca sabemos cuándo será el último antena3.com",473cdb17078e440b61f85a5b6dd647d92e221886cc4eba25640d303fb11a092c,2026-08-13 17:05:19
285,🟡 Pendiente (Verificar Noticia),2026-08-13,2026-08-13,La Gaceta,Susto para Frank Kudelka en Rosario: el DT de Newell’s protagonizó un accidente camino al entrenamiento - La Gaceta,Montería (Casco Urbano / Sector en investigación),Montería (Casco Urbano / Sector en investigación),,Montería,No especificado,0,0,Baja (Centroide General Montería),8.7508,-75.8814,https://news.google.com/rss/articles/CBMi3AFBVV95cUxPR1ZCMXVKRVhGRkhaT01VaTZwVUVZWURza2VSdjAwSVUtRlIxSnA0ZDBka3pIMWxNRC1lMHhzUG9KZW5ua1VuV3FsVWFCTXh2M2txWGEyM050WE9PbTk4azMyS3p1ZFN3SFViY3pzTmstaGt4NmRMa2NKNzBfNnpjYUN5SGRTcXJiNDdyeGtscmx2QWNvM1BGa1YzRjFHMEFabmJ3NVhMRzNzUzZDSlA2YXlCc3hYYnlKd3QxbVQ0elV0SE9yVy1CLWdRN1RZMFZTUmE1NG82cURWeGZM0gHiAUFVX3lxTFBQLXp1WUJHSVlKNkdfX05oaHVRc3JCcDV5aGQ1NzZ6cWdNcTR3bDJ4WkxJMF8tY1VsVmhZV0hJcWx0UmhmeXN6RFhfaHdwWk9ETFQ5ckhrU2Y4X0xENWZBQ0dvYlExSnNWeTg1enRoN2o1Zzk2cE1Sbnh2aGZNNXlHaF9QSFp0Ukg3WS1sNWFGd2paREl3X3ZrMVBxdFB1RTMzRjVOTXpmSnAtaktXTlVybTdZT1JkVEZuaUZRRld1UFpZS2xycm96MGdKamJIZVVTR0xCR0N1VlpjZC1wSnhuSVE?oc=5,"<a href=""https://news.google.com/rss/articles/CBMi3AFBVV95cUxPR1ZCMXVKRVhGRkhaT01VaTZwVUVZWURza2VSdjAwSVUtRlIxSnA0ZDBka3pIMWxNRC1lMHhzUG9KZW5ua1VuV3FsVWFCTXh2M2txWGEyM050WE9PbTk4azMyS3p1ZFN3SFViY3pzTmstaGt4NmRMa2NKNzBfNnpjYUN5SGRTcXJiNDdyeGtscmx2QWNvM1BGa1YzRjFHMEFabmJ3NVhMRzNzUzZDSlA2YXlCc3hYYnlKd3QxbVQ0elV0SE9yVy1CLWdRN1RZMFZTUmE1NG82cURWeGZM0gHiAUFVX3lxTFBQLXp1WUJHSVlKNkdfX05oaHVRc3JCcDV5aGQ1NzZ6cWdNcTR3bDJ4WkxJMF8tY1VsVmhZV0hJcWx0UmhmeXN6RFhfaHdwWk9ETFQ5ckhrU2Y4X0xENWZBQ0dvYlExSnNWeTg1enRoN2o1Zzk2cE1Sbnh2aGZNNXlHaF9QSFp0Ukg3WS1sNWFGd2paREl3X3ZrMVBxdFB1RTMzRjVOTXpmSnAtaktXTlVybTdZT1JkVEZuaUZRRld1UFpZS2xycm96MGdKamJIZVVTR0xCR0N1VlpjZC1wSnhuSVE?oc=5"" target=""_blank"" class=""btn-link"">🔗 Abrir Noticia</a>",[🔗 Abrir Noticia](https://news.google.com/rss/articles/CBMi3AFBVV95cUxPR1ZCMXVKRVhGRkhaT01VaTZwVUVZWURza2VSdjAwSVUtRlIxSnA0ZDBka3pIMWxNRC1lMHhzUG9KZW5ua1VuV3FsVWFCTXh2M2txWGEyM050WE9PbTk4azMyS3p1ZFN3SFViY3pzTmstaGt4NmRMa2NKNzBfNnpjYUN5SGRTcXJiNDdyeGtscmx2QWNvM1BGa1YzRjFHMEFabmJ3NVhMRzNzUzZDSlA2YXlCc3hYYnlKd3QxbVQ0elV0SE9yVy1CLWdRN1RZMFZTUmE1NG82cURWeGZM0gHiAUFVX3lxTFBQLXp1WUJHSVlKNkdfX05oaHVRc3JCcDV5aGQ1NzZ6cWdNcTR3bDJ4WkxJMF8tY1VsVmhZV0hJcWx0UmhmeXN6RFhfaHdwWk9ETFQ5ckhrU2Y4X0xENWZBQ0dvYlExSnNWeTg1enRoN2o1Zzk2cE1Sbnh2aGZNNXlHaF9QSFp0Ukg3WS1sNWFGd2paREl3X3ZrMVBxdFB1RTMzRjVOTXpmSnAtaktXTlVybTdZT1JkVEZuaUZRRld1UFpZS2xycm96MGdKamJIZVVTR0xCR0N1VlpjZC1wSnhuSVE?oc=5),Susto para Frank Kudelka en Rosario: el DT de Newell’s protagonizó un accidente camino al entrenamiento La Gaceta,f3453753a66324fc28e9786e0c35a19eaef7fc9f49d952423595ece5ffeac195,2026-08-13 17:05:19
286,🟡 Pendiente (Verificar Noticia),2026-08-13,2026-08-13,lavoz.com.ar,"Inseguridad vial. En 2025, casi un muerto por día a causa de choques y vuelcos en Córdoba - lavoz.com.ar",Montería (Casco Urbano / Sector en investigación),Montería (Casco Urbano / Sector en investigación),,Montería,No especificado,1,0,Baja (Centroide General Montería),8.7508,-75.8814,https://news.google.com/rss/articles/CBMivgFBVV95cUxQeVhSdTlTQWNQY1IxQlJHRmtYeWFRMnVyTmNtbjl1bEJ3SUJJYTV5QWV3Nzgwd19pLVV2MnNycmhCZVVQNW1zSTFuR1R2Y2M2aU01bXYzMVY4aWZ0blFGYndpZ3ZwdlVmV0RwajhROHl0QUt3ekhkdUxsQm9XTl9xRTVoeE1jT3QtMEYtWERLS1V0WnRieDQyZS10OF9hY2gtVHNTTG1VNnVwYTdTOVhzOU1oYllHc0FudDVaTUNR?oc=5,"<a href=""https://news.google.com/rss/articles/CBMivgFBVV95cUxQeVhSdTlTQWNQY1IxQlJHRmtYeWFRMnVyTmNtbjl1bEJ3SUJJYTV5QWV3Nzgwd19pLVV2MnNycmhCZVVQNW1zSTFuR1R2Y2M2aU01bXYzMVY4aWZ0blFGYndpZ3ZwdlVmV0RwajhROHl0QUt3ekhkdUxsQm9XTl9xRTVoeE1jT3QtMEYtWERLS1V0WnRieDQyZS10OF9hY2gtVHNTTG1VNnVwYTdTOVhzOU1oYllHc0FudDVaTUNR?oc=5"" target=""_blank"" class=""btn-link"">🔗 Abrir Noticia</a>",[🔗 Abrir Noticia](https://news.google.com/rss/articles/CBMivgFBVV95cUxQeVhSdTlTQWNQY1IxQlJHRmtYeWFRMnVyTmNtbjl1bEJ3SUJJYTV5QWV3Nzgwd19pLVV2MnNycmhCZVVQNW1zSTFuR1R2Y2M2aU01bXYzMVY4aWZ0blFGYndpZ3ZwdlVmV0RwajhROHl0QUt3ekhkdUxsQm9XTl9xRTVoeE1jT3QtMEYtWERLS1V0WnRieDQyZS10OF9hY2gtVHNTTG1VNnVwYTdTOVhzOU1oYllHc0FudDVaTUNR?oc=5),"Inseguridad vial. En 2025, casi un muerto por día a causa de choques y vuelcos en Córdoba lavoz.com.ar",c67ff1d1514c1a622c5c568fad6a86013b413f092cc8ae782cf80cf030aed570,2026-08-13 17:05:19
287,🟡 Pendiente (Verificar Noticia),2026-08-13,2026-08-13,COPE,"""El de Adamuz es el accidente más grave en los 34 años de servicios de alta velocidad en España"" - COPE",Montería (Casco Urbano / Sector en investigación),Montería (Casco Urbano / Sector en investigación),,Montería,No especificado,0,0,Baja (Centroide General Montería),8.7508,-75.8814,https://news.google.com/rss/articles/CBMiggJBVV95cUxQRHpHQmR0Rm5NVHJJbG9vMEJYclBxY2NBVWRHTFJTd09KUXJUYVBFTjVPaHVqQTd0eTJCYWZhNm1sRHdmQzM2OXFwRXpYYkt0Y1NBeFhPdzMyRDEwVnhkUlpOTmYycUhqZjJ0STFLMmE5R0ZkN2p1TmVqWU1CWXhUSEl1U0tHeHByYnJUOGFtQ2JoY2dqNW5fZkhCT21GS013ejUweGFfM1NncHBJTzRBeldGNVB3ZnRDTFNueEw3Z3hxSUxnb2Z0UUlOWWZRY2lLRUoxV3U1QXNkMmtfc2poS25WMklIeTI2LVEya1o4Mm52aDFLYlNhUG1hYTNOZGpJZEHSAYcCQVVfeXFMTko4SzF6eVVYbjNhZ1RLMzZXMVF5WWpRWU5TV2JXQl94R1RaR2ZXeVhObUZrcG5vY0ZVWDNBVDN6UnQ3UElqRFdFUXctcTRxTjNWYnEyMjdjNm1VT09aaXhxRDhUTEFYdjlPWWdqUE1rWUJ1b2V4SnFRazEya3FuZjFrbTY2R2RuMjZ6M0VmLTBtUU0wSnZzbS0wd2I4aGM5dTRxbjVsZnN1NkhzdjNjaGR1eDdrTThkanVmQThvY3FhUGowdGdpRHVVSXFEaXBESGZRcTRoOGR1OTBxMlE0d215R19DMVNYTFA0eWNMc1ZoT3V1Q2VDaWNVYmNfb3ZOc0FoemNndlE?oc=5,"<a href=""https://news.google.com/rss/articles/CBMiggJBVV95cUxQRHpHQmR0Rm5NVHJJbG9vMEJYclBxY2NBVWRHTFJTd09KUXJUYVBFTjVPaHVqQTd0eTJCYWZhNm1sRHdmQzM2OXFwRXpYYkt0Y1NBeFhPdzMyRDEwVnhkUlpOTmYycUhqZjJ0STFLMmE5R0ZkN2p1TmVqWU1CWXhUSEl1U0tHeHByYnJUOGFtQ2JoY2dqNW5fZkhCT21GS013ejUweGFfM1NncHBJTzRBeldGNVB3ZnRDTFNueEw3Z3hxSUxnb2Z0UUlOWWZRY2lLRUoxV3U1QXNkMmtfc2poS25WMklIeTI2LVEya1o4Mm52aDFLYlNhUG1hYTNOZGpJZEHSAYcCQVVfeXFMTko4SzF6eVVYbjNhZ1RLMzZXMVF5WWpRWU5TV2JXQl94R1RaR2ZXeVhObUZrcG5vY0ZVWDNBVDN6UnQ3UElqRFdFUXctcTRxTjNWYnEyMjdjNm1VT09aaXhxRDhUTEFYdjlPWWdqUE1rWUJ1b2V4SnFRazEya3FuZjFrbTY2R2RuMjZ6M0VmLTBtUU0wSnZzbS0wd2I4aGM5dTRxbjVsZnN1NkhzdjNjaGR1eDdrTThkanVmQThvY3FhUGowdGdpRHVVSXFEaXBESGZRcTRoOGR1OTBxMlE0d215R19DMVNYTFA0eWNMc1ZoT3V1Q2VDaWNVYmNfb3ZOc0FoemNndlE?oc=5"" target=""_blank"" class=""btn-link"">🔗 Abrir Noticia</a>",[🔗 Abrir Noticia](https://news.google.com/rss/articles/CBMiggJBVV95cUxQRHpHQmR0Rm5NVHJJbG9vMEJYclBxY2NBVWRHTFJTd09KUXJUYVBFTjVPaHVqQTd0eTJCYWZhNm1sRHdmQzM2OXFwRXpYYkt0Y1NBeFhPdzMyRDEwVnhkUlpOTmYycUhqZjJ0STFLMmE5R0ZkN2p1TmVqWU1CWXhUSEl1U0tHeHByYnJUOGFtQ2JoY2dqNW5fZkhCT21GS013ejUweGFfM1NncHBJTzRBeldGNVB3ZnRDTFNueEw3Z3hxSUxnb2Z0UUlOWWZRY2lLRUoxV3U1QXNkMmtfc2poS25WMklIeTI2LVEya1o4Mm52aDFLYlNhUG1hYTNOZGpJZEHSAYcCQVVfeXFMTko4SzF6eVVYbjNhZ1RLMzZXMVF5WWpRWU5TV2JXQl94R1RaR2ZXeVhObUZrcG5vY0ZVWDNBVDN6UnQ3UElqRFdFUXctcTRxTjNWYnEyMjdjNm1VT09aaXhxRDhUTEFYdjlPWWdqUE1rWUJ1b2V4SnFRazEya3FuZjFrbTY2R2RuMjZ6M0VmLTBtUU0wSnZzbS0wd2I4aGM5dTRxbjVsZnN1NkhzdjNjaGR1eDdrTThkanVmQThvY3FhUGowdGdpRHVVSXFEaXBESGZRcTRoOGR1OTBxMlE0d215R19DMVNYTFA0eWNMc1ZoT3V1Q2VDaWNVYmNfb3ZOc0FoemNndlE?oc=5),"""El de Adamuz es el accidente más grave en los 34 años de servicios de alta velocidad en España"" COPE",d687b71b8d11c39bd6631d8e02838aac19d72fcea5fa97322e0a36eaa4cdae9e,2026-08-13 17:05:19
288,🟡 Pendiente (Verificar Noticia),2026-08-13,2026-08-13,Diario de Sevilla,"El testimonio de Gonzalo Sánchez, el vecino de Adamuz que rescató a decenas de pasajeros tras el accidente ferroviario: “Lo que te puedes encontrar allí es peor que el infierno” - Diario de Sevilla",Montería (Casco Urbano / Sector en investigación),Montería (Casco Urbano / Sector en investigación),,Montería,No especificado,0,0,Baja (Centroide General Montería),8.7508,-75.8814,https://news.google.com/rss/articles/CBMioAFBVV95cUxPU3IxMWJxa3NmVUJkTldscnEzZUxIY3ROb1ZaUVB3dVpfeUZXZmI0YTAySlJGNnNGS3JIMG44elVYdWJubXJVRHM3ZmItd3IxcmVTeWstOXlDNTlMYmpIZENDNGVvaDFKOEVlZ0J3MEtkTW12cGgtVnUtR3gtUXkyazkzakZYWmhyTkFuN3p6a1RBYXctWWdJaXF2UVMzUVdE0gGmAUFVX3lxTFBOT29xTXZqdl81bGkyMEdyYlZjN2xneTVJaUtpZ1JrMUhaNEdqaXV1bUEzT3dGZm9yVjZnQllDZlMybE10TFUzY1RVMHh1dHB3Z0toSFhlQVQ3cVVZVFFwYUFUaTRHaUFTSkwzV2RmVzU4c2QtVmR4S2VLU1Jqekd5bTZ0MVFucTYxOG8yRDRFMWdnbDBMazZwZFNEOWFOS01FNDRMQVE?oc=5,"<a href=""https://news.google.com/rss/articles/CBMioAFBVV95cUxPU3IxMWJxa3NmVUJkTldscnEzZUxIY3ROb1ZaUVB3dVpfeUZXZmI0YTAySlJGNnNGS3JIMG44elVYdWJubXJVRHM3ZmItd3IxcmVTeWstOXlDNTlMYmpIZENDNGVvaDFKOEVlZ0J3MEtkTW12cGgtVnUtR3gtUXkyazkzakZYWmhyTkFuN3p6a1RBYXctWWdJaXF2UVMzUVdE0gGmAUFVX3lxTFBOT29xTXZqdl81bGkyMEdyYlZjN2xneTVJaUtpZ1JrMUhaNEdqaXV1bUEzT3dGZm9yVjZnQllDZlMybE10TFUzY1RVMHh1dHB3Z0toSFhlQVQ3cVVZVFFwYUFUaTRHaUFTSkwzV2RmVzU4c2QtVmR4S2VLU1Jqekd5bTZ0MVFucTYxOG8yRDRFMWdnbDBMazZwZFNEOWFOS01FNDRMQVE?oc=5"" target=""_blank"" class=""btn-link"">🔗 Abrir Noticia</a>",[🔗 Abrir Noticia](https://news.google.com/rss/articles/CBMioAFBVV95cUxPU3IxMWJxa3NmVUJkTldscnEzZUxIY3ROb1ZaUVB3dVpfeUZXZmI0YTAySlJGNnNGS3JIMG44elVYdWJubXJVRHM3ZmItd3IxcmVTeWstOXlDNTlMYmpIZENDNGVvaDFKOEVlZ0J3MEtkTW12cGgtVnUtR3gtUXkyazkzakZYWmhyTkFuN3p6a1RBYXctWWdJaXF2UVMzUVdE0gGmAUFVX3lxTFBOT29xTXZqdl81bGkyMEdyYlZjN2xneTVJaUtpZ1JrMUhaNEdqaXV1bUEzT3dGZm9yVjZnQllDZlMybE10TFUzY1RVMHh1dHB3Z0toSFhlQVQ3cVVZVFFwYUFUaTRHaUFTSkwzV2RmVzU4c2QtVmR4S2VLU1Jqekd5bTZ0MVFucTYxOG8yRDRFMWdnbDBMazZwZFNEOWFOS01FNDRMQVE?oc=5),"El testimonio de Gonzalo Sánchez, el vecino de Adamuz que rescató a decenas de pasajeros tras el accidente ferroviario: “Lo que te puedes encontrar allí es peor que el infierno” Diario de Sevilla",68ea9f5154481d4f3d88613f625acb754b2da69cf8d293d713f128cb67f4938f,2026-08-13 17:05:19
289,🟡 Pendiente (Verificar Noticia),2026-08-13,2026-08-13,Xataka,Ya tenemos la primera consecuencia drástica del accidente de Adamuz: limitación de velocidad en cuatro tramos del Madrid-Barcelona - Xataka,Montería (Casco Urbano / Sector en investigación),Montería (Casco Urbano / Sector en investigación),,Montería,No especificado,0,0,Baja (Centroide General Montería),8.7508,-75.8814,https://news.google.com/rss/articles/CBMixAFBVV95cUxQOEx2d1I2TGNaVFIzU2pvUXNVb0ZjVlpXcUdEdjZTTVVoVGpDUDl2S2VXZUdaUDZ4Zy1BbGpiWERXcEZDaHE0ZnRtVW51aDVwejEzV1BvMF81OXBycnZjSmxzR3ZDcXpCRV9aNjZ3R2NoaXd6ZjJBdU5MejBmNmtqY0I2RXZzY2pNMG15YWhxU1h1cHJWYlZvbTNsczB0V05FbG1yU0hLSGc2bENqVmlnY2hkRVozcGNvdm5PbDl3Z1o0Mnh40gHKAUFVX3lxTE5fVmgzQ0NPcWxCajI4RWdJcVE2QVpuTEJ0Wl9teVRVeGFPZHBtTE5xOUhnTk83ZnFidFlpZm5qaFJTTnhaVUtXWU8zRnlRTUlIR0V6cDF3RTRfTFFXQVpFamJYbkhGdjhQTjZMQXprRVRsc1pBOUFYMlFOSDZsc0hEUktuall2X21QalNKT1lBdEhPeUlBSVRuOHAxOGhnM01oWGRaUi03UzdGX2o4ZnAxV1NUd19IeHJwUG0xcmxGWGxCS1hFM2xDU3c?oc=5,"<a href=""https://news.google.com/rss/articles/CBMixAFBVV95cUxQOEx2d1I2TGNaVFIzU2pvUXNVb0ZjVlpXcUdEdjZTTVVoVGpDUDl2S2VXZUdaUDZ4Zy1BbGpiWERXcEZDaHE0ZnRtVW51aDVwejEzV1BvMF81OXBycnZjSmxzR3ZDcXpCRV9aNjZ3R2NoaXd6ZjJBdU5MejBmNmtqY0I2RXZzY2pNMG15YWhxU1h1cHJWYlZvbTNsczB0V05FbG1yU0hLSGc2bENqVmlnY2hkRVozcGNvdm5PbDl3Z1o0Mnh40gHKAUFVX3lxTE5fVmgzQ0NPcWxCajI4RWdJcVE2QVpuTEJ0Wl9teVRVeGFPZHBtTE5xOUhnTk83ZnFidFlpZm5qaFJTTnhaVUtXWU8zRnlRTUlIR0V6cDF3RTRfTFFXQVpFamJYbkhGdjhQTjZMQXprRVRsc1pBOUFYMlFOSDZsc0hEUktuall2X21QalNKT1lBdEhPeUlBSVRuOHAxOGhnM01oWGRaUi03UzdGX2o4ZnAxV1NUd19IeHJwUG0xcmxGWGxCS1hFM2xDU3c?oc=5"" target=""_blank"" class=""btn-link"">🔗 Abrir Noticia</a>",[🔗 Abrir Noticia](https://news.google.com/rss/articles/CBMixAFBVV95cUxQOEx2d1I2TGNaVFIzU2pvUXNVb0ZjVlpXcUdEdjZTTVVoVGpDUDl2S2VXZUdaUDZ4Zy1BbGpiWERXcEZDaHE0ZnRtVW51aDVwejEzV1BvMF81OXBycnZjSmxzR3ZDcXpCRV9aNjZ3R2NoaXd6ZjJBdU5MejBmNmtqY0I2RXZzY2pNMG15YWhxU1h1cHJWYlZvbTNsczB0V05FbG1yU0hLSGc2bENqVmlnY2hkRVozcGNvdm5PbDl3Z1o0Mnh40gHKAUFVX3lxTE5fVmgzQ0NPcWxCajI4RWdJcVE2QVpuTEJ0Wl9teVRVeGFPZHBtTE5xOUhnTk83ZnFidFlpZm5qaFJTTnhaVUtXWU8zRnlRTUlIR0V6cDF3RTRfTFFXQVpFamJYbkhGdjhQTjZMQXprRVRsc1pBOUFYMlFOSDZsc0hEUktuall2X21QalNKT1lBdEhPeUlBSVRuOHAxOGhnM01oWGRaUi03UzdGX2o4ZnAxV1NUd19IeHJwUG0xcmxGWGxCS1hFM2xDU3c?oc=5),Ya tenemos la primera consecuencia drástica del accidente de Adamuz: limitación de velocidad en cuatro tramos del Madrid-Barcelona Xataka,316e53f4aa4ee7eda828e72a192d39141597d8a202871cc581c370333dc8601d,2026-08-13 17:05:19
290,🟡 Pendiente (Verificar Noticia),2026-08-13,2026-08-13,ElDoce.tv,"Arreglaba su auto en la cochera, se le cayó encima y murió aplastado en Córdoba - ElDoce.tv",Montería (Casco Urbano / Sector en investigación),Montería (Casco Urbano / Sector en investigación),,Montería,No especificado,1,0,Baja (Centroide General Montería),8.7508,-75.8814,https://news.google.com/rss/articles/CBMiuwFBVV95cUxNTDRHcmtBR1EteE9QZGZGVkpiRmZMZWJjVWFJVnljdERHemFzT1I5YWZOM09neHpTSmVma3d6Y2pnR0EzRXpZWmtwNl9pZ3VDaUtNUTBLbjE5S25MaVZsZmxwZVhEd3VSbnZybmJlUS1FLW5iekNPc05mM01XbWw4RDJ2dEp1OHRSN1RrMmh3dkF3ZnRVXzU2YW5FM201akxoTXJWSmYxaDlzeWZ0RVNfOE9XVml2WmRnT0ZJ0gHPAUFVX3lxTE9rWW1iVi1qRWJrT29md21lTmFaakdDanZ4eHNpTXV6Mm54ZkRRdGVBQi1PU3ZPX1BBVDd5MGpEM0ZDZkxyOGR2U3Z5Y3RzdnNVQWR6c01SWlpVNkE2RjVCdlNNMkZHV0FMOWpUQmUzNzBzMnFmWnlPTWZHV3hVV1dka3VWVXBXamVEMTlVbTR6SW9tUTNrZXJ2UldGbm1hclh0Slk4UGt5OTc5STdPcFlsdk4wX1BRZE53QWtGYWhnN2NmUklPUVVLSlp5ZXlWUQ?oc=5,"<a href=""https://news.google.com/rss/articles/CBMiuwFBVV95cUxNTDRHcmtBR1EteE9QZGZGVkpiRmZMZWJjVWFJVnljdERHemFzT1I5YWZOM09neHpTSmVma3d6Y2pnR0EzRXpZWmtwNl9pZ3VDaUtNUTBLbjE5S25MaVZsZmxwZVhEd3VSbnZybmJlUS1FLW5iekNPc05mM01XbWw4RDJ2dEp1OHRSN1RrMmh3dkF3ZnRVXzU2YW5FM201akxoTXJWSmYxaDlzeWZ0RVNfOE9XVml2WmRnT0ZJ0gHPAUFVX3lxTE9rWW1iVi1qRWJrT29md21lTmFaakdDanZ4eHNpTXV6Mm54ZkRRdGVBQi1PU3ZPX1BBVDd5MGpEM0ZDZkxyOGR2U3Z5Y3RzdnNVQWR6c01SWlpVNkE2RjVCdlNNMkZHV0FMOWpUQmUzNzBzMnFmWnlPTWZHV3hVV1dka3VWVXBXamVEMTlVbTR6SW9tUTNrZXJ2UldGbm1hclh0Slk4UGt5OTc5STdPcFlsdk4wX1BRZE53QWtGYWhnN2NmUklPUVVLSlp5ZXlWUQ?oc=5"" target=""_blank"" class=""btn-link"">🔗 Abrir Noticia</a>",[🔗 Abrir Noticia](https://news.google.com/rss/articles/CBMiuwFBVV95cUxNTDRHcmtBR1EteE9QZGZGVkpiRmZMZWJjVWFJVnljdERHemFzT1I5YWZOM09neHpTSmVma3d6Y2pnR0EzRXpZWmtwNl9pZ3VDaUtNUTBLbjE5S25MaVZsZmxwZVhEd3VSbnZybmJlUS1FLW5iekNPc05mM01XbWw4RDJ2dEp1OHRSN1RrMmh3dkF3ZnRVXzU2YW5FM201akxoTXJWSmYxaDlzeWZ0RVNfOE9XVml2WmRnT0ZJ0gHPAUFVX3lxTE9rWW1iVi1qRWJrT29md21lTmFaakdDanZ4eHNpTXV6Mm54ZkRRdGVBQi1PU3ZPX1BBVDd5MGpEM0ZDZkxyOGR2U3Z5Y3RzdnNVQWR6c01SWlpVNkE2RjVCdlNNMkZHV0FMOWpUQmUzNzBzMnFmWnlPTWZHV3hVV1dka3VWVXBXamVEMTlVbTR6SW9tUTNrZXJ2UldGbm1hclh0Slk4UGt5OTc5STdPcFlsdk4wX1BRZE53QWtGYWhnN2NmUklPUVVLSlp5ZXlWUQ?oc=5),"Arreglaba su auto en la cochera, se le cayó encima y murió aplastado en Córdoba ElDoce.tv",480762337e62c8fe5ea69ee5a592673675c53146a9fa1e1cb75bd662fd746027,2026-08-13 17:05:19
291,🟡 Pendiente (Verificar Noticia),2026-08-13,2026-08-13,El Litoral,Murió un joven al volcar su auto en Córdoba: investigan si corría una picada - El Litoral,Montería (Casco Urbano / Sector en investigación),Montería (Casco Urbano / Sector en investigación),,Montería,No especificado,1,0,Baja (Centroide General Montería),8.7508,-75.8814,https://news.google.com/rss/articles/CBMivgFBVV95cUxQQ3c4VlI4RWY4YTdQM3liRDFZbENkbXZLVm8tYlU5U0V4Y1o5UUl1cUFUSXczdTFiTUptMkNINV93RkJZanYwMURZNzRMX3FSVGc3Rk9wb0FNQmtIY2o0c3hBbm9fSzdLd2dJX3hOOVZFNWlRbTI0SGgxWnRUeUdzRU1yc3BQS241MF9FcmxBVHdZeWZtMTNvall1V2lDYW9nOTFYYWJkSlA1cHo4RUNIRngwVUk2dTVkQzZNcnR30gHDAUFVX3lxTFBDUzZ4WndBSGhNRDhCakVqUUg1eWoyMzBtbGpLZHNiV3o0UG92WUp3MHVIZktlY2VXakdUSGRKaVRjRjgxV3FNbEtnZWhIZzE5eWZ5YmVNOVRoWS1hMEE0Y0JIZTAyVjJkQVNvZ0Z3b1JjeTBydUExRmwxNDU4VXF3Zjd5M2EzbWk1TmNFcEtXbi1MMGpwN1hKVERFSm5uSVpad3FNSGkxa213ai10cHZ4aF9uWm5PcUtGZTFuaWxTLXVfZw?oc=5,"<a href=""https://news.google.com/rss/articles/CBMivgFBVV95cUxQQ3c4VlI4RWY4YTdQM3liRDFZbENkbXZLVm8tYlU5U0V4Y1o5UUl1cUFUSXczdTFiTUptMkNINV93RkJZanYwMURZNzRMX3FSVGc3Rk9wb0FNQmtIY2o0c3hBbm9fSzdLd2dJX3hOOVZFNWlRbTI0SGgxWnRUeUdzRU1yc3BQS241MF9FcmxBVHdZeWZtMTNvall1V2lDYW9nOTFYYWJkSlA1cHo4RUNIRngwVUk2dTVkQzZNcnR30gHDAUFVX3lxTFBDUzZ4WndBSGhNRDhCakVqUUg1eWoyMzBtbGpLZHNiV3o0UG92WUp3MHVIZktlY2VXakdUSGRKaVRjRjgxV3FNbEtnZWhIZzE5eWZ5YmVNOVRoWS1hMEE0Y0JIZTAyVjJkQVNvZ0Z3b1JjeTBydUExRmwxNDU4VXF3Zjd5M2EzbWk1TmNFcEtXbi1MMGpwN1hKVERFSm5uSVpad3FNSGkxa213ai10cHZ4aF9uWm5PcUtGZTFuaWxTLXVfZw?oc=5"" target=""_blank"" class=""btn-link"">🔗 Abrir Noticia</a>",[🔗 Abrir Noticia](https://news.google.com/rss/articles/CBMivgFBVV95cUxQQ3c4VlI4RWY4YTdQM3liRDFZbENkbXZLVm8tYlU5U0V4Y1o5UUl1cUFUSXczdTFiTUptMkNINV93RkJZanYwMURZNzRMX3FSVGc3Rk9wb0FNQmtIY2o0c3hBbm9fSzdLd2dJX3hOOVZFNWlRbTI0SGgxWnRUeUdzRU1yc3BQS241MF9FcmxBVHdZeWZtMTNvall1V2lDYW9nOTFYYWJkSlA1cHo4RUNIRngwVUk2dTVkQzZNcnR30gHDAUFVX3lxTFBDUzZ4WndBSGhNRDhCakVqUUg1eWoyMzBtbGpLZHNiV3o0UG92WUp3MHVIZktlY2VXakdUSGRKaVRjRjgxV3FNbEtnZWhIZzE5eWZ5YmVNOVRoWS1hMEE0Y0JIZTAyVjJkQVNvZ0Z3b1JjeTBydUExRmwxNDU4VXF3Zjd5M2EzbWk1TmNFcEtXbi1MMGpwN1hKVERFSm5uSVpad3FNSGkxa213ai10cHZ4aF9uWm5PcUtGZTFuaWxTLXVfZw?oc=5),Murió un joven al volcar su auto en Córdoba: investigan si corría una picada El Litoral,5f312c57243d965ed5ffa2efa7cab637a349daa5460c0649ef22b4bf9dfd7766,2026-08-13 17:05:19
292,🟡 Pendiente (Verificar Noticia),2026-08-13,2026-08-13,Cadena 3 Argentina,Violento choque de un auto contra un árbol en Córdoba: 2 muertos y 5 heridos - Cadena 3 Argentina,Montería (Casco Urbano / Sector en investigación),Montería (Casco Urbano / Sector en investigación),,Montería,No especificado,1,1,Baja (Centroide General Montería),8.7508,-75.8814,https://news.google.com/rss/articles/CBMi0gFBVV95cUxQcC1NSVdjTnZwZDZrZTRTMjJuQUdPdnRrNXp5S2gzdjlNX3VidmVSRWtxRjdxdlE1akswWUJyQlQ1VEE2UlFTa1UtclpKdWZTZFVtd21rcEpHMmFxd0J4bENQYTN5VjZfOGZNeWxFYzRoOGxQVDNOVXg5d3YyWndidVJDVWpWWlJLQ2NRZllydHdHQjlsc1VVSTg3eU1CRldwc1BpbmVVd0JycHZKSEo2Zl9Ed1BGQ09hTURSWmVUTnpia1BseFdoekF0S2hFRjZUa1HSAdcBQVVfeXFMT1JVX3l1QldqOUFIYXJsNmhMYTdQZVVUZkg5ekwxcy1QemRHaXJsM25TeG5qQ2pNeVBnM2VHR1Vkb0ZqcElndm5lVmVYSEtkMHZBajB6eWJhMFNXdDZ0d0JYakdieDdzTF9tU2djcEp4dzljcTJPbDRkYXlqYU1PZWxhSl9QUHJDanFYQWdJT2dNMU5wQmg2OC1YRVMwcm91QXBOcnJ0QXhabGR2WW5VdU91bTJmOTJWYzlMcWVwMXliQ242ajViQV9uNmFTTlozZmdYYV9STFk?oc=5,"<a href=""https://news.google.com/rss/articles/CBMi0gFBVV95cUxQcC1NSVdjTnZwZDZrZTRTMjJuQUdPdnRrNXp5S2gzdjlNX3VidmVSRWtxRjdxdlE1akswWUJyQlQ1VEE2UlFTa1UtclpKdWZTZFVtd21rcEpHMmFxd0J4bENQYTN5VjZfOGZNeWxFYzRoOGxQVDNOVXg5d3YyWndidVJDVWpWWlJLQ2NRZllydHdHQjlsc1VVSTg3eU1CRldwc1BpbmVVd0JycHZKSEo2Zl9Ed1BGQ09hTURSWmVUTnpia1BseFdoekF0S2hFRjZUa1HSAdcBQVVfeXFMT1JVX3l1QldqOUFIYXJsNmhMYTdQZVVUZkg5ekwxcy1QemRHaXJsM25TeG5qQ2pNeVBnM2VHR1Vkb0ZqcElndm5lVmVYSEtkMHZBajB6eWJhMFNXdDZ0d0JYakdieDdzTF9tU2djcEp4dzljcTJPbDRkYXlqYU1PZWxhSl9QUHJDanFYQWdJT2dNMU5wQmg2OC1YRVMwcm91QXBOcnJ0QXhabGR2WW5VdU91bTJmOTJWYzlMcWVwMXliQ242ajViQV9uNmFTTlozZmdYYV9STFk?oc=5"" target=""_blank"" class=""btn-link"">🔗 Abrir Noticia</a>",[🔗 Abrir Noticia](https://news.google.com/rss/articles/CBMi0gFBVV95cUxQcC1NSVdjTnZwZDZrZTRTMjJuQUdPdnRrNXp5S2gzdjlNX3VidmVSRWtxRjdxdlE1akswWUJyQlQ1VEE2UlFTa1UtclpKdWZTZFVtd21rcEpHMmFxd0J4bENQYTN5VjZfOGZNeWxFYzRoOGxQVDNOVXg5d3YyWndidVJDVWpWWlJLQ2NRZllydHdHQjlsc1VVSTg3eU1CRldwc1BpbmVVd0JycHZKSEo2Zl9Ed1BGQ09hTURSWmVUTnpia1BseFdoekF0S2hFRjZUa1HSAdcBQVVfeXFMT1JVX3l1QldqOUFIYXJsNmhMYTdQZVVUZkg5ekwxcy1QemRHaXJsM25TeG5qQ2pNeVBnM2VHR1Vkb0ZqcElndm5lVmVYSEtkMHZBajB6eWJhMFNXdDZ0d0JYakdieDdzTF9tU2djcEp4dzljcTJPbDRkYXlqYU1PZWxhSl9QUHJDanFYQWdJT2dNMU5wQmg2OC1YRVMwcm91QXBOcnJ0QXhabGR2WW5VdU91bTJmOTJWYzlMcWVwMXliQ242ajViQV9uNmFTTlozZmdYYV9STFk?oc=5),Violento choque de un auto contra un árbol en Córdoba: 2 muertos y 5 heridos Cadena 3 Argentina,3c40ac1741d723f4c96be3ee46aa11a40a8d9171e2b821bc542d28791794492b,2026-08-13 17:05:19
293,🟡 Pendiente (Verificar Noticia),2026-08-13,2026-08-13,La Rioja,Una logroñesa en el accidente de Córdoba: «De repente se fue la luz y la gente se puso a gritar y a llorar» - La Rioja,Montería (Casco Urbano / Sector en investigación),Montería (Casco Urbano / Sector en investigación),,Montería,No especificado,0,0,Baja (Centroide General Montería),8.7508,-75.8814,https://news.google.com/rss/articles/CBMiqgFBVV95cUxPUmZoQ3VRLS02cmZHSURMUHBwdkIwVTBTT1RNN3RfYXBjYmJaWWFqSHc1ZF9OWnlzVlZncmFQdllmd2kta3c4b3dqVUFTYXI2bHBlMGpYLTluQ2VNRXVoMmJ5dWE0Q0VRM000eEJ5a0dGeGU1NmZwcVh0YzVVSmRuSUNJMTJWWmRVNFJycUhhMFBZTVR1N2JkTkZZUEx5YXRzVmxTejZ5d1FTZ9IBrwFBVV95cUxOZnlvcEhSSXdXR0h2OVhXVW5hV3lEV01zYUU5dnhjV3pfZ0w2SzVMNm5Tbk44dDZZRlU2U3Uta1ZXdnotWVZ2dndzeURKTlJ1SHQyVGlrajh0WnZ2TEpXRmVVVzVqWDNRSHZyWEpndWJQaFJ4S3piUnFHSzFFaEttcHVPdDZVSG9PVmNIMWUwUkVYa0ZPS3hXWEpJcTBjOE02V2FfaFNjRmJJRGNLQkhF?oc=5,"<a href=""https://news.google.com/rss/articles/CBMiqgFBVV95cUxPUmZoQ3VRLS02cmZHSURMUHBwdkIwVTBTT1RNN3RfYXBjYmJaWWFqSHc1ZF9OWnlzVlZncmFQdllmd2kta3c4b3dqVUFTYXI2bHBlMGpYLTluQ2VNRXVoMmJ5dWE0Q0VRM000eEJ5a0dGeGU1NmZwcVh0YzVVSmRuSUNJMTJWWmRVNFJycUhhMFBZTVR1N2JkTkZZUEx5YXRzVmxTejZ5d1FTZ9IBrwFBVV95cUxOZnlvcEhSSXdXR0h2OVhXVW5hV3lEV01zYUU5dnhjV3pfZ0w2SzVMNm5Tbk44dDZZRlU2U3Uta1ZXdnotWVZ2dndzeURKTlJ1SHQyVGlrajh0WnZ2TEpXRmVVVzVqWDNRSHZyWEpndWJQaFJ4S3piUnFHSzFFaEttcHVPdDZVSG9PVmNIMWUwUkVYa0ZPS3hXWEpJcTBjOE02V2FfaFNjRmJJRGNLQkhF?oc=5"" target=""_blank"" class=""btn-link"">🔗 Abrir Noticia</a>",[🔗 Abrir Noticia](https://news.google.com/rss/articles/CBMiqgFBVV95cUxPUmZoQ3VRLS02cmZHSURMUHBwdkIwVTBTT1RNN3RfYXBjYmJaWWFqSHc1ZF9OWnlzVlZncmFQdllmd2kta3c4b3dqVUFTYXI2bHBlMGpYLTluQ2VNRXVoMmJ5dWE0Q0VRM000eEJ5a0dGeGU1NmZwcVh0YzVVSmRuSUNJMTJWWmRVNFJycUhhMFBZTVR1N2JkTkZZUEx5YXRzVmxTejZ5d1FTZ9IBrwFBVV95cUxOZnlvcEhSSXdXR0h2OVhXVW5hV3lEV01zYUU5dnhjV3pfZ0w2SzVMNm5Tbk44dDZZRlU2U3Uta1ZXdnotWVZ2dndzeURKTlJ1SHQyVGlrajh0WnZ2TEpXRmVVVzVqWDNRSHZyWEpndWJQaFJ4S3piUnFHSzFFaEttcHVPdDZVSG9PVmNIMWUwUkVYa0ZPS3hXWEpJcTBjOE02V2FfaFNjRmJJRGNLQkhF?oc=5),Una logroñesa en el accidente de Córdoba: «De repente se fue la luz y la gente se puso a gritar y a llorar» La Rioja,e9cf13d3ad95ff779316d752ce1135e10c0ece45018a87a1cb40768eb77e83c3,2026-08-13 17:05:19
294,🟡 Pendiente (Verificar Noticia),2026-08-13,2026-08-13,eldiariocantabria.es,Tres días de luto oficial en España por el accidente ferroviario en Adamuz - eldiariocantabria.es,Montería (Casco Urbano / Sector en investigación),Montería (Casco Urbano / Sector en investigación),,Montería,No especificado,0,0,Baja (Centroide General Montería),8.7508,-75.8814,https://news.google.com/rss/articles/CBMi1gFBVV95cUxPWkRiMFNYWWwtM2szM0tycUo3dTJyX1cyRzU2RWNxeDZNZmd2TFI4ZjJtSGlVRkVPc01TdmNKLU5MUVRvVXl0emNaOXFGS3dfa01OVEtfRmh5bHplQ3REb1AzeGJCM3FrckxyZ3BqOFVEaDZoM3FSa1VDbHZkUTc2eEp5Slo5RVBDNGJ4Nm1ZNkNoakxjdmMxYVhJcTd2NE1OT0RHejQyam9GTHp2MVMxOE5xelZxMDZySXBIYUxITEY4V0JWVXVaeGxHMUdBNDBZVGhmTG9R0gHbAUFVX3lxTE9oam5vYVEzZVRvbFZjMGg2cFhEU05EekVYQkNzME5pclBuVExmMVFpOVRDNFB4MjV0NWZtdDZYX01idGdfMS0zRFhCRHN1QW5xTldrRUp4WmQ2WnhmbTNYVnhEZW9wNmhyZHlCQV94Y29ySmYzcG1jUjF0dC1VYzcxdUtjUDVpMTNIeHJWc2VfYnhRc1lZLUQ5M1pDYWNvT01LcHNqZmNqVDZYYzBEbUNadWZZbXktQXFnaDJFZmJhZVZNZmFfLURFa1NWeGJVbFNqY2RMT2w4WmxnVQ?oc=5,"<a href=""https://news.google.com/rss/articles/CBMi1gFBVV95cUxPWkRiMFNYWWwtM2szM0tycUo3dTJyX1cyRzU2RWNxeDZNZmd2TFI4ZjJtSGlVRkVPc01TdmNKLU5MUVRvVXl0emNaOXFGS3dfa01OVEtfRmh5bHplQ3REb1AzeGJCM3FrckxyZ3BqOFVEaDZoM3FSa1VDbHZkUTc2eEp5Slo5RVBDNGJ4Nm1ZNkNoakxjdmMxYVhJcTd2NE1OT0RHejQyam9GTHp2MVMxOE5xelZxMDZySXBIYUxITEY4V0JWVXVaeGxHMUdBNDBZVGhmTG9R0gHbAUFVX3lxTE9oam5vYVEzZVRvbFZjMGg2cFhEU05EekVYQkNzME5pclBuVExmMVFpOVRDNFB4MjV0NWZtdDZYX01idGdfMS0zRFhCRHN1QW5xTldrRUp4WmQ2WnhmbTNYVnhEZW9wNmhyZHlCQV94Y29ySmYzcG1jUjF0dC1VYzcxdUtjUDVpMTNIeHJWc2VfYnhRc1lZLUQ5M1pDYWNvT01LcHNqZmNqVDZYYzBEbUNadWZZbXktQXFnaDJFZmJhZVZNZmFfLURFa1NWeGJVbFNqY2RMT2w4WmxnVQ?oc=5"" target=""_blank"" class=""btn-link"">🔗 Abrir Noticia</a>",[🔗 Abrir Noticia](https://news.google.com/rss/articles/CBMi1gFBVV95cUxPWkRiMFNYWWwtM2szM0tycUo3dTJyX1cyRzU2RWNxeDZNZmd2TFI4ZjJtSGlVRkVPc01TdmNKLU5MUVRvVXl0emNaOXFGS3dfa01OVEtfRmh5bHplQ3REb1AzeGJCM3FrckxyZ3BqOFVEaDZoM3FSa1VDbHZkUTc2eEp5Slo5RVBDNGJ4Nm1ZNkNoakxjdmMxYVhJcTd2NE1OT0RHejQyam9GTHp2MVMxOE5xelZxMDZySXBIYUxITEY4V0JWVXVaeGxHMUdBNDBZVGhmTG9R0gHbAUFVX3lxTE9oam5vYVEzZVRvbFZjMGg2cFhEU05EekVYQkNzME5pclBuVExmMVFpOVRDNFB4MjV0NWZtdDZYX01idGdfMS0zRFhCRHN1QW5xTldrRUp4WmQ2WnhmbTNYVnhEZW9wNmhyZHlCQV94Y29ySmYzcG1jUjF0dC1VYzcxdUtjUDVpMTNIeHJWc2VfYnhRc1lZLUQ5M1pDYWNvT01LcHNqZmNqVDZYYzBEbUNadWZZbXktQXFnaDJFZmJhZVZNZmFfLURFa1NWeGJVbFNqY2RMT2w4WmxnVQ?oc=5),Tres días de luto oficial en España por el accidente ferroviario en Adamuz eldiariocantabria.es,64d5b1d42b8f5c7e3e28dabe28b6300395a76c596b52ee349ff85f7f87cde88d,2026-08-13 17:05:19
295,🟡 Pendiente (Verificar Noticia),2026-08-13,2026-08-13,LOS40,"La reacción de Vanesa Martin al accidente de tren en Córdoba: ""Siento mucha tristeza"" - LOS40",Montería (Casco Urbano / Sector en investigación),Montería (Casco Urbano / Sector en investigación),,Montería,No especificado,0,0,Baja (Centroide General Montería),8.7508,-75.8814,https://news.google.com/rss/articles/CBMikwFBVV95cUxQeWI0WTctdk9lek9zMmhJM2xWQ3pORmlVeUgydDNXWl9VclJ3Nk9rUlpGUEo2Wmx1Yzl1QXZRYmhES3JPakdnZzNLcWx3X3pvSDZ6dTVDMUh3X0FEZjNWSmVtd1ZwbUFLVHk2MTFodnRDODl4ZmJQYVQ1YktqZzROV21NZldpTi10emFQWktSN0ZkNU3SAacBQVVfeXFMUEFIZDJ0NTRFaDZYQ3ZRb3lOTWlTWFIxZ21GRXVYcFZIYjdfMVZLcXpQc2s4Q2hsTjJuelZreXB6ajBiQkpqZ2RjaTI1YmFVSEJaU3hKWXlkLXRsLXRyV3NHaE9TMnBCV2ZRX2hXNGxMcVBWVC1Da1RBUzdUd3c5Y05zZk1tMG1OMnNtdU0zeG92T2pqMU9lSzRkdDU1THVxdVVyVWNpdm8?oc=5,"<a href=""https://news.google.com/rss/articles/CBMikwFBVV95cUxQeWI0WTctdk9lek9zMmhJM2xWQ3pORmlVeUgydDNXWl9VclJ3Nk9rUlpGUEo2Wmx1Yzl1QXZRYmhES3JPakdnZzNLcWx3X3pvSDZ6dTVDMUh3X0FEZjNWSmVtd1ZwbUFLVHk2MTFodnRDODl4ZmJQYVQ1YktqZzROV21NZldpTi10emFQWktSN0ZkNU3SAacBQVVfeXFMUEFIZDJ0NTRFaDZYQ3ZRb3lOTWlTWFIxZ21GRXVYcFZIYjdfMVZLcXpQc2s4Q2hsTjJuelZreXB6ajBiQkpqZ2RjaTI1YmFVSEJaU3hKWXlkLXRsLXRyV3NHaE9TMnBCV2ZRX2hXNGxMcVBWVC1Da1RBUzdUd3c5Y05zZk1tMG1OMnNtdU0zeG92T2pqMU9lSzRkdDU1THVxdVVyVWNpdm8?oc=5"" target=""_blank"" class=""btn-link"">🔗 Abrir Noticia</a>",[🔗 Abrir Noticia](https://news.google.com/rss/articles/CBMikwFBVV95cUxQeWI0WTctdk9lek9zMmhJM2xWQ3pORmlVeUgydDNXWl9VclJ3Nk9rUlpGUEo2Wmx1Yzl1QXZRYmhES3JPakdnZzNLcWx3X3pvSDZ6dTVDMUh3X0FEZjNWSmVtd1ZwbUFLVHk2MTFodnRDODl4ZmJQYVQ1YktqZzROV21NZldpTi10emFQWktSN0ZkNU3SAacBQVVfeXFMUEFIZDJ0NTRFaDZYQ3ZRb3lOTWlTWFIxZ21GRXVYcFZIYjdfMVZLcXpQc2s4Q2hsTjJuelZreXB6ajBiQkpqZ2RjaTI1YmFVSEJaU3hKWXlkLXRsLXRyV3NHaE9TMnBCV2ZRX2hXNGxMcVBWVC1Da1RBUzdUd3c5Y05zZk1tMG1OMnNtdU0zeG92T2pqMU9lSzRkdDU1THVxdVVyVWNpdm8?oc=5),"La reacción de Vanesa Martin al accidente de tren en Córdoba: ""Siento mucha tristeza"" LOS40",b2930e08d7be3708d6aef6a107562b9c6baefd1a129b68acff8c1d47a29ffc4c,2026-08-13 17:05:19
296,🟢 Verificada / Específica,2026-08-13,2026-08-13,Hoy Día Córdoba,Choque múltiple y vuelco en pleno centro de Córdoba | 16 de abril de 2026 - Hoy Día Córdoba,"Sector/Barrio Centro, Montería","Sector/Barrio Centro, Montería",Centro,Montería,No especificado,0,0,Alta (Centroide Hito/Barrio Verificado),8.751,-75.885,https://news.google.com/rss/articles/CBMiigFBVV95cUxOdTFoYmFIOG5ZSU9PVkpDRGxaZ2MyUlF0UFRzMWpJS09lbTM5V2JUSGtpWVZwY0ZPa0RNUUdqUU1EWmhuQU9lNzFiUXZOVDcxRE1JSXdWZklKdzJ2bDdRc0hwdHVEVXJETVhiY2pVdS1GZWpQNHljS054R2N2emtwc0x4Ymljb3prTGfSAY8BQVVfeXFMT3NlZ3NGUFhIQm9zbFItcmE2V1l2QllwVmF1bjMtM1FZdkhidV8yLWpRUzY1NVFvYWRPZ1lneUdnNXBSS0dMWnlOYmVjemtSVktzS2xTd3RIVnFsbXl4b0JGekZVWlM3bkpmdFBpZW9YMnl6WlRyS1BfLU02VWtHX1d0blZyOThPSENOSDdRck0?oc=5,"<a href=""https://news.google.com/rss/articles/CBMiigFBVV95cUxOdTFoYmFIOG5ZSU9PVkpDRGxaZ2MyUlF0UFRzMWpJS09lbTM5V2JUSGtpWVZwY0ZPa0RNUUdqUU1EWmhuQU9lNzFiUXZOVDcxRE1JSXdWZklKdzJ2bDdRc0hwdHVEVXJETVhiY2pVdS1GZWpQNHljS054R2N2emtwc0x4Ymljb3prTGfSAY8BQVVfeXFMT3NlZ3NGUFhIQm9zbFItcmE2V1l2QllwVmF1bjMtM1FZdkhidV8yLWpRUzY1NVFvYWRPZ1lneUdnNXBSS0dMWnlOYmVjemtSVktzS2xTd3RIVnFsbXl4b0JGekZVWlM3bkpmdFBpZW9YMnl6WlRyS1BfLU02VWtHX1d0blZyOThPSENOSDdRck0?oc=5"" target=""_blank"" class=""btn-link"">🔗 Abrir Noticia</a>",[🔗 Abrir Noticia](https://news.google.com/rss/articles/CBMiigFBVV95cUxOdTFoYmFIOG5ZSU9PVkpDRGxaZ2MyUlF0UFRzMWpJS09lbTM5V2JUSGtpWVZwY0ZPa0RNUUdqUU1EWmhuQU9lNzFiUXZOVDcxRE1JSXdWZklKdzJ2bDdRc0hwdHVEVXJETVhiY2pVdS1GZWpQNHljS054R2N2emtwc0x4Ymljb3prTGfSAY8BQVVfeXFMT3NlZ3NGUFhIQm9zbFItcmE2V1l2QllwVmF1bjMtM1FZdkhidV8yLWpRUzY1NVFvYWRPZ1lneUdnNXBSS0dMWnlOYmVjemtSVktzS2xTd3RIVnFsbXl4b0JGekZVWlM3bkpmdFBpZW9YMnl6WlRyS1BfLU02VWtHX1d0blZyOThPSENOSDdRck0?oc=5),Choque múltiple y vuelco en pleno centro de Córdoba | 16 de abril de 2026 Hoy Día Córdoba,dd5491e6a1c1aee62b2351b86d2217a5edaf84ede17114753246be9cbac759f5,2026-08-13 17:05:19
297,🟢 Verificada / Específica,2026-08-13,2026-08-13,Cadena 3 Argentina,Grave accidente en el centro de Córdoba: hay cuatro heridos hospitalizados - Cadena 3 Argentina,"Sector/Barrio Centro, Montería","Sector/Barrio Centro, Montería",Centro,Montería,No especificado,0,1,Alta (Centroide Hito/Barrio Verificado),8.751,-75.885,https://news.google.com/rss/articles/CBMixAFBVV95cUxOSDVIZk4tUWdiTm9SYUg4Y3RUSldneUd1c2xWUU1qNnR1TmpIZkZZbkpUYlFpSUQwRTlqNGRuTzcyOFdWeTNCd2M2ejNJeXVZT3hTcFJnc0JZVkFSOTRJaHBVZExhT21VV21FMWVkci0xZ0twamFmQUx3OFpTSGhfUE51TEUtRmRsNzFrV3RNeDIxdk1RUC1HejRGRmU4UUpkZFlPS1cwQkFhNHdfUmlqMDVYSFpTU0pWbE1tMFRmV1hOMlNw0gHKAUFVX3lxTE56QjhNNlJuSmcyT2o0TGEycFY3VWJmaEVON1lrdkhrX0UyWkRHSWZrWDlPbzVWaWdocVZGSW5XOGc5U1VXWTlLZzFKSzFHWGlCVzktQ0lvZzQyN09OY0dyVW9iY1VMREhhdGFJRmJreUR6T2NiVnVsdTBUaVowQzlZNmhHODQyYjhucTVkdmExLWFSTWdtaERHU2xqbFlscUxNUmhHWFZydVlXZkUxZ0d5OXNudDlGZmRrbE5RZUMtRktCVmZRVGozS1E?oc=5,"<a href=""https://news.google.com/rss/articles/CBMixAFBVV95cUxOSDVIZk4tUWdiTm9SYUg4Y3RUSldneUd1c2xWUU1qNnR1TmpIZkZZbkpUYlFpSUQwRTlqNGRuTzcyOFdWeTNCd2M2ejNJeXVZT3hTcFJnc0JZVkFSOTRJaHBVZExhT21VV21FMWVkci0xZ0twamFmQUx3OFpTSGhfUE51TEUtRmRsNzFrV3RNeDIxdk1RUC1HejRGRmU4UUpkZFlPS1cwQkFhNHdfUmlqMDVYSFpTU0pWbE1tMFRmV1hOMlNw0gHKAUFVX3lxTE56QjhNNlJuSmcyT2o0TGEycFY3VWJmaEVON1lrdkhrX0UyWkRHSWZrWDlPbzVWaWdocVZGSW5XOGc5U1VXWTlLZzFKSzFHWGlCVzktQ0lvZzQyN09OY0dyVW9iY1VMREhhdGFJRmJreUR6T2NiVnVsdTBUaVowQzlZNmhHODQyYjhucTVkdmExLWFSTWdtaERHU2xqbFlscUxNUmhHWFZydVlXZkUxZ0d5OXNudDlGZmRrbE5RZUMtRktCVmZRVGozS1E?oc=5"" target=""_blank"" class=""btn-link"">🔗 Abrir Noticia</a>",[🔗 Abrir Noticia](https://news.google.com/rss/articles/CBMixAFBVV95cUxOSDVIZk4tUWdiTm9SYUg4Y3RUSldneUd1c2xWUU1qNnR1TmpIZkZZbkpUYlFpSUQwRTlqNGRuTzcyOFdWeTNCd2M2ejNJeXVZT3hTcFJnc0JZVkFSOTRJaHBVZExhT21VV21FMWVkci0xZ0twamFmQUx3OFpTSGhfUE51TEUtRmRsNzFrV3RNeDIxdk1RUC1HejRGRmU4UUpkZFlPS1cwQkFhNHdfUmlqMDVYSFpTU0pWbE1tMFRmV1hOMlNw0gHKAUFVX3lxTE56QjhNNlJuSmcyT2o0TGEycFY3VWJmaEVON1lrdkhrX0UyWkRHSWZrWDlPbzVWaWdocVZGSW5XOGc5U1VXWTlLZzFKSzFHWGlCVzktQ0lvZzQyN09OY0dyVW9iY1VMREhhdGFJRmJreUR6T2NiVnVsdTBUaVowQzlZNmhHODQyYjhucTVkdmExLWFSTWdtaERHU2xqbFlscUxNUmhHWFZydVlXZkUxZ0d5OXNudDlGZmRrbE5RZUMtRktCVmZRVGozS1E?oc=5),Grave accidente en el centro de Córdoba: hay cuatro heridos hospitalizados Cadena 3 Argentina,53734e7a2ede720ed2aa030f92ebd60193bd11355ba7d6efa69d7c29499310af,2026-08-13 17:05:19
298,🟡 Pendiente (Verificar Noticia),2026-08-13,2026-08-13,Infobae,"Iván Marín, capitán del CD Avejoe Adamuz y uno de los primeros en llegar al accidente: “Había cuerpos tirados por la vía... mejor no verlo” - Infobae",Montería (Casco Urbano / Sector en investigación),Montería (Casco Urbano / Sector en investigación),,Montería,No especificado,0,0,Baja (Centroide General Montería),8.7508,-75.8814,https://news.google.com/rss/articles/CBMihgJBVV95cUxQMklfRzBQb1ZMVTVMeXFuUVJGbHRnQV9iekJJZUtnMS1jWDRfdmRrMTZ4UFlTdERmVE5NWVNFVXR2bDF0M3RTQUh3ZlNGdlQ2a3V0amNzOE5jWnRDWGMzS192Tlh5OVBmUjlRTlZwTzlNLTlLanUzYTZ5ZXpySXZxaElXbTlqT2VReHdJenpGeUhDNFpOb3V5ZlJTZmJMQzV6ekNsMXRkTDhSU0Z5UVZ5SEkyc3NSam5mWlI1cUxVbDFsemRxQlFGcnFwbVhGeG5ETTgwYnBlU09hZi1EclQwNWJURks0N0xoX25zdDdGbENBT0dqWTRFUXhnelpTd2JaZFhZSEpR0gGgAkFVX3lxTE1ZMGgyb1NvYVlkS2FXbGRfMktzSk94ZFh1MmFvX0hmTXpWc0VzdDNZX000WFZVWnd1X3ZJUmN2R1pBZm1CUmU3UGdxTm9rWW9WWnd0blYzb09ZOU5GcTJIaFFRRnotTm5YakN4TW41b0V0c3VkUHZETHh1Mm1qcWtwb1lYejhlbW1MZ2I3MDBLZzMzMjVwWUI3SVRoaWNhbHg1aDZsQ1lROENPRmdObW9ScTByQmxWT3phaEZ3R2p3YVVubjFpdVl3MGJKWWVtcnlaV2d5bUllRjlDSkJSb3RGU1NhWk9sVG8ydDBFQ1g5Y1NGSlFTLWpoMWJYUGZzdVcyWXhqN1YwUTZOaGdVcVBmc3J2a1VseFpqVjR1UnFUTA?oc=5,"<a href=""https://news.google.com/rss/articles/CBMihgJBVV95cUxQMklfRzBQb1ZMVTVMeXFuUVJGbHRnQV9iekJJZUtnMS1jWDRfdmRrMTZ4UFlTdERmVE5NWVNFVXR2bDF0M3RTQUh3ZlNGdlQ2a3V0amNzOE5jWnRDWGMzS192Tlh5OVBmUjlRTlZwTzlNLTlLanUzYTZ5ZXpySXZxaElXbTlqT2VReHdJenpGeUhDNFpOb3V5ZlJTZmJMQzV6ekNsMXRkTDhSU0Z5UVZ5SEkyc3NSam5mWlI1cUxVbDFsemRxQlFGcnFwbVhGeG5ETTgwYnBlU09hZi1EclQwNWJURks0N0xoX25zdDdGbENBT0dqWTRFUXhnelpTd2JaZFhZSEpR0gGgAkFVX3lxTE1ZMGgyb1NvYVlkS2FXbGRfMktzSk94ZFh1MmFvX0hmTXpWc0VzdDNZX000WFZVWnd1X3ZJUmN2R1pBZm1CUmU3UGdxTm9rWW9WWnd0blYzb09ZOU5GcTJIaFFRRnotTm5YakN4TW41b0V0c3VkUHZETHh1Mm1qcWtwb1lYejhlbW1MZ2I3MDBLZzMzMjVwWUI3SVRoaWNhbHg1aDZsQ1lROENPRmdObW9ScTByQmxWT3phaEZ3R2p3YVVubjFpdVl3MGJKWWVtcnlaV2d5bUllRjlDSkJSb3RGU1NhWk9sVG8ydDBFQ1g5Y1NGSlFTLWpoMWJYUGZzdVcyWXhqN1YwUTZOaGdVcVBmc3J2a1VseFpqVjR1UnFUTA?oc=5"" target=""_blank"" class=""btn-link"">🔗 Abrir Noticia</a>",[🔗 Abrir Noticia](https://news.google.com/rss/articles/CBMihgJBVV95cUxQMklfRzBQb1ZMVTVMeXFuUVJGbHRnQV9iekJJZUtnMS1jWDRfdmRrMTZ4UFlTdERmVE5NWVNFVXR2bDF0M3RTQUh3ZlNGdlQ2a3V0amNzOE5jWnRDWGMzS192Tlh5OVBmUjlRTlZwTzlNLTlLanUzYTZ5ZXpySXZxaElXbTlqT2VReHdJenpGeUhDNFpOb3V5ZlJTZmJMQzV6ekNsMXRkTDhSU0Z5UVZ5SEkyc3NSam5mWlI1cUxVbDFsemRxQlFGcnFwbVhGeG5ETTgwYnBlU09hZi1EclQwNWJURks0N0xoX25zdDdGbENBT0dqWTRFUXhnelpTd2JaZFhZSEpR0gGgAkFVX3lxTE1ZMGgyb1NvYVlkS2FXbGRfMktzSk94ZFh1MmFvX0hmTXpWc0VzdDNZX000WFZVWnd1X3ZJUmN2R1pBZm1CUmU3UGdxTm9rWW9WWnd0blYzb09ZOU5GcTJIaFFRRnotTm5YakN4TW41b0V0c3VkUHZETHh1Mm1qcWtwb1lYejhlbW1MZ2I3MDBLZzMzMjVwWUI3SVRoaWNhbHg1aDZsQ1lROENPRmdObW9ScTByQmxWT3phaEZ3R2p3YVVubjFpdVl3MGJKWWVtcnlaV2d5bUllRjlDSkJSb3RGU1NhWk9sVG8ydDBFQ1g5Y1NGSlFTLWpoMWJYUGZzdVcyWXhqN1YwUTZOaGdVcVBmc3J2a1VseFpqVjR1UnFUTA?oc=5),"Iván Marín, capitán del CD Avejoe Adamuz y uno de los primeros en llegar al accidente: “Había cuerpos tirados por la vía... mejor no verlo” Infobae",56d70c2d1e5dbd01c572269437925c00dc97c0a149bc2ce52115859a91e2b625,2026-08-13 17:05:19
299,🟡 Pendiente (Verificar Noticia),2026-08-13,2026-08-13,eltrecetv,Trágico accidente en Villa Crespo: dos motociclistas murieron tras chocar contra un colectivo - eltrecetv,Montería (Casco Urbano / Sector en investigación),Montería (Casco Urbano / Sector en investigación),,Montería,Bus / Transporte Público,1,0,Baja (Centroide General Montería),8.7508,-75.8814,https://news.google.com/rss/articles/CBMi5gFBVV95cUxPMVl1T1F3SW9Ebl9zZEZvSFVLRUFfUkxaZDVRUGRaZVRsRVNia1p6aTVCb3lVM3NHY21pZ2VodFdGcVhkV2hibFVlek1XYWhSMVlmVk50YmFIclpOWWY2ZEVnMGZJNTVxQzZrOVpXajMwWUt6RWZmZi1ONWtUNmJtMGYwVEw4dkJLNGY2aVRQb0RSTkdwX3kxZ0hmNEljR0VKaXVoYUl1NjFveUs0MC0tVnFnazhUUFpISVM3RmZpR183bjgzckpYaXFRSmVUMElvazdUc2dvWTJKWl9HcGdEQko2bEdIZ9IB-gFBVV95cUxPLXNvS28xZXJVb1hTNEs5c0djR1hXc1ZpaUtCTVZ2SDF5cnVkUzF3bG56MVEzcUVPMEc5a0Vna04wdkFxQlNrMzk3SS1wdHBwRE5JR0ZVT2xGdFZiNmhrUkhRQTZhQjFLWmtFZTNsOW52MkluN1lIVXA4LUN3cWt2RVRaY3pNNC1zRy1oVTlvdEw1ZlR3T2JlemJqRTI5NFNFLWpOVlJoclFUSVppZkZtODJTVXV6dG1Ca29fVmpTZjZGb3JnVnItYmdna2lMRnRvTWs4b1FKbjRGNkRsUkw3SjVydGJ6YVNVbk9vc3JQVHlTa1hGRTV0RXhR?oc=5,"<a href=""https://news.google.com/rss/articles/CBMi5gFBVV95cUxPMVl1T1F3SW9Ebl9zZEZvSFVLRUFfUkxaZDVRUGRaZVRsRVNia1p6aTVCb3lVM3NHY21pZ2VodFdGcVhkV2hibFVlek1XYWhSMVlmVk50YmFIclpOWWY2ZEVnMGZJNTVxQzZrOVpXajMwWUt6RWZmZi1ONWtUNmJtMGYwVEw4dkJLNGY2aVRQb0RSTkdwX3kxZ0hmNEljR0VKaXVoYUl1NjFveUs0MC0tVnFnazhUUFpISVM3RmZpR183bjgzckpYaXFRSmVUMElvazdUc2dvWTJKWl9HcGdEQko2bEdIZ9IB-gFBVV95cUxPLXNvS28xZXJVb1hTNEs5c0djR1hXc1ZpaUtCTVZ2SDF5cnVkUzF3bG56MVEzcUVPMEc5a0Vna04wdkFxQlNrMzk3SS1wdHBwRE5JR0ZVT2xGdFZiNmhrUkhRQTZhQjFLWmtFZTNsOW52MkluN1lIVXA4LUN3cWt2RVRaY3pNNC1zRy1oVTlvdEw1ZlR3T2JlemJqRTI5NFNFLWpOVlJoclFUSVppZkZtODJTVXV6dG1Ca29fVmpTZjZGb3JnVnItYmdna2lMRnRvTWs4b1FKbjRGNkRsUkw3SjVydGJ6YVNVbk9vc3JQVHlTa1hGRTV0RXhR?oc=5"" target=""_blank"" class=""btn-link"">🔗 Abrir Noticia</a>",[🔗 Abrir Noticia](https://news.google.com/rss/articles/CBMi5gFBVV95cUxPMVl1T1F3SW9Ebl9zZEZvSFVLRUFfUkxaZDVRUGRaZVRsRVNia1p6aTVCb3lVM3NHY21pZ2VodFdGcVhkV2hibFVlek1XYWhSMVlmVk50YmFIclpOWWY2ZEVnMGZJNTVxQzZrOVpXajMwWUt6RWZmZi1ONWtUNmJtMGYwVEw4dkJLNGY2aVRQb0RSTkdwX3kxZ0hmNEljR0VKaXVoYUl1NjFveUs0MC0tVnFnazhUUFpISVM3RmZpR183bjgzckpYaXFRSmVUMElvazdUc2dvWTJKWl9HcGdEQko2bEdIZ9IB-gFBVV95cUxPLXNvS28xZXJVb1hTNEs5c0djR1hXc1ZpaUtCTVZ2SDF5cnVkUzF3bG56MVEzcUVPMEc5a0Vna04wdkFxQlNrMzk3SS1wdHBwRE5JR0ZVT2xGdFZiNmhrUkhRQTZhQjFLWmtFZTNsOW52MkluN1lIVXA4LUN3cWt2RVRaY3pNNC1zRy1oVTlvdEw1ZlR3T2JlemJqRTI5NFNFLWpOVlJoclFUSVppZkZtODJTVXV6dG1Ca29fVmpTZjZGb3JnVnItYmdna2lMRnRvTWs4b1FKbjRGNkRsUkw3SjVydGJ6YVNVbk9vc3JQVHlTa1hGRTV0RXhR?oc=5),Trágico accidente en Villa Crespo: dos motociclistas murieron tras chocar contra un colectivo eltrecetv,1be408a58bb1c9ae8c02dc3444e28a500f53d3279ccf61b0ecf7895f5a308908,2026-08-13 17:05:19
300,🟡 Pendiente (Verificar Noticia),2026-08-13,2026-08-13,W Radio México,Video del descarrilamiento en España: así se vivió el accidente desde dentro de los vagones tras el choque de trenes - W Radio México,Montería (Casco Urbano / Sector en investigación),Montería (Casco Urbano / Sector en investigación),,Montería,No especificado,0,0,Baja (Centroide General Montería),8.7508,-75.8814,https://news.google.com/rss/articles/CBMi4wFBVV95cUxOdk50SlBCVzlubGNVTERaMy14WVFDV3B1dmx3QVpWeGNpQ094eDFfbC1HSjJJU1hGbEtHbjBkMll6VV9udXZzS0dxNFpjLVpMR3JVSllnQk1CNmRrQkRXWEpGeUVpYUxJaWJTamV1cTNaS2dxbnowMl94a2QtVVlKNW9ndUVQYVp3MktuNDNyVVhwWG9RV09yWFp2b3JvNHp2b1hkeC1xRTJOYUJ2NW9xRi1PcVVIdmxWV1lnRm9ad0ptTDZrbVlfNndNNjBzOW1UNnNUUk9ldUZ4ZFFLM3U4S2FIdw?oc=5,"<a href=""https://news.google.com/rss/articles/CBMi4wFBVV95cUxOdk50SlBCVzlubGNVTERaMy14WVFDV3B1dmx3QVpWeGNpQ094eDFfbC1HSjJJU1hGbEtHbjBkMll6VV9udXZzS0dxNFpjLVpMR3JVSllnQk1CNmRrQkRXWEpGeUVpYUxJaWJTamV1cTNaS2dxbnowMl94a2QtVVlKNW9ndUVQYVp3MktuNDNyVVhwWG9RV09yWFp2b3JvNHp2b1hkeC1xRTJOYUJ2NW9xRi1PcVVIdmxWV1lnRm9ad0ptTDZrbVlfNndNNjBzOW1UNnNUUk9ldUZ4ZFFLM3U4S2FIdw?oc=5"" target=""_blank"" class=""btn-link"">🔗 Abrir Noticia</a>",[🔗 Abrir Noticia](https://news.google.com/rss/articles/CBMi4wFBVV95cUxOdk50SlBCVzlubGNVTERaMy14WVFDV3B1dmx3QVpWeGNpQ094eDFfbC1HSjJJU1hGbEtHbjBkMll6VV9udXZzS0dxNFpjLVpMR3JVSllnQk1CNmRrQkRXWEpGeUVpYUxJaWJTamV1cTNaS2dxbnowMl94a2QtVVlKNW9ndUVQYVp3MktuNDNyVVhwWG9RV09yWFp2b3JvNHp2b1hkeC1xRTJOYUJ2NW9xRi1PcVVIdmxWV1lnRm9ad0ptTDZrbVlfNndNNjBzOW1UNnNUUk9ldUZ4ZFFLM3U4S2FIdw?oc=5),Video del descarrilamiento en España: así se vivió el accidente desde dentro de los vagones tras el choque de trenes W Radio México,b11d83ff72ba90d647ca5aabf317bd8f7a1f4358e9fe41385a893d5d16381329,2026-08-13 17:05:19
301,🟡 Pendiente (Verificar Noticia),2026-08-13,2026-08-13,Infobae,Santa Fe: un camión que cargaba vacas volcó y los vecinos intentaron faenar a los animales - Infobae,Montería (Casco Urbano / Sector en investigación),Montería (Casco Urbano / Sector en investigación),,Montería,Camión / Carga,0,0,Baja (Centroide General Montería),8.7508,-75.8814,https://news.google.com/rss/articles/CBMizwFBVV95cUxPMDgxTkNUWDByRDk2TTg2SEt3VVRGZ0hjdVdoRHg3UW1Kd0ZiNUZXUnpEUUJ6dTdlR1p3VDBNU21GaWhFR3hDbjdwZFQ2ZzlDc3RPUEhRaU4zMzB2bGg4aUpoSjgxTElTLXlzYmw5TEhFSXFBOEt2b0lkblVHWVYzcVZISGp2WmR4bVVoRlIyM0xNNnlia2xyTEtQWGQyY01BUW5NLUtsU1JyUGdHUF9GUEpvREoyTDVlU0tXVVNTbG1kcFYwOHVtUDRKeVhsdm_SAeoBQVVfeXFMUE9VTWZGOUlGSFk3bmZldlQtUmtXbGMyUFQwdFQyZWpRMjZRUE9nbEVvMUVTNTV2T1RIY1RzTTdfYjRHYnhXMi1wMEtWajNPTHdXZkZRQW43XzEwQ3ZNLV9IYXVyR0wzTHF3NFJJcjNXWVdQRmQyM0tKZDB6eGpFQUVtSXloa0x6RWdyRVVQc3FXcE9vX2VMYWdMWk1ZMUZvUGdQZm5xVUNMdUtwMzBXWkMyN1p4RDV2S2FIOVdQdFBHbG92QmJOdnF3WjVtQ3RYT2ota19HQWRrRVJLS25jZUpjNTZRSjRLcVNn?oc=5,"<a href=""https://news.google.com/rss/articles/CBMizwFBVV95cUxPMDgxTkNUWDByRDk2TTg2SEt3VVRGZ0hjdVdoRHg3UW1Kd0ZiNUZXUnpEUUJ6dTdlR1p3VDBNU21GaWhFR3hDbjdwZFQ2ZzlDc3RPUEhRaU4zMzB2bGg4aUpoSjgxTElTLXlzYmw5TEhFSXFBOEt2b0lkblVHWVYzcVZISGp2WmR4bVVoRlIyM0xNNnlia2xyTEtQWGQyY01BUW5NLUtsU1JyUGdHUF9GUEpvREoyTDVlU0tXVVNTbG1kcFYwOHVtUDRKeVhsdm_SAeoBQVVfeXFMUE9VTWZGOUlGSFk3bmZldlQtUmtXbGMyUFQwdFQyZWpRMjZRUE9nbEVvMUVTNTV2T1RIY1RzTTdfYjRHYnhXMi1wMEtWajNPTHdXZkZRQW43XzEwQ3ZNLV9IYXVyR0wzTHF3NFJJcjNXWVdQRmQyM0tKZDB6eGpFQUVtSXloa0x6RWdyRVVQc3FXcE9vX2VMYWdMWk1ZMUZvUGdQZm5xVUNMdUtwMzBXWkMyN1p4RDV2S2FIOVdQdFBHbG92QmJOdnF3WjVtQ3RYT2ota19HQWRrRVJLS25jZUpjNTZRSjRLcVNn?oc=5"" target=""_blank"" class=""btn-link"">🔗 Abrir Noticia</a>",[🔗 Abrir Noticia](https://news.google.com/rss/articles/CBMizwFBVV95cUxPMDgxTkNUWDByRDk2TTg2SEt3VVRGZ0hjdVdoRHg3UW1Kd0ZiNUZXUnpEUUJ6dTdlR1p3VDBNU21GaWhFR3hDbjdwZFQ2ZzlDc3RPUEhRaU4zMzB2bGg4aUpoSjgxTElTLXlzYmw5TEhFSXFBOEt2b0lkblVHWVYzcVZISGp2WmR4bVVoRlIyM0xNNnlia2xyTEtQWGQyY01BUW5NLUtsU1JyUGdHUF9GUEpvREoyTDVlU0tXVVNTbG1kcFYwOHVtUDRKeVhsdm_SAeoBQVVfeXFMUE9VTWZGOUlGSFk3bmZldlQtUmtXbGMyUFQwdFQyZWpRMjZRUE9nbEVvMUVTNTV2T1RIY1RzTTdfYjRHYnhXMi1wMEtWajNPTHdXZkZRQW43XzEwQ3ZNLV9IYXVyR0wzTHF3NFJJcjNXWVdQRmQyM0tKZDB6eGpFQUVtSXloa0x6RWdyRVVQc3FXcE9vX2VMYWdMWk1ZMUZvUGdQZm5xVUNMdUtwMzBXWkMyN1p4RDV2S2FIOVdQdFBHbG92QmJOdnF3WjVtQ3RYT2ota19HQWRrRVJLS25jZUpjNTZRSjRLcVNn?oc=5),Santa Fe: un camión que cargaba vacas volcó y los vecinos intentaron faenar a los animales Infobae,bc29d40b84c72da6d0b5d817295b87f3f45a300ffe79a1c0432a99aae950d50f,2026-08-13 17:05:19
302,🟡 Pendiente (Verificar Noticia),2026-08-13,2026-08-13,Infobae,"Rafael, Óscar, María...: los rostros de la tragedia de Adamuz que perdieron la vida en las vías de tren - Infobae",Montería (Casco Urbano / Sector en investigación),Montería (Casco Urbano / Sector en investigación),,Montería,No especificado,1,0,Baja (Centroide General Montería),8.7508,-75.8814,https://news.google.com/rss/articles/CBMi1wFBVV95cUxPcFNjbE9YNXlnRW9LblJvVndaRV9oa0xvN2Nlcm9aS0hyYTlMRnNSTnd2VFBTUFM4LW9mazc4eUpqSFF1b015R045aFRqcnFXM1FSdDFpbm56X01JMkI5Q2hvZXJfb2p6enVpRURBVzV1YVpORWRQMDlWVWZkT2ZpUGJzS0d3T0x3c2NiV0U4bEoyYmVDTkZKdThlY2RzT2hDZUVBajIxbnVZYzhUamVaSFNLUm4wZVp5Rks2eEgwemVDRjFTcHJGWE9YNFhrM2hYeWRlNUYxY9IB8gFBVV95cUxQV1doYWIyeFkyX2NtZkl0TktBempZYzJDVUhYSDBmYWYzSU4wZmotR3hCX1ZQb1pnQThrWmhROEpyM3ExSGNyelBSUGR3RFNTRlVDdUloNXQ0MTJQS2pFYjVBV1ZWLWVmQ3A4ak4zQXlZRmljaGdMeHVlNDNVbUZFb3puVm9JaEg2bVQtbnNTMEYyTWJjVUd3WE1wZVNOZXk5UnByNUo0MzVOcjY4ZXRJRnhGM1E1cXJoTGkxZ0FmSVlhVWhTYmp4OUNTWWM5ajdreFRWc3ExZnhQaEtwSDhIV2VHSFZXVzNoNkZTWlFCbHZrZw?oc=5,"<a href=""https://news.google.com/rss/articles/CBMi1wFBVV95cUxPcFNjbE9YNXlnRW9LblJvVndaRV9oa0xvN2Nlcm9aS0hyYTlMRnNSTnd2VFBTUFM4LW9mazc4eUpqSFF1b015R045aFRqcnFXM1FSdDFpbm56X01JMkI5Q2hvZXJfb2p6enVpRURBVzV1YVpORWRQMDlWVWZkT2ZpUGJzS0d3T0x3c2NiV0U4bEoyYmVDTkZKdThlY2RzT2hDZUVBajIxbnVZYzhUamVaSFNLUm4wZVp5Rks2eEgwemVDRjFTcHJGWE9YNFhrM2hYeWRlNUYxY9IB8gFBVV95cUxQV1doYWIyeFkyX2NtZkl0TktBempZYzJDVUhYSDBmYWYzSU4wZmotR3hCX1ZQb1pnQThrWmhROEpyM3ExSGNyelBSUGR3RFNTRlVDdUloNXQ0MTJQS2pFYjVBV1ZWLWVmQ3A4ak4zQXlZRmljaGdMeHVlNDNVbUZFb3puVm9JaEg2bVQtbnNTMEYyTWJjVUd3WE1wZVNOZXk5UnByNUo0MzVOcjY4ZXRJRnhGM1E1cXJoTGkxZ0FmSVlhVWhTYmp4OUNTWWM5ajdreFRWc3ExZnhQaEtwSDhIV2VHSFZXVzNoNkZTWlFCbHZrZw?oc=5"" target=""_blank"" class=""btn-link"">🔗 Abrir Noticia</a>",[🔗 Abrir Noticia](https://news.google.com/rss/articles/CBMi1wFBVV95cUxPcFNjbE9YNXlnRW9LblJvVndaRV9oa0xvN2Nlcm9aS0hyYTlMRnNSTnd2VFBTUFM4LW9mazc4eUpqSFF1b015R045aFRqcnFXM1FSdDFpbm56X01JMkI5Q2hvZXJfb2p6enVpRURBVzV1YVpORWRQMDlWVWZkT2ZpUGJzS0d3T0x3c2NiV0U4bEoyYmVDTkZKdThlY2RzT2hDZUVBajIxbnVZYzhUamVaSFNLUm4wZVp5Rks2eEgwemVDRjFTcHJGWE9YNFhrM2hYeWRlNUYxY9IB8gFBVV95cUxQV1doYWIyeFkyX2NtZkl0TktBempZYzJDVUhYSDBmYWYzSU4wZmotR3hCX1ZQb1pnQThrWmhROEpyM3ExSGNyelBSUGR3RFNTRlVDdUloNXQ0MTJQS2pFYjVBV1ZWLWVmQ3A4ak4zQXlZRmljaGdMeHVlNDNVbUZFb3puVm9JaEg2bVQtbnNTMEYyTWJjVUd3WE1wZVNOZXk5UnByNUo0MzVOcjY4ZXRJRnhGM1E1cXJoTGkxZ0FmSVlhVWhTYmp4OUNTWWM5ajdreFRWc3ExZnhQaEtwSDhIV2VHSFZXVzNoNkZTWlFCbHZrZw?oc=5),"Rafael, Óscar, María...: los rostros de la tragedia de Adamuz que perdieron la vida en las vías de tren Infobae",53133b7bd796a0b05ce9bad5a81d79c8623d75146b2058e38ccf533298cafd35,2026-08-13 17:05:19
303,🟡 Pendiente (Verificar Noticia),2026-08-13,2026-08-13,EL PAÍS,El primer informe de la Guardia Civil sobre Adamuz mantiene abiertas ocho hipótesis sobre el accidente - EL PAÍS,Montería (Casco Urbano / Sector en investigación),Montería (Casco Urbano / Sector en investigación),,Montería,No especificado,0,0,Baja (Centroide General Montería),8.7508,-75.8814,https://news.google.com/rss/articles/CBMi3AFBVV95cUxQc3VhREZhWFRxX25XYUpxMFdSVnRrUDhSdW04SkI2YjdLODJJLWdJN3dobXQ0TFRCZzg5Q05MNllSaHY5WjFZXzc2SEdQX0RZNURlNTdvY2dHMEhqTnJiZlN2cFU5d1h6LVY5UUdYVXBFQllHY2o2NWI0ZVpWSmV4MGlPUkFQNVNQc00wVVE2MnNmYUhXNGZOYkZJM293alRXSl92Nk1zMWw0TkREaHJpU1VHRVlWN0s2dFhJNzhieTZRUmhLTk1vNEtJN3FsdGVyaXc2TnFHcmdOdlRm0gHwAUFVX3lxTFBZTjN0WUtSRmlLUWEtSlBVS0xrTTlLVHdub3RzX0pXcDBQRjF1OEVoMDVJVC01QXJ0TldYaXRoUDdzMjRLTWdkLThGSXltR0UtTmxlZ0JrRkRrRUtBUTloRW5wN3l6YW1tMG1fZmoxUjJDNnFjeElIX2tlSWo5SVdSdVNMUlZhWEZRck5hbndUVDdMMUFTNzY2VzV0dHh1TkpDYi0tYy0zNmtHMWViOF9QaGEyTDNKQUVGNXB2a20yVV9NQzdYUmRxTnVEVmltWGxCaGhjcFVHYjZ3OFY3eWd4ZE93VGJoUTI5alJMck9EYQ?oc=5,"<a href=""https://news.google.com/rss/articles/CBMi3AFBVV95cUxQc3VhREZhWFRxX25XYUpxMFdSVnRrUDhSdW04SkI2YjdLODJJLWdJN3dobXQ0TFRCZzg5Q05MNllSaHY5WjFZXzc2SEdQX0RZNURlNTdvY2dHMEhqTnJiZlN2cFU5d1h6LVY5UUdYVXBFQllHY2o2NWI0ZVpWSmV4MGlPUkFQNVNQc00wVVE2MnNmYUhXNGZOYkZJM293alRXSl92Nk1zMWw0TkREaHJpU1VHRVlWN0s2dFhJNzhieTZRUmhLTk1vNEtJN3FsdGVyaXc2TnFHcmdOdlRm0gHwAUFVX3lxTFBZTjN0WUtSRmlLUWEtSlBVS0xrTTlLVHdub3RzX0pXcDBQRjF1OEVoMDVJVC01QXJ0TldYaXRoUDdzMjRLTWdkLThGSXltR0UtTmxlZ0JrRkRrRUtBUTloRW5wN3l6YW1tMG1fZmoxUjJDNnFjeElIX2tlSWo5SVdSdVNMUlZhWEZRck5hbndUVDdMMUFTNzY2VzV0dHh1TkpDYi0tYy0zNmtHMWViOF9QaGEyTDNKQUVGNXB2a20yVV9NQzdYUmRxTnVEVmltWGxCaGhjcFVHYjZ3OFY3eWd4ZE93VGJoUTI5alJMck9EYQ?oc=5"" target=""_blank"" class=""btn-link"">🔗 Abrir Noticia</a>",[🔗 Abrir Noticia](https://news.google.com/rss/articles/CBMi3AFBVV95cUxQc3VhREZhWFRxX25XYUpxMFdSVnRrUDhSdW04SkI2YjdLODJJLWdJN3dobXQ0TFRCZzg5Q05MNllSaHY5WjFZXzc2SEdQX0RZNURlNTdvY2dHMEhqTnJiZlN2cFU5d1h6LVY5UUdYVXBFQllHY2o2NWI0ZVpWSmV4MGlPUkFQNVNQc00wVVE2MnNmYUhXNGZOYkZJM293alRXSl92Nk1zMWw0TkREaHJpU1VHRVlWN0s2dFhJNzhieTZRUmhLTk1vNEtJN3FsdGVyaXc2TnFHcmdOdlRm0gHwAUFVX3lxTFBZTjN0WUtSRmlLUWEtSlBVS0xrTTlLVHdub3RzX0pXcDBQRjF1OEVoMDVJVC01QXJ0TldYaXRoUDdzMjRLTWdkLThGSXltR0UtTmxlZ0JrRkRrRUtBUTloRW5wN3l6YW1tMG1fZmoxUjJDNnFjeElIX2tlSWo5SVdSdVNMUlZhWEZRck5hbndUVDdMMUFTNzY2VzV0dHh1TkpDYi0tYy0zNmtHMWViOF9QaGEyTDNKQUVGNXB2a20yVV9NQzdYUmRxTnVEVmltWGxCaGhjcFVHYjZ3OFY3eWd4ZE93VGJoUTI5alJMck9EYQ?oc=5),El primer informe de la Guardia Civil sobre Adamuz mantiene abiertas ocho hipótesis sobre el accidente EL PAÍS,69c121b41795d65af950afeca42f38bfd3b02997158d8eea89cb6b4645337957,2026-08-13 17:05:19
304,🟡 Pendiente (Verificar Noticia),2026-08-13,2026-08-13,antena3.com,"Lourdes Fernández, sobre los números del accidente de tren de Adamuz: ""No pueden dar la cifra de - antena3.com",Montería (Casco Urbano / Sector en investigación),Montería (Casco Urbano / Sector en investigación),,Montería,No especificado,0,0,Baja (Centroide General Montería),8.7508,-75.8814,https://news.google.com/rss/articles/CBMihAJBVV95cUxNV0UxeDBvcnk2Tm4waUM2Ym5RUjhmQVBfTTM1M0YzeFhtT2RXbmlINXpKOFNobXJxMmJWTkFMa0NtZWdQSmVYTzZyUS1VcmNPcEg4Rzd6bmd4VWJYVnJULW9sWHczOHh5OXducENnNGFPbExmWGwtQmZzRHF5dmdWb2RGVXdRd2x3WDhBY2VFS0t5eTU4ekI1NFY2emJQUWNWdndoWGlmZXZpanFpTDMxVkUwa3VWZlJud2VfaUZHS2tweGNaS1VTN0pNbnE1RWNSVzI1d081YWtBdi1WWjhxSGI3SmVleV9laVZuUTNMdTJ0VnJqRzV4VldSSHQ3VGVvLWpSN9IBhAJBVV95cUxNODliQ0xXek55MTYtTWpWUFFhOC1ud2dFWTZid0ZDX2kzNThYZkJLTWVtOVVqdzl5QzlBLTBiVV9oR3F0TWNsQmZiRElxMmNyT0RXTzc4TXZnaDJtRTF3WWhGcDI0T2xhX3N1X3VncUNmSHR1Z1pGeDliZl9wUTdHZFhjZ3hHb1lJZnV5NTQ1ajJnU0tUUjFBR2pIRTl0MTB5Z0JPRUVPc1BMOFpFa1B4dlZqVEo1VWVUVGo1cWYxdEZPU0JRa3VGTDZ4b1RmYnhkWXFPR1RNallEMk5IWU1zUTlUVTI5cU1sZXhiX1hCQU1uR1Q5OXc0XzZNdnd1Zm5CQlVNRQ?oc=5,"<a href=""https://news.google.com/rss/articles/CBMihAJBVV95cUxNV0UxeDBvcnk2Tm4waUM2Ym5RUjhmQVBfTTM1M0YzeFhtT2RXbmlINXpKOFNobXJxMmJWTkFMa0NtZWdQSmVYTzZyUS1VcmNPcEg4Rzd6bmd4VWJYVnJULW9sWHczOHh5OXducENnNGFPbExmWGwtQmZzRHF5dmdWb2RGVXdRd2x3WDhBY2VFS0t5eTU4ekI1NFY2emJQUWNWdndoWGlmZXZpanFpTDMxVkUwa3VWZlJud2VfaUZHS2tweGNaS1VTN0pNbnE1RWNSVzI1d081YWtBdi1WWjhxSGI3SmVleV9laVZuUTNMdTJ0VnJqRzV4VldSSHQ3VGVvLWpSN9IBhAJBVV95cUxNODliQ0xXek55MTYtTWpWUFFhOC1ud2dFWTZid0ZDX2kzNThYZkJLTWVtOVVqdzl5QzlBLTBiVV9oR3F0TWNsQmZiRElxMmNyT0RXTzc4TXZnaDJtRTF3WWhGcDI0T2xhX3N1X3VncUNmSHR1Z1pGeDliZl9wUTdHZFhjZ3hHb1lJZnV5NTQ1ajJnU0tUUjFBR2pIRTl0MTB5Z0JPRUVPc1BMOFpFa1B4dlZqVEo1VWVUVGo1cWYxdEZPU0JRa3VGTDZ4b1RmYnhkWXFPR1RNallEMk5IWU1zUTlUVTI5cU1sZXhiX1hCQU1uR1Q5OXc0XzZNdnd1Zm5CQlVNRQ?oc=5"" target=""_blank"" class=""btn-link"">🔗 Abrir Noticia</a>",[🔗 Abrir Noticia](https://news.google.com/rss/articles/CBMihAJBVV95cUxNV0UxeDBvcnk2Tm4waUM2Ym5RUjhmQVBfTTM1M0YzeFhtT2RXbmlINXpKOFNobXJxMmJWTkFMa0NtZWdQSmVYTzZyUS1VcmNPcEg4Rzd6bmd4VWJYVnJULW9sWHczOHh5OXducENnNGFPbExmWGwtQmZzRHF5dmdWb2RGVXdRd2x3WDhBY2VFS0t5eTU4ekI1NFY2emJQUWNWdndoWGlmZXZpanFpTDMxVkUwa3VWZlJud2VfaUZHS2tweGNaS1VTN0pNbnE1RWNSVzI1d081YWtBdi1WWjhxSGI3SmVleV9laVZuUTNMdTJ0VnJqRzV4VldSSHQ3VGVvLWpSN9IBhAJBVV95cUxNODliQ0xXek55MTYtTWpWUFFhOC1ud2dFWTZid0ZDX2kzNThYZkJLTWVtOVVqdzl5QzlBLTBiVV9oR3F0TWNsQmZiRElxMmNyT0RXTzc4TXZnaDJtRTF3WWhGcDI0T2xhX3N1X3VncUNmSHR1Z1pGeDliZl9wUTdHZFhjZ3hHb1lJZnV5NTQ1ajJnU0tUUjFBR2pIRTl0MTB5Z0JPRUVPc1BMOFpFa1B4dlZqVEo1VWVUVGo1cWYxdEZPU0JRa3VGTDZ4b1RmYnhkWXFPR1RNallEMk5IWU1zUTlUVTI5cU1sZXhiX1hCQU1uR1Q5OXc0XzZNdnd1Zm5CQlVNRQ?oc=5),"Lourdes Fernández, sobre los números del accidente de tren de Adamuz: ""No pueden dar la cifra de antena3.com",15f879c5c2dbd18d2a8bcf716f7b2f9ccf6311c84ac64df3abfd26398ee76d47,2026-08-13 17:05:19
305,🟡 Pendiente (Verificar Noticia),2026-08-13,2026-08-13,Xataka,20 segundos y un sistema de seguridad a punto de jubilarse: por qué el LZB está en el punto de mira del accidente de Adamuz - Xataka,Montería (Casco Urbano / Sector en investigación),Montería (Casco Urbano / Sector en investigación),,Montería,No especificado,0,0,Baja (Centroide General Montería),8.7508,-75.8814,https://news.google.com/rss/articles/CBMiwwFBVV95cUxONm93ZFlOWnpWdnRPc1UxYnFXS3lfXzRseko2RjFncGd3MFRBMmw4b3I5bFo2anhxWGs2TF9TdWJ3emNxOXZ1NkY3c2p0X1M3T0FGRE5rb2Nqcmt0LVBBd2JtVkFxeUZ1aEVUNUVkdEdMQmhsazhzNmJJVzhiaThsTVhTYlpsWkJLZ0dYTW0zTU5NOTFKM0Z3SWdOLWM5N2NwcWowWU42anFVYTAzOWNPc1F6RnF0NGpnQlJFOVFHRDhfaFHSAcgBQVVfeXFMT21PZzBFTEt4S1RLcGVwTDR2XzlTSmstRHotUzQwdmtJakdrQ3FfN2k5Y0JXbkRTZl9OYk1yajVWc3BjQlRZbDNvTl9LRFNJV0tuQ3BtWm9Lc0FXZTZHWll4bERqR2oyNmp0Q3k4ZnB0OHljU3JWRFVKWm1zUWhzNzdfY3JiWHdCdE8wNU82bTYzd1g0V3VYa3ZWcHlQbXlRQjkzbzRRcHh5aEZpU2NfUVFlTlpBdnBvVVoyaEcyYjMtZEQya3pVZ3I?oc=5,"<a href=""https://news.google.com/rss/articles/CBMiwwFBVV95cUxONm93ZFlOWnpWdnRPc1UxYnFXS3lfXzRseko2RjFncGd3MFRBMmw4b3I5bFo2anhxWGs2TF9TdWJ3emNxOXZ1NkY3c2p0X1M3T0FGRE5rb2Nqcmt0LVBBd2JtVkFxeUZ1aEVUNUVkdEdMQmhsazhzNmJJVzhiaThsTVhTYlpsWkJLZ0dYTW0zTU5NOTFKM0Z3SWdOLWM5N2NwcWowWU42anFVYTAzOWNPc1F6RnF0NGpnQlJFOVFHRDhfaFHSAcgBQVVfeXFMT21PZzBFTEt4S1RLcGVwTDR2XzlTSmstRHotUzQwdmtJakdrQ3FfN2k5Y0JXbkRTZl9OYk1yajVWc3BjQlRZbDNvTl9LRFNJV0tuQ3BtWm9Lc0FXZTZHWll4bERqR2oyNmp0Q3k4ZnB0OHljU3JWRFVKWm1zUWhzNzdfY3JiWHdCdE8wNU82bTYzd1g0V3VYa3ZWcHlQbXlRQjkzbzRRcHh5aEZpU2NfUVFlTlpBdnBvVVoyaEcyYjMtZEQya3pVZ3I?oc=5"" target=""_blank"" class=""btn-link"">🔗 Abrir Noticia</a>",[🔗 Abrir Noticia](https://news.google.com/rss/articles/CBMiwwFBVV95cUxONm93ZFlOWnpWdnRPc1UxYnFXS3lfXzRseko2RjFncGd3MFRBMmw4b3I5bFo2anhxWGs2TF9TdWJ3emNxOXZ1NkY3c2p0X1M3T0FGRE5rb2Nqcmt0LVBBd2JtVkFxeUZ1aEVUNUVkdEdMQmhsazhzNmJJVzhiaThsTVhTYlpsWkJLZ0dYTW0zTU5NOTFKM0Z3SWdOLWM5N2NwcWowWU42anFVYTAzOWNPc1F6RnF0NGpnQlJFOVFHRDhfaFHSAcgBQVVfeXFMT21PZzBFTEt4S1RLcGVwTDR2XzlTSmstRHotUzQwdmtJakdrQ3FfN2k5Y0JXbkRTZl9OYk1yajVWc3BjQlRZbDNvTl9LRFNJV0tuQ3BtWm9Lc0FXZTZHWll4bERqR2oyNmp0Q3k4ZnB0OHljU3JWRFVKWm1zUWhzNzdfY3JiWHdCdE8wNU82bTYzd1g0V3VYa3ZWcHlQbXlRQjkzbzRRcHh5aEZpU2NfUVFlTlpBdnBvVVoyaEcyYjMtZEQya3pVZ3I?oc=5),20 segundos y un sistema de seguridad a punto de jubilarse: por qué el LZB está en el punto de mira del accidente de Adamuz Xataka,5e3e41048b28c787f0b9b5fb3c910a626ba4ec2c7b079ee109c70cdb8b291e8f,2026-08-13 17:05:19
306,🟡 Pendiente (Verificar Noticia),2026-08-13,2026-08-13,RTVE.es,"Seguros, indemnizaciones y permisos laborales: guía para los afectados por el accidente de Adamuz - RTVE.es",Montería (Casco Urbano / Sector en investigación),Montería (Casco Urbano / Sector en investigación),,Montería,No especificado,0,0,Baja (Centroide General Montería),8.7508,-75.8814,https://news.google.com/rss/articles/CBMivwFBVV95cUxPZGM5eGM0ZkxDUG8wQzFydjJweTA0SkJfS091RjZtb2U5U0VIeXBnNGtteFpITkRQOGxaVk5LZXphMHd4eEdaM2hIQXdVa3dsdFFLUnBrTU9RY3NRLWROdnN5cWg2S2U5cDVFUVYtZGFTUmtUTlMxam5vaVJScHBBTWJGT1JYSGpRVnlFN2lvT1N2MEwyZVdRU1B0U2ppU1RQUU0zYk05eUlObi1ZazR0N0hhVkViMFBjQnRkU0c3RQ?oc=5,"<a href=""https://news.google.com/rss/articles/CBMivwFBVV95cUxPZGM5eGM0ZkxDUG8wQzFydjJweTA0SkJfS091RjZtb2U5U0VIeXBnNGtteFpITkRQOGxaVk5LZXphMHd4eEdaM2hIQXdVa3dsdFFLUnBrTU9RY3NRLWROdnN5cWg2S2U5cDVFUVYtZGFTUmtUTlMxam5vaVJScHBBTWJGT1JYSGpRVnlFN2lvT1N2MEwyZVdRU1B0U2ppU1RQUU0zYk05eUlObi1ZazR0N0hhVkViMFBjQnRkU0c3RQ?oc=5"" target=""_blank"" class=""btn-link"">🔗 Abrir Noticia</a>",[🔗 Abrir Noticia](https://news.google.com/rss/articles/CBMivwFBVV95cUxPZGM5eGM0ZkxDUG8wQzFydjJweTA0SkJfS091RjZtb2U5U0VIeXBnNGtteFpITkRQOGxaVk5LZXphMHd4eEdaM2hIQXdVa3dsdFFLUnBrTU9RY3NRLWROdnN5cWg2S2U5cDVFUVYtZGFTUmtUTlMxam5vaVJScHBBTWJGT1JYSGpRVnlFN2lvT1N2MEwyZVdRU1B0U2ppU1RQUU0zYk05eUlObi1ZazR0N0hhVkViMFBjQnRkU0c3RQ?oc=5),"Seguros, indemnizaciones y permisos laborales: guía para los afectados por el accidente de Adamuz RTVE.es",3cb084f346a67033bf1b05d682367c842bd8d11ddb02e8be7a0379374d8c55f4,2026-08-13 17:05:19
307,🟡 Pendiente (Verificar Noticia),2026-08-13,2026-08-13,RTVE.es,"Adamuz: un fallo en la soldadura del carril, la principal hipótesis - RTVE.es",Montería (Casco Urbano / Sector en investigación),Montería (Casco Urbano / Sector en investigación),,Montería,No especificado,0,0,Baja (Centroide General Montería),8.7508,-75.8814,https://news.google.com/rss/articles/CBMi8gFBVV95cUxPY2hKVk4zam5ZVlZpZi1LX0lsTVItOUFaLUx6NFJWV0ZDR1NQc3hxVkM4OHVqRnJvdlpmYXh2ZDU2anowUkZzRE5GMXQ5cmF5UHVSNlRRTUtWYnRzMUpwUEhIYmZGRDRsM0d6Y1BhTHJSLUN6NlJaMXhJV09rMzBVN0lwMlZpZUJVc3kta3ZxSEZxazJiSWgyS0RId1Jhc2VoVXZjSDNfMmdWQktvTEZwU0VudzltNk1TUDU3M1VHTkxwaks4SDI3X3VSSlVHQV9FVkZ4Rnh5MUhnWVctWjNKUWhhc2FEX3VjYnZtRUFuM2FmZw?oc=5,"<a href=""https://news.google.com/rss/articles/CBMi8gFBVV95cUxPY2hKVk4zam5ZVlZpZi1LX0lsTVItOUFaLUx6NFJWV0ZDR1NQc3hxVkM4OHVqRnJvdlpmYXh2ZDU2anowUkZzRE5GMXQ5cmF5UHVSNlRRTUtWYnRzMUpwUEhIYmZGRDRsM0d6Y1BhTHJSLUN6NlJaMXhJV09rMzBVN0lwMlZpZUJVc3kta3ZxSEZxazJiSWgyS0RId1Jhc2VoVXZjSDNfMmdWQktvTEZwU0VudzltNk1TUDU3M1VHTkxwaks4SDI3X3VSSlVHQV9FVkZ4Rnh5MUhnWVctWjNKUWhhc2FEX3VjYnZtRUFuM2FmZw?oc=5"" target=""_blank"" class=""btn-link"">🔗 Abrir Noticia</a>",[🔗 Abrir Noticia](https://news.google.com/rss/articles/CBMi8gFBVV95cUxPY2hKVk4zam5ZVlZpZi1LX0lsTVItOUFaLUx6NFJWV0ZDR1NQc3hxVkM4OHVqRnJvdlpmYXh2ZDU2anowUkZzRE5GMXQ5cmF5UHVSNlRRTUtWYnRzMUpwUEhIYmZGRDRsM0d6Y1BhTHJSLUN6NlJaMXhJV09rMzBVN0lwMlZpZUJVc3kta3ZxSEZxazJiSWgyS0RId1Jhc2VoVXZjSDNfMmdWQktvTEZwU0VudzltNk1TUDU3M1VHTkxwaks4SDI3X3VSSlVHQV9FVkZ4Rnh5MUhnWVctWjNKUWhhc2FEX3VjYnZtRUFuM2FmZw?oc=5),"Adamuz: un fallo en la soldadura del carril, la principal hipótesis RTVE.es",4673befc53d8f7684aaee79e3d3ee5ec8018e5fb4a61e70902dfb287660af5a5,2026-08-13 17:05:19
308,🟡 Pendiente (Verificar Noticia),2026-08-13,2026-08-13,RTVE.es,Resumen del accidente de tren en Córdoba del 19 de enero - RTVE.es,Montería (Casco Urbano / Sector en investigación),Montería (Casco Urbano / Sector en investigación),,Montería,No especificado,0,0,Baja (Centroide General Montería),8.7508,-75.8814,https://news.google.com/rss/articles/CBMiuwFBVV95cUxQMG9JdVV3aWpta1Y3bnE5NHZzYnFXeTBjRzZqdFBNbXNESC1jaG14QW1TcUUwcjNWaTdDU1ZSaEIyUmc2R0VadGlESEhrUFFKTURISFFxYS1wa2NvTi1vcWxRLV93d2lXMEpjTi01dDNqVllCanoxUEpHejRXbmV5MVk3dHI5dC1jQXAzcnRYTzFYNld0R0x0TVVVdFRQX0YtYmVieVhraEdEN0EtUk45YjF6cEd0eV9WdjZV?oc=5,"<a href=""https://news.google.com/rss/articles/CBMiuwFBVV95cUxQMG9JdVV3aWpta1Y3bnE5NHZzYnFXeTBjRzZqdFBNbXNESC1jaG14QW1TcUUwcjNWaTdDU1ZSaEIyUmc2R0VadGlESEhrUFFKTURISFFxYS1wa2NvTi1vcWxRLV93d2lXMEpjTi01dDNqVllCanoxUEpHejRXbmV5MVk3dHI5dC1jQXAzcnRYTzFYNld0R0x0TVVVdFRQX0YtYmVieVhraEdEN0EtUk45YjF6cEd0eV9WdjZV?oc=5"" target=""_blank"" class=""btn-link"">🔗 Abrir Noticia</a>",[🔗 Abrir Noticia](https://news.google.com/rss/articles/CBMiuwFBVV95cUxQMG9JdVV3aWpta1Y3bnE5NHZzYnFXeTBjRzZqdFBNbXNESC1jaG14QW1TcUUwcjNWaTdDU1ZSaEIyUmc2R0VadGlESEhrUFFKTURISFFxYS1wa2NvTi1vcWxRLV93d2lXMEpjTi01dDNqVllCanoxUEpHejRXbmV5MVk3dHI5dC1jQXAzcnRYTzFYNld0R0x0TVVVdFRQX0YtYmVieVhraEdEN0EtUk45YjF6cEd0eV9WdjZV?oc=5),Resumen del accidente de tren en Córdoba del 19 de enero RTVE.es,15d6ce8d2eb47d6d36a20521b29060144d13711f1a130c40b98185fa65bd02d1,2026-08-13 17:05:19
309,🟡 Pendiente (Verificar Noticia),2026-08-13,2026-08-13,RTVE.es,Resumen de los accidentes de tren en Adamuz y Rodalies del 20 de enero - RTVE.es,Montería (Casco Urbano / Sector en investigación),Montería (Casco Urbano / Sector en investigación),,Montería,No especificado,0,0,Baja (Centroide General Montería),8.7508,-75.8814,https://news.google.com/rss/articles/CBMirAFBVV95cUxOVVF1bS1NMWNTQ2x5b1ViQ1hydThmTHQxbFc1OGdpLWlKcWNlZnhZTm93czRBdzNYWWpGMU9EZHkzZ2pUS2l6T1drNkdtN25RM0cyQmJpQk1aSTFfSFpDWjRzcjRORTVOZHZFcWN1TExkN0FvcGtEVmNoUVo0S21nU3RicVNuUXFBcExoclEwNWdzTmRIajViTW1KX0owNkpiYUJTcFJnYndrZDZa?oc=5,"<a href=""https://news.google.com/rss/articles/CBMirAFBVV95cUxOVVF1bS1NMWNTQ2x5b1ViQ1hydThmTHQxbFc1OGdpLWlKcWNlZnhZTm93czRBdzNYWWpGMU9EZHkzZ2pUS2l6T1drNkdtN25RM0cyQmJpQk1aSTFfSFpDWjRzcjRORTVOZHZFcWN1TExkN0FvcGtEVmNoUVo0S21nU3RicVNuUXFBcExoclEwNWdzTmRIajViTW1KX0owNkpiYUJTcFJnYndrZDZa?oc=5"" target=""_blank"" class=""btn-link"">🔗 Abrir Noticia</a>",[🔗 Abrir Noticia](https://news.google.com/rss/articles/CBMirAFBVV95cUxOVVF1bS1NMWNTQ2x5b1ViQ1hydThmTHQxbFc1OGdpLWlKcWNlZnhZTm93czRBdzNYWWpGMU9EZHkzZ2pUS2l6T1drNkdtN25RM0cyQmJpQk1aSTFfSFpDWjRzcjRORTVOZHZFcWN1TExkN0FvcGtEVmNoUVo0S21nU3RicVNuUXFBcExoclEwNWdzTmRIajViTW1KX0owNkpiYUJTcFJnYndrZDZa?oc=5),Resumen de los accidentes de tren en Adamuz y Rodalies del 20 de enero RTVE.es,9fc71102bc6489a59ec52d857a74ece8497ebbe6ea82f22341078fe3f37ed306,2026-08-13 17:05:19
310,🟡 Pendiente (Verificar Noticia),2026-08-13,2026-08-13,COPE,"Un experto valenciano sobre el accidente de tren en Córdoba: ""La seguridad absoluta no existe"" - COPE",Montería (Casco Urbano / Sector en investigación),Montería (Casco Urbano / Sector en investigación),,Montería,No especificado,0,0,Baja (Centroide General Montería),8.7508,-75.8814,https://news.google.com/rss/articles/CBMijwJBVV95cUxPYW1haTBHWWxZQ2UwMnV0N3VYcWladG9aU1daUDlRUkowRVdVT1JzMlFwZUFPWG9EcUR0SnB4VEV1NDUyWXlyQUhJOWMyaGFLSkpGVTdVQVNCNG9UcjBwb2VmUjB2U0VmVkVRTldNRTZIbjZtUFlpNmxoclI0TDFMSlRHaU12OUFiRFBqNFg0eGFEMWZ2aWpxNkJudS1KNmhPZEVjVl9uMWlNMDNMRndDTW5VaXFfR2hGZmQ0OGFJTGFtSjNhbjhxNXFPTWttNHJ5Y01sb1Z4ZDVERmFKWjRQQTBGZlM3VkJfUFRzSHNaVzJDdERCQ0tKMjczVmdOWm5LT3FyLXE3SmxIb0VrLW5n0gGUAkFVX3lxTFAwQWN6ZC1nMXljVVlhdUlfX3pucXpSeUhxamg0RDdZOE9KbFpLUklERERuSkluMVVublVwVjlQOTlZMjB0NUQyVHZoZUZWY3NXQ0l1NGt0TURoZ2w0YkFpb2l4dXNmajRTaWtSLVVHWDdnbkc4X3dBeUptQU1pMTk1cC1nY3U2bjNaWnJlRThqUWFWWUJVVC1EOHpLNTEyNlVadGtJMWlQaHZJYjdtaGhXYU9sdnZjQmQ4ZmxRNjFXYm1rRGNhX3lxUEQxZnZqZFh1NEtUNlhZNG1DWHBaQXRPY09yaUtvYzdKR2Vlc3hjdU5WSm9fWmQtZlBYSHJ4YmtPT012aFpzeU51enhCT2RtaWxjdg?oc=5,"<a href=""https://news.google.com/rss/articles/CBMijwJBVV95cUxPYW1haTBHWWxZQ2UwMnV0N3VYcWladG9aU1daUDlRUkowRVdVT1JzMlFwZUFPWG9EcUR0SnB4VEV1NDUyWXlyQUhJOWMyaGFLSkpGVTdVQVNCNG9UcjBwb2VmUjB2U0VmVkVRTldNRTZIbjZtUFlpNmxoclI0TDFMSlRHaU12OUFiRFBqNFg0eGFEMWZ2aWpxNkJudS1KNmhPZEVjVl9uMWlNMDNMRndDTW5VaXFfR2hGZmQ0OGFJTGFtSjNhbjhxNXFPTWttNHJ5Y01sb1Z4ZDVERmFKWjRQQTBGZlM3VkJfUFRzSHNaVzJDdERCQ0tKMjczVmdOWm5LT3FyLXE3SmxIb0VrLW5n0gGUAkFVX3lxTFAwQWN6ZC1nMXljVVlhdUlfX3pucXpSeUhxamg0RDdZOE9KbFpLUklERERuSkluMVVublVwVjlQOTlZMjB0NUQyVHZoZUZWY3NXQ0l1NGt0TURoZ2w0YkFpb2l4dXNmajRTaWtSLVVHWDdnbkc4X3dBeUptQU1pMTk1cC1nY3U2bjNaWnJlRThqUWFWWUJVVC1EOHpLNTEyNlVadGtJMWlQaHZJYjdtaGhXYU9sdnZjQmQ4ZmxRNjFXYm1rRGNhX3lxUEQxZnZqZFh1NEtUNlhZNG1DWHBaQXRPY09yaUtvYzdKR2Vlc3hjdU5WSm9fWmQtZlBYSHJ4YmtPT012aFpzeU51enhCT2RtaWxjdg?oc=5"" target=""_blank"" class=""btn-link"">🔗 Abrir Noticia</a>",[🔗 Abrir Noticia](https://news.google.com/rss/articles/CBMijwJBVV95cUxPYW1haTBHWWxZQ2UwMnV0N3VYcWladG9aU1daUDlRUkowRVdVT1JzMlFwZUFPWG9EcUR0SnB4VEV1NDUyWXlyQUhJOWMyaGFLSkpGVTdVQVNCNG9UcjBwb2VmUjB2U0VmVkVRTldNRTZIbjZtUFlpNmxoclI0TDFMSlRHaU12OUFiRFBqNFg0eGFEMWZ2aWpxNkJudS1KNmhPZEVjVl9uMWlNMDNMRndDTW5VaXFfR2hGZmQ0OGFJTGFtSjNhbjhxNXFPTWttNHJ5Y01sb1Z4ZDVERmFKWjRQQTBGZlM3VkJfUFRzSHNaVzJDdERCQ0tKMjczVmdOWm5LT3FyLXE3SmxIb0VrLW5n0gGUAkFVX3lxTFAwQWN6ZC1nMXljVVlhdUlfX3pucXpSeUhxamg0RDdZOE9KbFpLUklERERuSkluMVVublVwVjlQOTlZMjB0NUQyVHZoZUZWY3NXQ0l1NGt0TURoZ2w0YkFpb2l4dXNmajRTaWtSLVVHWDdnbkc4X3dBeUptQU1pMTk1cC1nY3U2bjNaWnJlRThqUWFWWUJVVC1EOHpLNTEyNlVadGtJMWlQaHZJYjdtaGhXYU9sdnZjQmQ4ZmxRNjFXYm1rRGNhX3lxUEQxZnZqZFh1NEtUNlhZNG1DWHBaQXRPY09yaUtvYzdKR2Vlc3hjdU5WSm9fWmQtZlBYSHJ4YmtPT012aFpzeU51enhCT2RtaWxjdg?oc=5),"Un experto valenciano sobre el accidente de tren en Córdoba: ""La seguridad absoluta no existe"" COPE",0637bec63b03e795b756495ad0ffb32e4f2d91469f2d054d9bcba73ca22c4cfd,2026-08-13 17:05:19
311,🟡 Pendiente (Verificar Noticia),2026-08-13,2026-08-13,Lecturas,Última hora sobre el accidente de tren en Córdoba: la cifra de víctimas mortales asciende a 41 y se estudia el motivo de rotura en una de las vías - Lecturas,Montería (Casco Urbano / Sector en investigación),Montería (Casco Urbano / Sector en investigación),,Montería,No especificado,1,0,Baja (Centroide General Montería),8.7508,-75.8814,https://news.google.com/rss/articles/CBMizAFBVV95cUxQcEV3YkpFMTFIaXhqMS01NHkzaVZxVUZmQ2VqeVVQX2R3ZGVXQ3dnUVBuNFNqcGRYcnhTbGFWMWRORU5zSVBaRkJSaTRaanJOU3hFbFVYYkQ4TmdKNTZmb0JYWWt3TzI5OHZNSW5UNU56N3lKWTRKUUFLOHRBSlRxV2JMMzNFcTJYbG13RlVFNkN3VHNWWXo5aUU3My1WTjh1ZkNNbHpENDRfMFBMNDI4MmV1YlExSzd2WGdiTDVBeHYzSWN2cnpXbkZCSW4?oc=5,"<a href=""https://news.google.com/rss/articles/CBMizAFBVV95cUxQcEV3YkpFMTFIaXhqMS01NHkzaVZxVUZmQ2VqeVVQX2R3ZGVXQ3dnUVBuNFNqcGRYcnhTbGFWMWRORU5zSVBaRkJSaTRaanJOU3hFbFVYYkQ4TmdKNTZmb0JYWWt3TzI5OHZNSW5UNU56N3lKWTRKUUFLOHRBSlRxV2JMMzNFcTJYbG13RlVFNkN3VHNWWXo5aUU3My1WTjh1ZkNNbHpENDRfMFBMNDI4MmV1YlExSzd2WGdiTDVBeHYzSWN2cnpXbkZCSW4?oc=5"" target=""_blank"" class=""btn-link"">🔗 Abrir Noticia</a>",[🔗 Abrir Noticia](https://news.google.com/rss/articles/CBMizAFBVV95cUxQcEV3YkpFMTFIaXhqMS01NHkzaVZxVUZmQ2VqeVVQX2R3ZGVXQ3dnUVBuNFNqcGRYcnhTbGFWMWRORU5zSVBaRkJSaTRaanJOU3hFbFVYYkQ4TmdKNTZmb0JYWWt3TzI5OHZNSW5UNU56N3lKWTRKUUFLOHRBSlRxV2JMMzNFcTJYbG13RlVFNkN3VHNWWXo5aUU3My1WTjh1ZkNNbHpENDRfMFBMNDI4MmV1YlExSzd2WGdiTDVBeHYzSWN2cnpXbkZCSW4?oc=5),Última hora sobre el accidente de tren en Córdoba: la cifra de víctimas mortales asciende a 41 y se estudia el motivo de rotura en una de las vías Lecturas,c8f706a0fd0c4ca16af9065ea9287b8b17c8e64f6fff74bcc47a4850b4234cf2,2026-08-13 17:05:19
312,🟡 Pendiente (Verificar Noticia),2026-08-13,2026-08-13,La Luna del Henares,Minuto de silencio en el Corredor del Henares por las víctimas del accidente de trenes en Córdoba - La Luna del Henares,Montería (Casco Urbano / Sector en investigación),Montería (Casco Urbano / Sector en investigación),,Montería,No especificado,0,0,Baja (Centroide General Montería),8.7508,-75.8814,https://news.google.com/rss/articles/CBMiwwFBVV95cUxPeEdmeXVKQUo5bThySWJVYXEtMVdVRTZSN295TzVSNXRKT1hqSU93Y2N2VURLQ2RMNTRKdk1Da3BzMEJvaHVTczVfbHdxX0ZzemNpVlZpcUVQeFRmSG9BTkU1TE1zbm5VcWdneFVmZWp4dUxBdXBIRC1WUE5kcFNEZVFpaVVkZDVQUXFqNEJIejlOeXRPTTBqSVdQcE1xd29kcTlVSUFSQ0xSQTFKR0hsbW5nNE1xSEJyQ3F6OUJHaVg0anM?oc=5,"<a href=""https://news.google.com/rss/articles/CBMiwwFBVV95cUxPeEdmeXVKQUo5bThySWJVYXEtMVdVRTZSN295TzVSNXRKT1hqSU93Y2N2VURLQ2RMNTRKdk1Da3BzMEJvaHVTczVfbHdxX0ZzemNpVlZpcUVQeFRmSG9BTkU1TE1zbm5VcWdneFVmZWp4dUxBdXBIRC1WUE5kcFNEZVFpaVVkZDVQUXFqNEJIejlOeXRPTTBqSVdQcE1xd29kcTlVSUFSQ0xSQTFKR0hsbW5nNE1xSEJyQ3F6OUJHaVg0anM?oc=5"" target=""_blank"" class=""btn-link"">🔗 Abrir Noticia</a>",[🔗 Abrir Noticia](https://news.google.com/rss/articles/CBMiwwFBVV95cUxPeEdmeXVKQUo5bThySWJVYXEtMVdVRTZSN295TzVSNXRKT1hqSU93Y2N2VURLQ2RMNTRKdk1Da3BzMEJvaHVTczVfbHdxX0ZzemNpVlZpcUVQeFRmSG9BTkU1TE1zbm5VcWdneFVmZWp4dUxBdXBIRC1WUE5kcFNEZVFpaVVkZDVQUXFqNEJIejlOeXRPTTBqSVdQcE1xd29kcTlVSUFSQ0xSQTFKR0hsbW5nNE1xSEJyQ3F6OUJHaVg0anM?oc=5),Minuto de silencio en el Corredor del Henares por las víctimas del accidente de trenes en Córdoba La Luna del Henares,9d0d3779932f9a6fa81198cdc3e3077a131d84559c7d1367d99d76d1c7edc2f8,2026-08-13 17:05:19
313,🟡 Pendiente (Verificar Noticia),2026-08-13,2026-08-13,El Salto,"Un mes tras el accidente ferroviario de Adamuz: heridas abiertas, incertidumbres e incidencias - El Salto",Montería (Casco Urbano / Sector en investigación),Montería (Casco Urbano / Sector en investigación),,Montería,No especificado,0,1,Baja (Centroide General Montería),8.7508,-75.8814,https://news.google.com/rss/articles/CBMiuAFBVV95cUxNQ1RqNmY2THF1WlpMWWtWRzlsSU9vWTZUZWxVblRyR2Z6Q3hCNTdGSldGY2dYTXd1bkozMlEtWkVsdmdtX0hXS3Q5OHl0SjgtSVhvS0hTbVB3MFkyc2VTV0NlU1JhaFdIR2U0TkhLSUViaklvWGdKVnhvWTA3d2wxT2Y4dU5EVjBaOHBTODdyMnE5U1lQOVNESjdYZmlvc1JCM1hMVy01OEdYa2lsQWU0ZlFPSG9HdThE?oc=5,"<a href=""https://news.google.com/rss/articles/CBMiuAFBVV95cUxNQ1RqNmY2THF1WlpMWWtWRzlsSU9vWTZUZWxVblRyR2Z6Q3hCNTdGSldGY2dYTXd1bkozMlEtWkVsdmdtX0hXS3Q5OHl0SjgtSVhvS0hTbVB3MFkyc2VTV0NlU1JhaFdIR2U0TkhLSUViaklvWGdKVnhvWTA3d2wxT2Y4dU5EVjBaOHBTODdyMnE5U1lQOVNESjdYZmlvc1JCM1hMVy01OEdYa2lsQWU0ZlFPSG9HdThE?oc=5"" target=""_blank"" class=""btn-link"">🔗 Abrir Noticia</a>",[🔗 Abrir Noticia](https://news.google.com/rss/articles/CBMiuAFBVV95cUxNQ1RqNmY2THF1WlpMWWtWRzlsSU9vWTZUZWxVblRyR2Z6Q3hCNTdGSldGY2dYTXd1bkozMlEtWkVsdmdtX0hXS3Q5OHl0SjgtSVhvS0hTbVB3MFkyc2VTV0NlU1JhaFdIR2U0TkhLSUViaklvWGdKVnhvWTA3d2wxT2Y4dU5EVjBaOHBTODdyMnE5U1lQOVNESjdYZmlvc1JCM1hMVy01OEdYa2lsQWU0ZlFPSG9HdThE?oc=5),"Un mes tras el accidente ferroviario de Adamuz: heridas abiertas, incertidumbres e incidencias El Salto",99a6ad89e580af3589d93f2e7e6b6c62e189562f178871b8bc8353579cecbc62,2026-08-13 17:05:19
314,🟡 Pendiente (Verificar Noticia),2026-08-13,2026-08-13,Cadena SER,La primera señal de que la vía de Adamuz se había roto apareció un día antes del accidente - Cadena SER,Montería (Casco Urbano / Sector en investigación),Montería (Casco Urbano / Sector en investigación),,Montería,No especificado,0,0,Baja (Centroide General Montería),8.7508,-75.8814,https://news.google.com/rss/articles/CBMi3AFBVV95cUxPZG5sQUFRVG01OEV0cGN6S3NXNkNCejU5cTVGT2dJeF9Xb0lQQm9ING5DeHJwWlhvb1JtclFXY1FqTlIzMkY2YThBWkJrdllKbS1OUUc5a0tqdUd1T0JiZEFYalhLa3NkTVlUckxGNm9kNGNQX0RpZmFkYnk1T09oRXpfXzc4ZEhQejRLckJqemtpcWZPVlZGRE9fMl9BcGNXeGlvSmtsX0hCRXRTQkF1c3Zmd0RQMkNyUWVmZzVLbnNJVE50dUhJZGlVejNWN3NINEs4V05EcWlrY04y0gHwAUFVX3lxTE9yMkNQTGpXR1JHT1JHVjZRaWJFX0Z6c1E3OE5VUXRBcE42dnVfOEkxRndtSWFzeGJZcjV6blAxRTR5LUQxSnRZd2ZGNWo4Q0VlSmZlbTBPVEs1T2MyR0ZIOWNaMUdrSWhGaE1hY05GYUZDZDZlVjhwNXlzeHRLOHF1YnJ3SDlScFBsajEyeDFMYllBaGVFNUhNLVpRcUhqeU1JbVhyX1ppb2oyb0VQLXVra0FDX2dFUmJsSDc1TERRM2tVelpMTGJoajlhTHNtOXpkRi1Rd0NIOURzaVNoTUZ2V2FVQ3I3ZG1pY2w4MlU5UQ?oc=5,"<a href=""https://news.google.com/rss/articles/CBMi3AFBVV95cUxPZG5sQUFRVG01OEV0cGN6S3NXNkNCejU5cTVGT2dJeF9Xb0lQQm9ING5DeHJwWlhvb1JtclFXY1FqTlIzMkY2YThBWkJrdllKbS1OUUc5a0tqdUd1T0JiZEFYalhLa3NkTVlUckxGNm9kNGNQX0RpZmFkYnk1T09oRXpfXzc4ZEhQejRLckJqemtpcWZPVlZGRE9fMl9BcGNXeGlvSmtsX0hCRXRTQkF1c3Zmd0RQMkNyUWVmZzVLbnNJVE50dUhJZGlVejNWN3NINEs4V05EcWlrY04y0gHwAUFVX3lxTE9yMkNQTGpXR1JHT1JHVjZRaWJFX0Z6c1E3OE5VUXRBcE42dnVfOEkxRndtSWFzeGJZcjV6blAxRTR5LUQxSnRZd2ZGNWo4Q0VlSmZlbTBPVEs1T2MyR0ZIOWNaMUdrSWhGaE1hY05GYUZDZDZlVjhwNXlzeHRLOHF1YnJ3SDlScFBsajEyeDFMYllBaGVFNUhNLVpRcUhqeU1JbVhyX1ppb2oyb0VQLXVra0FDX2dFUmJsSDc1TERRM2tVelpMTGJoajlhTHNtOXpkRi1Rd0NIOURzaVNoTUZ2V2FVQ3I3ZG1pY2w4MlU5UQ?oc=5"" target=""_blank"" class=""btn-link"">🔗 Abrir Noticia</a>",[🔗 Abrir Noticia](https://news.google.com/rss/articles/CBMi3AFBVV95cUxPZG5sQUFRVG01OEV0cGN6S3NXNkNCejU5cTVGT2dJeF9Xb0lQQm9ING5DeHJwWlhvb1JtclFXY1FqTlIzMkY2YThBWkJrdllKbS1OUUc5a0tqdUd1T0JiZEFYalhLa3NkTVlUckxGNm9kNGNQX0RpZmFkYnk1T09oRXpfXzc4ZEhQejRLckJqemtpcWZPVlZGRE9fMl9BcGNXeGlvSmtsX0hCRXRTQkF1c3Zmd0RQMkNyUWVmZzVLbnNJVE50dUhJZGlVejNWN3NINEs4V05EcWlrY04y0gHwAUFVX3lxTE9yMkNQTGpXR1JHT1JHVjZRaWJFX0Z6c1E3OE5VUXRBcE42dnVfOEkxRndtSWFzeGJZcjV6blAxRTR5LUQxSnRZd2ZGNWo4Q0VlSmZlbTBPVEs1T2MyR0ZIOWNaMUdrSWhGaE1hY05GYUZDZDZlVjhwNXlzeHRLOHF1YnJ3SDlScFBsajEyeDFMYllBaGVFNUhNLVpRcUhqeU1JbVhyX1ppb2oyb0VQLXVra0FDX2dFUmJsSDc1TERRM2tVelpMTGJoajlhTHNtOXpkRi1Rd0NIOURzaVNoTUZ2V2FVQ3I3ZG1pY2w4MlU5UQ?oc=5),La primera señal de que la vía de Adamuz se había roto apareció un día antes del accidente Cadena SER,9bea8a9b6d173abed469785bf5bfebcbfbd45f2698a947df1d844a7ce9563f71,2026-08-13 17:05:19
315,🟡 Pendiente (Verificar Noticia),2026-08-13,2026-08-13,Diario Córdoba,Fallece un motorista en un accidente de tráfico en Montoro - Diario Córdoba,Montería (Casco Urbano / Sector en investigación),Montería (Casco Urbano / Sector en investigación),,Montería,No especificado,0,0,Baja (Centroide General Montería),8.7508,-75.8814,https://news.google.com/rss/articles/CBMivgFBVV95cUxOaUNzY2cwT2NXSWZQVlNjaEh3aGtOd0pPcllVMFFrcnB3U3pvRWdLLS1WNVVlaGczV0ZuWHNoXzFxa2FJbDdqZTkwNEQ4R1NOMXlqd241WUdvSXZOZ01yMlgtYkk0VkdhaExCUzg2VjkySnV0d0IyN0I1SE40RFd5RmNfT2RaS2tLenRvbUZDWk1oWVdoRGNwaG9vOUdHV2tSbmlvQ2o0OWt5QjA0YUQtZWl4c0VJWVNFUklEMHZB0gHDAUFVX3lxTFBrTU1PT1JRRGQydE9McjJzZEpxMkx2bU16NEJlX2tobzNWak5Ca3BacGRrTVA3RkpvZEE3QU1XSHBmOVZnejRyMXUwT3pnUmlxY3ZMN1pCUllacFBBellyOU11N0p5TkhlbmJTTDZJT0dGSUlhNWVIemtiaVRMRUNSTmloNi03QVpIcjF3Q1F2c01Sems5V1R0VXZLY2dhRVVtNlRIZzJfblE1ZWNEX1V1WWZxYUlIVm05Rk5fbU1tR2t4bw?oc=5,"<a href=""https://news.google.com/rss/articles/CBMivgFBVV95cUxOaUNzY2cwT2NXSWZQVlNjaEh3aGtOd0pPcllVMFFrcnB3U3pvRWdLLS1WNVVlaGczV0ZuWHNoXzFxa2FJbDdqZTkwNEQ4R1NOMXlqd241WUdvSXZOZ01yMlgtYkk0VkdhaExCUzg2VjkySnV0d0IyN0I1SE40RFd5RmNfT2RaS2tLenRvbUZDWk1oWVdoRGNwaG9vOUdHV2tSbmlvQ2o0OWt5QjA0YUQtZWl4c0VJWVNFUklEMHZB0gHDAUFVX3lxTFBrTU1PT1JRRGQydE9McjJzZEpxMkx2bU16NEJlX2tobzNWak5Ca3BacGRrTVA3RkpvZEE3QU1XSHBmOVZnejRyMXUwT3pnUmlxY3ZMN1pCUllacFBBellyOU11N0p5TkhlbmJTTDZJT0dGSUlhNWVIemtiaVRMRUNSTmloNi03QVpIcjF3Q1F2c01Sems5V1R0VXZLY2dhRVVtNlRIZzJfblE1ZWNEX1V1WWZxYUlIVm05Rk5fbU1tR2t4bw?oc=5"" target=""_blank"" class=""btn-link"">🔗 Abrir Noticia</a>",[🔗 Abrir Noticia](https://news.google.com/rss/articles/CBMivgFBVV95cUxOaUNzY2cwT2NXSWZQVlNjaEh3aGtOd0pPcllVMFFrcnB3U3pvRWdLLS1WNVVlaGczV0ZuWHNoXzFxa2FJbDdqZTkwNEQ4R1NOMXlqd241WUdvSXZOZ01yMlgtYkk0VkdhaExCUzg2VjkySnV0d0IyN0I1SE40RFd5RmNfT2RaS2tLenRvbUZDWk1oWVdoRGNwaG9vOUdHV2tSbmlvQ2o0OWt5QjA0YUQtZWl4c0VJWVNFUklEMHZB0gHDAUFVX3lxTFBrTU1PT1JRRGQydE9McjJzZEpxMkx2bU16NEJlX2tobzNWak5Ca3BacGRrTVA3RkpvZEE3QU1XSHBmOVZnejRyMXUwT3pnUmlxY3ZMN1pCUllacFBBellyOU11N0p5TkhlbmJTTDZJT0dGSUlhNWVIemtiaVRMRUNSTmloNi03QVpIcjF3Q1F2c01Sems5V1R0VXZLY2dhRVVtNlRIZzJfblE1ZWNEX1V1WWZxYUlIVm05Rk5fbU1tR2t4bw?oc=5),Fallece un motorista en un accidente de tráfico en Montoro Diario Córdoba,7c549729fafa9e8966a532fb8564ac82be21d437a56bf0a67e5eaab7ca0d1f52,2026-08-13 17:05:19
316,🟡 Pendiente (Verificar Noticia),2026-08-13,2026-08-13,antena3.com,"La reivindicación de los familiares de los Zamorano, fallecidos en el accidente de Adamuz: ""Los políticos - antena3.com",Montería (Casco Urbano / Sector en investigación),Montería (Casco Urbano / Sector en investigación),,Montería,No especificado,0,0,Baja (Centroide General Montería),8.7508,-75.8814,https://news.google.com/rss/articles/CBMilAJBVV95cUxQRmxQWDBsSWpPMjZFdWJ0Q1RlMm9QaDhaSmFwTk1QTV9TNDl5NlJYOF9kUlJ2a2pTeFVhZl9rU1BMSno1YTc3Wm1zSjM4X1FCbUxZYWlXYzhQTzVRQ3pfVmpsYm1OS1MybUpmMTNFeEZNbUMtZTlRVWwwZ1YzRjViY2VmcFBWR0plVjZhdEZDQjNKWTNNc0Q2VHpLTkhwR19PM0JjTFVfbGc4ZV9LeE90aFdQREV5ZjZaYzFLUmUyd1JXZ19HbWlWdG5pRnRBbW9zRDRZYzM5Z3ZnMGZHY0xESHRDQUJBaUg2ME5yWng0UXk3NzRvbENZdkdNWmx1NVlDdTJCM2xOVkFKZ2FpLUVUSTRiQnPSAZQCQVVfeXFMT1dMRURsa052bmUzallaZnRIY2FDbDRSVi12SGNsaU9KVDdzRzU1LVplWElsSjRnbUVENFM0S1o2OHZSX09VZlExNlJjRG1vd1RSSFRjdEtHdU5haHhMaDBlM0VQTTZIb0xWTm5MeGk1TGtVWjFVWUZsaDFncjVEeEh4bFlsN2YwdkVwejhfcER0Z1FOSjdDcEd3U196MXZyRmRERENFQ1NhZk55MDFwZE0zSml4RjY3SUhCNTM1TXRWbEVUSnhtNXpucDZfLVNmZUhad0I1ZHdSVTg3bkl5N0pmRzgyOXVJeHZBWmFGbGY0YmpKb1Bjdm1oMjlEczdkWEFsNmR0WjRGVlQybzY2cHRfRjFI?oc=5,"<a href=""https://news.google.com/rss/articles/CBMilAJBVV95cUxQRmxQWDBsSWpPMjZFdWJ0Q1RlMm9QaDhaSmFwTk1QTV9TNDl5NlJYOF9kUlJ2a2pTeFVhZl9rU1BMSno1YTc3Wm1zSjM4X1FCbUxZYWlXYzhQTzVRQ3pfVmpsYm1OS1MybUpmMTNFeEZNbUMtZTlRVWwwZ1YzRjViY2VmcFBWR0plVjZhdEZDQjNKWTNNc0Q2VHpLTkhwR19PM0JjTFVfbGc4ZV9LeE90aFdQREV5ZjZaYzFLUmUyd1JXZ19HbWlWdG5pRnRBbW9zRDRZYzM5Z3ZnMGZHY0xESHRDQUJBaUg2ME5yWng0UXk3NzRvbENZdkdNWmx1NVlDdTJCM2xOVkFKZ2FpLUVUSTRiQnPSAZQCQVVfeXFMT1dMRURsa052bmUzallaZnRIY2FDbDRSVi12SGNsaU9KVDdzRzU1LVplWElsSjRnbUVENFM0S1o2OHZSX09VZlExNlJjRG1vd1RSSFRjdEtHdU5haHhMaDBlM0VQTTZIb0xWTm5MeGk1TGtVWjFVWUZsaDFncjVEeEh4bFlsN2YwdkVwejhfcER0Z1FOSjdDcEd3U196MXZyRmRERENFQ1NhZk55MDFwZE0zSml4RjY3SUhCNTM1TXRWbEVUSnhtNXpucDZfLVNmZUhad0I1ZHdSVTg3bkl5N0pmRzgyOXVJeHZBWmFGbGY0YmpKb1Bjdm1oMjlEczdkWEFsNmR0WjRGVlQybzY2cHRfRjFI?oc=5"" target=""_blank"" class=""btn-link"">🔗 Abrir Noticia</a>",[🔗 Abrir Noticia](https://news.google.com/rss/articles/CBMilAJBVV95cUxQRmxQWDBsSWpPMjZFdWJ0Q1RlMm9QaDhaSmFwTk1QTV9TNDl5NlJYOF9kUlJ2a2pTeFVhZl9rU1BMSno1YTc3Wm1zSjM4X1FCbUxZYWlXYzhQTzVRQ3pfVmpsYm1OS1MybUpmMTNFeEZNbUMtZTlRVWwwZ1YzRjViY2VmcFBWR0plVjZhdEZDQjNKWTNNc0Q2VHpLTkhwR19PM0JjTFVfbGc4ZV9LeE90aFdQREV5ZjZaYzFLUmUyd1JXZ19HbWlWdG5pRnRBbW9zRDRZYzM5Z3ZnMGZHY0xESHRDQUJBaUg2ME5yWng0UXk3NzRvbENZdkdNWmx1NVlDdTJCM2xOVkFKZ2FpLUVUSTRiQnPSAZQCQVVfeXFMT1dMRURsa052bmUzallaZnRIY2FDbDRSVi12SGNsaU9KVDdzRzU1LVplWElsSjRnbUVENFM0S1o2OHZSX09VZlExNlJjRG1vd1RSSFRjdEtHdU5haHhMaDBlM0VQTTZIb0xWTm5MeGk1TGtVWjFVWUZsaDFncjVEeEh4bFlsN2YwdkVwejhfcER0Z1FOSjdDcEd3U196MXZyRmRERENFQ1NhZk55MDFwZE0zSml4RjY3SUhCNTM1TXRWbEVUSnhtNXpucDZfLVNmZUhad0I1ZHdSVTg3bkl5N0pmRzgyOXVJeHZBWmFGbGY0YmpKb1Bjdm1oMjlEczdkWEFsNmR0WjRGVlQybzY2cHRfRjFI?oc=5),"La reivindicación de los familiares de los Zamorano, fallecidos en el accidente de Adamuz: ""Los políticos antena3.com",6540c0d7cb518736652ebcdc13517d69edc7386e1f2391fe28787bfdab4b8811,2026-08-13 17:05:19
317,🟡 Pendiente (Verificar Noticia),2026-08-13,2026-08-13,wamiz.es,Del horror al abrazo: el reencuentro con su perro Boro tras el accidente de tren en Córdoba - wamiz.es,Montería (Casco Urbano / Sector en investigación),Montería (Casco Urbano / Sector en investigación),,Montería,No especificado,0,0,Baja (Centroide General Montería),8.7508,-75.8814,https://news.google.com/rss/articles/CBMirwFBVV95cUxNVE5Yc2tuZFdBN1czandPRFlUSDFhTERkeGlJSW53Q3A0dEtkWHR3Q3h4ZldaMXU3NDJlWnZnRllZWmk0NXlPTGNzUjh0dWtnazMtWU51UlZTTVAtTkN4UDhoZVpvWTNyQlRZeUg5MHdyZy1paWp3bWtHdGtRZU4wbDdzZWN1MUdxTlBuNkg5emlmQUlwN3hkU2pFT3p0V1ZFeHJLblgycmJrMmhvVmJj?oc=5,"<a href=""https://news.google.com/rss/articles/CBMirwFBVV95cUxNVE5Yc2tuZFdBN1czandPRFlUSDFhTERkeGlJSW53Q3A0dEtkWHR3Q3h4ZldaMXU3NDJlWnZnRllZWmk0NXlPTGNzUjh0dWtnazMtWU51UlZTTVAtTkN4UDhoZVpvWTNyQlRZeUg5MHdyZy1paWp3bWtHdGtRZU4wbDdzZWN1MUdxTlBuNkg5emlmQUlwN3hkU2pFT3p0V1ZFeHJLblgycmJrMmhvVmJj?oc=5"" target=""_blank"" class=""btn-link"">🔗 Abrir Noticia</a>",[🔗 Abrir Noticia](https://news.google.com/rss/articles/CBMirwFBVV95cUxNVE5Yc2tuZFdBN1czandPRFlUSDFhTERkeGlJSW53Q3A0dEtkWHR3Q3h4ZldaMXU3NDJlWnZnRllZWmk0NXlPTGNzUjh0dWtnazMtWU51UlZTTVAtTkN4UDhoZVpvWTNyQlRZeUg5MHdyZy1paWp3bWtHdGtRZU4wbDdzZWN1MUdxTlBuNkg5emlmQUlwN3hkU2pFT3p0V1ZFeHJLblgycmJrMmhvVmJj?oc=5),Del horror al abrazo: el reencuentro con su perro Boro tras el accidente de tren en Córdoba wamiz.es,1f3db817f7195c6ea9cf273839dc5c95e1c1c7c353fedb3f4f906e79e3abfca6,2026-08-13 17:05:19
318,🟡 Pendiente (Verificar Noticia),2026-08-13,2026-08-13,ABC,El juzgado de Montoro que investiga el trágico accidente de trenes en Adamuz estrenará jueza - ABC,Montería (Casco Urbano / Sector en investigación),Montería (Casco Urbano / Sector en investigación),,Montería,No especificado,0,0,Baja (Centroide General Montería),8.7508,-75.8814,https://news.google.com/rss/articles/CBMiwwFBVV95cUxNUTkweUM2SkphU0QtVFdNa2ltVk9kczl4bFkwaXRxZXgtaDZvTnZEZ1pUVnlveEpJYXh2UWtzSU9jaVVSanh3YUdPNGpVOEtPbE1STWl3c3pDaHJvYm5DaGNub0VOZkdKX0Y5NHJVTmNUZFZZanFYV3pTb0djTjhaeVZ3YTNXYndKYWVoY2JYenlicGNOYzVjaDJ3NW1ZVEY2cENYLTRjZTBaUENaOW1kRkpMYjlwLUxJNmZKM2xBX1dNejA?oc=5,"<a href=""https://news.google.com/rss/articles/CBMiwwFBVV95cUxNUTkweUM2SkphU0QtVFdNa2ltVk9kczl4bFkwaXRxZXgtaDZvTnZEZ1pUVnlveEpJYXh2UWtzSU9jaVVSanh3YUdPNGpVOEtPbE1STWl3c3pDaHJvYm5DaGNub0VOZkdKX0Y5NHJVTmNUZFZZanFYV3pTb0djTjhaeVZ3YTNXYndKYWVoY2JYenlicGNOYzVjaDJ3NW1ZVEY2cENYLTRjZTBaUENaOW1kRkpMYjlwLUxJNmZKM2xBX1dNejA?oc=5"" target=""_blank"" class=""btn-link"">🔗 Abrir Noticia</a>",[🔗 Abrir Noticia](https://news.google.com/rss/articles/CBMiwwFBVV95cUxNUTkweUM2SkphU0QtVFdNa2ltVk9kczl4bFkwaXRxZXgtaDZvTnZEZ1pUVnlveEpJYXh2UWtzSU9jaVVSanh3YUdPNGpVOEtPbE1STWl3c3pDaHJvYm5DaGNub0VOZkdKX0Y5NHJVTmNUZFZZanFYV3pTb0djTjhaeVZ3YTNXYndKYWVoY2JYenlicGNOYzVjaDJ3NW1ZVEY2cENYLTRjZTBaUENaOW1kRkpMYjlwLUxJNmZKM2xBX1dNejA?oc=5),El juzgado de Montoro que investiga el trágico accidente de trenes en Adamuz estrenará jueza ABC,087bcf5c6b84778a1eaa0ce376f4a4b7f4f8e3d5ef14f851fd45a6af7699aece,2026-08-13 17:05:19
319,🟡 Pendiente (Verificar Noticia),2026-08-13,2026-08-13,Diario Córdoba,"Impactantes imágenes aéreas del lugar del accidente de tren en Adamuz, Córdoba - Diario Córdoba",Montería (Casco Urbano / Sector en investigación),Montería (Casco Urbano / Sector en investigación),,Montería,No especificado,0,0,Baja (Centroide General Montería),8.7508,-75.8814,https://news.google.com/rss/articles/CBMixwFBVV95cUxQTk5vU0RDbEs0S3BTNmZtYjhKdnk4bmpjLTcxeUNJVlZWY25oekRpUmZRT2N1RS1BUllNYU9Ma3pCcS1vVU90ZmNLOVREUUR3cWQxNmhfQXRWNHY3RlozbzRGR0tHaFlDTmpRN0pyX3FOTjQ1SFRJNVJsTVJPbThOMjVBT2FPLVY5d0xXMFNPWjdhMkxRWTg2ckFRX21VZ1RodGVabFhPRUFvWGZZVlpZZThkaFo5c1VjN3hZVTBtSlptRmJLWVJz0gHMAUFVX3lxTE1TM3F3SUFRMXlWZnRDbzJndVBnR25hdDUwcWJlRU9SM2JlNUw0MHZzU2FOcTJKclhuX2stNTU2Z2tRY2doQ1V1LWIwSzFLN0FPVzAyRDVVU1V0SXVKMERVdjdsWXNsaUdTOEM4RnRCUGFOSU1BWDk5Z0RUQzhBRXAxWlQ0RHdreEFGZjAtY09FX1NBMC0xdFM0cFJFOVFjZEI5dUtCUlVlMzBBNU1aZDhJbFJ4X1JEeVFpeWltVjVFTFdrdnlrQ2FNV3Fjcw?oc=5,"<a href=""https://news.google.com/rss/articles/CBMixwFBVV95cUxQTk5vU0RDbEs0S3BTNmZtYjhKdnk4bmpjLTcxeUNJVlZWY25oekRpUmZRT2N1RS1BUllNYU9Ma3pCcS1vVU90ZmNLOVREUUR3cWQxNmhfQXRWNHY3RlozbzRGR0tHaFlDTmpRN0pyX3FOTjQ1SFRJNVJsTVJPbThOMjVBT2FPLVY5d0xXMFNPWjdhMkxRWTg2ckFRX21VZ1RodGVabFhPRUFvWGZZVlpZZThkaFo5c1VjN3hZVTBtSlptRmJLWVJz0gHMAUFVX3lxTE1TM3F3SUFRMXlWZnRDbzJndVBnR25hdDUwcWJlRU9SM2JlNUw0MHZzU2FOcTJKclhuX2stNTU2Z2tRY2doQ1V1LWIwSzFLN0FPVzAyRDVVU1V0SXVKMERVdjdsWXNsaUdTOEM4RnRCUGFOSU1BWDk5Z0RUQzhBRXAxWlQ0RHdreEFGZjAtY09FX1NBMC0xdFM0cFJFOVFjZEI5dUtCUlVlMzBBNU1aZDhJbFJ4X1JEeVFpeWltVjVFTFdrdnlrQ2FNV3Fjcw?oc=5"" target=""_blank"" class=""btn-link"">🔗 Abrir Noticia</a>",[🔗 Abrir Noticia](https://news.google.com/rss/articles/CBMixwFBVV95cUxQTk5vU0RDbEs0S3BTNmZtYjhKdnk4bmpjLTcxeUNJVlZWY25oekRpUmZRT2N1RS1BUllNYU9Ma3pCcS1vVU90ZmNLOVREUUR3cWQxNmhfQXRWNHY3RlozbzRGR0tHaFlDTmpRN0pyX3FOTjQ1SFRJNVJsTVJPbThOMjVBT2FPLVY5d0xXMFNPWjdhMkxRWTg2ckFRX21VZ1RodGVabFhPRUFvWGZZVlpZZThkaFo5c1VjN3hZVTBtSlptRmJLWVJz0gHMAUFVX3lxTE1TM3F3SUFRMXlWZnRDbzJndVBnR25hdDUwcWJlRU9SM2JlNUw0MHZzU2FOcTJKclhuX2stNTU2Z2tRY2doQ1V1LWIwSzFLN0FPVzAyRDVVU1V0SXVKMERVdjdsWXNsaUdTOEM4RnRCUGFOSU1BWDk5Z0RUQzhBRXAxWlQ0RHdreEFGZjAtY09FX1NBMC0xdFM0cFJFOVFjZEI5dUtCUlVlMzBBNU1aZDhJbFJ4X1JEeVFpeWltVjVFTFdrdnlrQ2FNV3Fjcw?oc=5),"Impactantes imágenes aéreas del lugar del accidente de tren en Adamuz, Córdoba Diario Córdoba",9ac12334244eafdfa19339f3b0cd991a48d1bbacbcb638a28222e495cb016dcd,2026-08-13 17:05:19
320,🟡 Pendiente (Verificar Noticia),2026-08-13,2026-08-13,El Día de Córdoba,Parte de los afectados del accidente de tren de Córdoba volverán a Madrid desde la estación de Los Pedroches - El Día de Córdoba,Montería (Casco Urbano / Sector en investigación),Montería (Casco Urbano / Sector en investigación),,Montería,No especificado,0,0,Baja (Centroide General Montería),8.7508,-75.8814,https://news.google.com/rss/articles/CBMirgFBVV95cUxNT24zU3JIeWVkRUlvS3YtN1NrNHJTYzlRQWF6cTZ5SE9LYi15VE9oVDM5dVVyNTdYeWFZVWQ3MmRMNm9HNHozOXFTWV92eFJlV0FPdXpyZURtd0laLVhvbDZ0cF83UnVQdDVuWnI2SFllb0ZITDhWVVUwLTNSUi11UjBwNDlZTVZjNEtIeFJJWjR2VGRNOXJFcUNSbUM5Rk5qWHQycWtTaXRld0NTbVHSAbMBQVVfeXFMT0xLa3l0WkUzUWxGLXBudV9lcDR1LXBVell6RHh3eHFBWVdGZjkwa01oVU5XeXBaY19lTHhwbmJqblJ4S3F3bHp2eVN1Q1I5T0l4MEJzY1hQcUVmWDhQbUlrSWFaaWJ3emVIdmlTeVZ6RW1mT095RXFiRm1RQUZmbk16WklpdVJRZllqVUxhZHdFSUpnaXhLV3BzQkNIdVpYeXo1ZDNKdzlMa1RKRjBvbnB5RWs?oc=5,"<a href=""https://news.google.com/rss/articles/CBMirgFBVV95cUxNT24zU3JIeWVkRUlvS3YtN1NrNHJTYzlRQWF6cTZ5SE9LYi15VE9oVDM5dVVyNTdYeWFZVWQ3MmRMNm9HNHozOXFTWV92eFJlV0FPdXpyZURtd0laLVhvbDZ0cF83UnVQdDVuWnI2SFllb0ZITDhWVVUwLTNSUi11UjBwNDlZTVZjNEtIeFJJWjR2VGRNOXJFcUNSbUM5Rk5qWHQycWtTaXRld0NTbVHSAbMBQVVfeXFMT0xLa3l0WkUzUWxGLXBudV9lcDR1LXBVell6RHh3eHFBWVdGZjkwa01oVU5XeXBaY19lTHhwbmJqblJ4S3F3bHp2eVN1Q1I5T0l4MEJzY1hQcUVmWDhQbUlrSWFaaWJ3emVIdmlTeVZ6RW1mT095RXFiRm1RQUZmbk16WklpdVJRZllqVUxhZHdFSUpnaXhLV3BzQkNIdVpYeXo1ZDNKdzlMa1RKRjBvbnB5RWs?oc=5"" target=""_blank"" class=""btn-link"">🔗 Abrir Noticia</a>",[🔗 Abrir Noticia](https://news.google.com/rss/articles/CBMirgFBVV95cUxNT24zU3JIeWVkRUlvS3YtN1NrNHJTYzlRQWF6cTZ5SE9LYi15VE9oVDM5dVVyNTdYeWFZVWQ3MmRMNm9HNHozOXFTWV92eFJlV0FPdXpyZURtd0laLVhvbDZ0cF83UnVQdDVuWnI2SFllb0ZITDhWVVUwLTNSUi11UjBwNDlZTVZjNEtIeFJJWjR2VGRNOXJFcUNSbUM5Rk5qWHQycWtTaXRld0NTbVHSAbMBQVVfeXFMT0xLa3l0WkUzUWxGLXBudV9lcDR1LXBVell6RHh3eHFBWVdGZjkwa01oVU5XeXBaY19lTHhwbmJqblJ4S3F3bHp2eVN1Q1I5T0l4MEJzY1hQcUVmWDhQbUlrSWFaaWJ3emVIdmlTeVZ6RW1mT095RXFiRm1RQUZmbk16WklpdVJRZllqVUxhZHdFSUpnaXhLV3BzQkNIdVpYeXo1ZDNKdzlMa1RKRjBvbnB5RWs?oc=5),Parte de los afectados del accidente de tren de Córdoba volverán a Madrid desde la estación de Los Pedroches El Día de Córdoba,f771e928f8c1e247d3fdf95eea5a849aef328616e2a34ed471153be30e2110d5,2026-08-13 17:05:19
321,🟡 Pendiente (Verificar Noticia),2026-08-13,2026-08-13,esdiario.com,Se cumplen dos meses del accidente de Adamuz sin resolver y sin responsables - esdiario.com,Montería (Casco Urbano / Sector en investigación),Montería (Casco Urbano / Sector en investigación),,Montería,No especificado,0,0,Baja (Centroide General Montería),8.7508,-75.8814,https://news.google.com/rss/articles/CBMirwFBVV95cUxQOHhTN0hiRm4wLUlqMkJHVzBkcTd6aVc1V28zemVKWWtILXE5Y2RkazFCbE1EbURJcG9wSnFFUDRtVFA2ajByLW1GNi1WLU85aWctRHJnQ1FYMlNEODc3Q3JBYUY1Q1pwT0trTGFSb3FRR0FCLW5nak5ra1AtVlFUNTJXSUZ1QU5ISlVqSDlyM3NVc3BKZVMxM1RTZkhYUUdiNnlKMW1fbEhqNDNZRThR0gG0AUFVX3lxTE8xbVZSSE9BdElyU2lCRHU4V0xLeVhjS3Fic2loS2h3S2poR05TcUdLU3BYdjBoZnh5TFNiWmhXQkxkQ3M0OHpSXzRfQkRROVpWeGNaZTNrUnVPS2JjNnJsWHQtTDhhU1E1eWo2dUVKbmhCb3UzOGI2Vjh1MWVhdkdXajd3MUVOMG1DaGo0STNYZnByNkJxNUhWRnNZNERDTFBMaEpMbkRUTGlCT2M3bDhWb2VsVg?oc=5,"<a href=""https://news.google.com/rss/articles/CBMirwFBVV95cUxQOHhTN0hiRm4wLUlqMkJHVzBkcTd6aVc1V28zemVKWWtILXE5Y2RkazFCbE1EbURJcG9wSnFFUDRtVFA2ajByLW1GNi1WLU85aWctRHJnQ1FYMlNEODc3Q3JBYUY1Q1pwT0trTGFSb3FRR0FCLW5nak5ra1AtVlFUNTJXSUZ1QU5ISlVqSDlyM3NVc3BKZVMxM1RTZkhYUUdiNnlKMW1fbEhqNDNZRThR0gG0AUFVX3lxTE8xbVZSSE9BdElyU2lCRHU4V0xLeVhjS3Fic2loS2h3S2poR05TcUdLU3BYdjBoZnh5TFNiWmhXQkxkQ3M0OHpSXzRfQkRROVpWeGNaZTNrUnVPS2JjNnJsWHQtTDhhU1E1eWo2dUVKbmhCb3UzOGI2Vjh1MWVhdkdXajd3MUVOMG1DaGo0STNYZnByNkJxNUhWRnNZNERDTFBMaEpMbkRUTGlCT2M3bDhWb2VsVg?oc=5"" target=""_blank"" class=""btn-link"">🔗 Abrir Noticia</a>",[🔗 Abrir Noticia](https://news.google.com/rss/articles/CBMirwFBVV95cUxQOHhTN0hiRm4wLUlqMkJHVzBkcTd6aVc1V28zemVKWWtILXE5Y2RkazFCbE1EbURJcG9wSnFFUDRtVFA2ajByLW1GNi1WLU85aWctRHJnQ1FYMlNEODc3Q3JBYUY1Q1pwT0trTGFSb3FRR0FCLW5nak5ra1AtVlFUNTJXSUZ1QU5ISlVqSDlyM3NVc3BKZVMxM1RTZkhYUUdiNnlKMW1fbEhqNDNZRThR0gG0AUFVX3lxTE8xbVZSSE9BdElyU2lCRHU4V0xLeVhjS3Fic2loS2h3S2poR05TcUdLU3BYdjBoZnh5TFNiWmhXQkxkQ3M0OHpSXzRfQkRROVpWeGNaZTNrUnVPS2JjNnJsWHQtTDhhU1E1eWo2dUVKbmhCb3UzOGI2Vjh1MWVhdkdXajd3MUVOMG1DaGo0STNYZnByNkJxNUhWRnNZNERDTFBMaEpMbkRUTGlCT2M3bDhWb2VsVg?oc=5),Se cumplen dos meses del accidente de Adamuz sin resolver y sin responsables esdiario.com,fd91e595f43a98f28b16e9b01a087194ae3d1b30fb9119212913732ad75febdb,2026-08-13 17:05:19
322,🟡 Pendiente (Verificar Noticia),2026-08-13,2026-08-13,Artículo 14,La alta velocidad ante su mayor crisis reputacional: así afecta a la marca España - Artículo 14,Montería (Casco Urbano / Sector en investigación),Montería (Casco Urbano / Sector en investigación),,Montería,No especificado,0,0,Baja (Centroide General Montería),8.7508,-75.8814,https://news.google.com/rss/articles/CBMiyAFBVV95cUxQVlB4WGhUZlJ1eldkdklnOTlBSlhsbWQtZWd2SDN5NTh0VlN2b0M0WXdmTGQwSVROY3JQWmdzNzFwQ3ZWMm5DOHZTVVd6dU1kU0xqSFBtaElNOUFxSDFFdjR3VXEwM2s5ZHhTYWtDYWxNSVctZjlVWDhCVFliWHQzdGtac1k0QlRlT1VNMjlESF9Sd1JfLWZqWjBvSkxwVXUwc0paZk5VdGI4RTVTVFhDN3VWLXpwanhOTENiNzRGQkZxZXBURmx0Qw?oc=5,"<a href=""https://news.google.com/rss/articles/CBMiyAFBVV95cUxQVlB4WGhUZlJ1eldkdklnOTlBSlhsbWQtZWd2SDN5NTh0VlN2b0M0WXdmTGQwSVROY3JQWmdzNzFwQ3ZWMm5DOHZTVVd6dU1kU0xqSFBtaElNOUFxSDFFdjR3VXEwM2s5ZHhTYWtDYWxNSVctZjlVWDhCVFliWHQzdGtac1k0QlRlT1VNMjlESF9Sd1JfLWZqWjBvSkxwVXUwc0paZk5VdGI4RTVTVFhDN3VWLXpwanhOTENiNzRGQkZxZXBURmx0Qw?oc=5"" target=""_blank"" class=""btn-link"">🔗 Abrir Noticia</a>",[🔗 Abrir Noticia](https://news.google.com/rss/articles/CBMiyAFBVV95cUxQVlB4WGhUZlJ1eldkdklnOTlBSlhsbWQtZWd2SDN5NTh0VlN2b0M0WXdmTGQwSVROY3JQWmdzNzFwQ3ZWMm5DOHZTVVd6dU1kU0xqSFBtaElNOUFxSDFFdjR3VXEwM2s5ZHhTYWtDYWxNSVctZjlVWDhCVFliWHQzdGtac1k0QlRlT1VNMjlESF9Sd1JfLWZqWjBvSkxwVXUwc0paZk5VdGI4RTVTVFhDN3VWLXpwanhOTENiNzRGQkZxZXBURmx0Qw?oc=5),La alta velocidad ante su mayor crisis reputacional: así afecta a la marca España Artículo 14,fb4c19df42793b808ba4f76ed36587d445584a821185077a8a4a57a00dc4c3a7,2026-08-13 17:05:19
323,🟡 Pendiente (Verificar Noticia),2026-08-13,2026-08-13,libertaddigital.com,Los nombres de la tragedia del accidente ferroviario - libertaddigital.com,Montería (Casco Urbano / Sector en investigación),Montería (Casco Urbano / Sector en investigación),,Montería,No especificado,0,0,Baja (Centroide General Montería),8.7508,-75.8814,https://news.google.com/rss/articles/CBMitAFBVV95cUxOMFNPN1JQXzR5SUtZeTZWQWhtU2NjZEVuQ0dlbEo2eGkyZHhwRFNTNTRjQ2taOHh1RktGM242MFlvak82bURWQzNTdjYyVENmSk51OHdXOExFSWhvTUJySkNMMmxYMVdUQmx3WXd3bnEtc01TOUVNYlBTekRDR3p0T0tRVlNrYlFjWGpvVjdLYk5wWTdSbHpFTmk1UkoyMVlYRnBIXzlYdXdGSXNPYVFoeFFITUbSAb8BQVVfeXFMUDZRSHoxMzUtYnN0TkZPMjhWS1RYQks4WkxOSHlWalNwWkFnWTltUVJPdjhraDNkVkViVU83S2RvOWdocU5JZURiQklXMmhKbTQ1MlBCV01mZGFXNjRzWGQxamxRSVNxMmVuVkxCbWlENlgyR3FyN2dqYXB0UDZmNnZWajduU3V1ZmZuZUJtS21leWw3cW9MV1RvdHpjMnhrTjNlZlVYYzFPenVabjFtbjRhWXJVOW54ZjRHQW9zUXc?oc=5,"<a href=""https://news.google.com/rss/articles/CBMitAFBVV95cUxOMFNPN1JQXzR5SUtZeTZWQWhtU2NjZEVuQ0dlbEo2eGkyZHhwRFNTNTRjQ2taOHh1RktGM242MFlvak82bURWQzNTdjYyVENmSk51OHdXOExFSWhvTUJySkNMMmxYMVdUQmx3WXd3bnEtc01TOUVNYlBTekRDR3p0T0tRVlNrYlFjWGpvVjdLYk5wWTdSbHpFTmk1UkoyMVlYRnBIXzlYdXdGSXNPYVFoeFFITUbSAb8BQVVfeXFMUDZRSHoxMzUtYnN0TkZPMjhWS1RYQks4WkxOSHlWalNwWkFnWTltUVJPdjhraDNkVkViVU83S2RvOWdocU5JZURiQklXMmhKbTQ1MlBCV01mZGFXNjRzWGQxamxRSVNxMmVuVkxCbWlENlgyR3FyN2dqYXB0UDZmNnZWajduU3V1ZmZuZUJtS21leWw3cW9MV1RvdHpjMnhrTjNlZlVYYzFPenVabjFtbjRhWXJVOW54ZjRHQW9zUXc?oc=5"" target=""_blank"" class=""btn-link"">🔗 Abrir Noticia</a>",[🔗 Abrir Noticia](https://news.google.com/rss/articles/CBMitAFBVV95cUxOMFNPN1JQXzR5SUtZeTZWQWhtU2NjZEVuQ0dlbEo2eGkyZHhwRFNTNTRjQ2taOHh1RktGM242MFlvak82bURWQzNTdjYyVENmSk51OHdXOExFSWhvTUJySkNMMmxYMVdUQmx3WXd3bnEtc01TOUVNYlBTekRDR3p0T0tRVlNrYlFjWGpvVjdLYk5wWTdSbHpFTmk1UkoyMVlYRnBIXzlYdXdGSXNPYVFoeFFITUbSAb8BQVVfeXFMUDZRSHoxMzUtYnN0TkZPMjhWS1RYQks4WkxOSHlWalNwWkFnWTltUVJPdjhraDNkVkViVU83S2RvOWdocU5JZURiQklXMmhKbTQ1MlBCV01mZGFXNjRzWGQxamxRSVNxMmVuVkxCbWlENlgyR3FyN2dqYXB0UDZmNnZWajduU3V1ZmZuZUJtS21leWw3cW9MV1RvdHpjMnhrTjNlZlVYYzFPenVabjFtbjRhWXJVOW54ZjRHQW9zUXc?oc=5),Los nombres de la tragedia del accidente ferroviario libertaddigital.com,b2767bc20bb4b22efbbab0bd292ff2f8e29219dc83035cda1805f1e0abda71ca,2026-08-13 17:05:19
324,🟡 Pendiente (Verificar Noticia),2026-08-13,2026-08-13,La Razón,Moncloa replica en el accidente de tren la estrategia del apagón - La Razón,Montería (Casco Urbano / Sector en investigación),Montería (Casco Urbano / Sector en investigación),,Montería,No especificado,0,0,Baja (Centroide General Montería),8.7508,-75.8814,https://news.google.com/rss/articles/CBMitwFBVV95cUxNMDd6eFE0ZFRJbGYtUDVZeUgzYzIzblR0djUtRTFmbWpXTkhVTWtjLUhULXZiOTZfRXA4bDBYRkl3a2xuNFUwQVJfT0YwRU14TVF4Q1A1NlRiU1BLcDhfR3Y5NE9pQ1JKZ0dzczY0TS1GSHFpZ041RUNwbUVmMnJQem9KOFJxWWxOSjBURlI3TUJDOVZLSEdhWk1lWTY0MVo5OFZtTFFVYmZTQWNDejVES19sNTU0VjDSAcsBQVVfeXFMUFpfSjJaVFI4dWU2TlE4eDJqVWxabVcyLXVfSVBJc3QwSDRmNkhWdHVjbnBqckJkSW1MZjlHNEV2RGFhS2pmZ0w1ZHRpREdiNDV6VXQ0OUFtQ2ZCajMxalM2LVBlakhlNGdTTkxoTDhRak9KZkZsSWhyWTBwLVZVZklMYlVXMlpTbGdORXFhSTRoNUVDNDhSdDBJSDdJSEpYWXVjX0pQbnpzTE9zVnRQcm05NEZvdllWNGFnS2c0RWRoUC0yUmUzVXJvQ2s?oc=5,"<a href=""https://news.google.com/rss/articles/CBMitwFBVV95cUxNMDd6eFE0ZFRJbGYtUDVZeUgzYzIzblR0djUtRTFmbWpXTkhVTWtjLUhULXZiOTZfRXA4bDBYRkl3a2xuNFUwQVJfT0YwRU14TVF4Q1A1NlRiU1BLcDhfR3Y5NE9pQ1JKZ0dzczY0TS1GSHFpZ041RUNwbUVmMnJQem9KOFJxWWxOSjBURlI3TUJDOVZLSEdhWk1lWTY0MVo5OFZtTFFVYmZTQWNDejVES19sNTU0VjDSAcsBQVVfeXFMUFpfSjJaVFI4dWU2TlE4eDJqVWxabVcyLXVfSVBJc3QwSDRmNkhWdHVjbnBqckJkSW1MZjlHNEV2RGFhS2pmZ0w1ZHRpREdiNDV6VXQ0OUFtQ2ZCajMxalM2LVBlakhlNGdTTkxoTDhRak9KZkZsSWhyWTBwLVZVZklMYlVXMlpTbGdORXFhSTRoNUVDNDhSdDBJSDdJSEpYWXVjX0pQbnpzTE9zVnRQcm05NEZvdllWNGFnS2c0RWRoUC0yUmUzVXJvQ2s?oc=5"" target=""_blank"" class=""btn-link"">🔗 Abrir Noticia</a>",[🔗 Abrir Noticia](https://news.google.com/rss/articles/CBMitwFBVV95cUxNMDd6eFE0ZFRJbGYtUDVZeUgzYzIzblR0djUtRTFmbWpXTkhVTWtjLUhULXZiOTZfRXA4bDBYRkl3a2xuNFUwQVJfT0YwRU14TVF4Q1A1NlRiU1BLcDhfR3Y5NE9pQ1JKZ0dzczY0TS1GSHFpZ041RUNwbUVmMnJQem9KOFJxWWxOSjBURlI3TUJDOVZLSEdhWk1lWTY0MVo5OFZtTFFVYmZTQWNDejVES19sNTU0VjDSAcsBQVVfeXFMUFpfSjJaVFI4dWU2TlE4eDJqVWxabVcyLXVfSVBJc3QwSDRmNkhWdHVjbnBqckJkSW1MZjlHNEV2RGFhS2pmZ0w1ZHRpREdiNDV6VXQ0OUFtQ2ZCajMxalM2LVBlakhlNGdTTkxoTDhRak9KZkZsSWhyWTBwLVZVZklMYlVXMlpTbGdORXFhSTRoNUVDNDhSdDBJSDdJSEpYWXVjX0pQbnpzTE9zVnRQcm05NEZvdllWNGFnS2c0RWRoUC0yUmUzVXJvQ2s?oc=5),Moncloa replica en el accidente de tren la estrategia del apagón La Razón,b859b44ceae51e15ed81902028939fe972f3d310e0d5754e407457213893a77b,2026-08-13 17:05:19
325,🟡 Pendiente (Verificar Noticia),2026-08-13,2026-08-13,El Confidencial,"El día que todo salió bien en el hospital de Córdoba: una hora de infarto, un triaje milagro y ningún muerto - El Confidencial",Montería (Casco Urbano / Sector en investigación),Montería (Casco Urbano / Sector en investigación),,Montería,No especificado,1,0,Baja (Centroide General Montería),8.7508,-75.8814,https://news.google.com/rss/articles/CBMiqAFBVV95cUxOYV9MSldPZmpkUVdxdUdSYnFLek9kUzcwbjMtYUtmOXVBdmgzSjFUYTdGN2ZRWm40eVQzMnJKNHhGVngta1RpMFZPaU9mdFNEVkNqRVZoR0tUR19ta3FsekJtUWUtUEdMVUViZU5NRUZJLXVxeUFBX3lqbDB0b2xCVVhGQTdUTWNUWmFvWEJyVm9ManFDVTgzak9zZkdZNm9xTW51UHZSY0w?oc=5,"<a href=""https://news.google.com/rss/articles/CBMiqAFBVV95cUxOYV9MSldPZmpkUVdxdUdSYnFLek9kUzcwbjMtYUtmOXVBdmgzSjFUYTdGN2ZRWm40eVQzMnJKNHhGVngta1RpMFZPaU9mdFNEVkNqRVZoR0tUR19ta3FsekJtUWUtUEdMVUViZU5NRUZJLXVxeUFBX3lqbDB0b2xCVVhGQTdUTWNUWmFvWEJyVm9ManFDVTgzak9zZkdZNm9xTW51UHZSY0w?oc=5"" target=""_blank"" class=""btn-link"">🔗 Abrir Noticia</a>",[🔗 Abrir Noticia](https://news.google.com/rss/articles/CBMiqAFBVV95cUxOYV9MSldPZmpkUVdxdUdSYnFLek9kUzcwbjMtYUtmOXVBdmgzSjFUYTdGN2ZRWm40eVQzMnJKNHhGVngta1RpMFZPaU9mdFNEVkNqRVZoR0tUR19ta3FsekJtUWUtUEdMVUViZU5NRUZJLXVxeUFBX3lqbDB0b2xCVVhGQTdUTWNUWmFvWEJyVm9ManFDVTgzak9zZkdZNm9xTW51UHZSY0w?oc=5),"El día que todo salió bien en el hospital de Córdoba: una hora de infarto, un triaje milagro y ningún muerto El Confidencial",c8dcae27aa163bcad62a27dee6d012ffc8bcf2c2fe1c6ae55ed1469d8ff89754,2026-08-13 17:05:19
326,🟡 Pendiente (Verificar Noticia),2026-08-13,2026-08-13,La Razón,Adif tenía instrucciones contradictorias sobre cómo hacer la soldadura que saltó en el accidente de Adamuz - La Razón,Montería (Casco Urbano / Sector en investigación),Montería (Casco Urbano / Sector en investigación),,Montería,No especificado,0,0,Baja (Centroide General Montería),8.7508,-75.8814,https://news.google.com/rss/articles/CBMi_gFBVV95cUxNalJQdnJNSlY0VDFHR01ERWNqTnpKYVNrWlNIN0RqUlFPbkxZWFlWMlpWZk15cnNkR3NBaFUxQjBRM2VucUhRaW0wLUY4WmNpbW5HbDluUTZkanFmRXlQYlEtU0dBZ3U3dzUxcTVvR1JIV2wtVDBoRkFlZk1CQS1ycWhjeEFORXpoeG5SeXJ3bzdIX25pU1N5MExwR0NTT2podmxLMGowNzlyMHFaV25GYlNJdXdfUmstcUlXXzdqSm93T0J5Y2JZRXpzUXVoTzJOSlFVMkZVUjB2dUlYN0VaSkM0ejQteExvQUhiYlhIQUxwdlF0V05sMlh1UXpmUdIBkgJBVV95cUxOMjdvWlpKWUlUV192Vmx6M3RGTjI2VVB6VTZIRnlSTTVTZDRpa194WEhzWFhXd1plZDlXNml3OGMyb1R4ZjM3OHdtc0Y4YXlKTDMxNDUwM19ObDNOdXA5N0tQRmY1U0gxLXo4NVAzUVppY2xqSXJGclByVlNvYzRfN0hRU202RWdjcHRZV2JYaHhocHJ1TTdUVmdJWXh6Unc1eXo4Zy1JU3J6OHZzTURfT3NPbnQ0Mi1lX1pDSTg5cnktenlIaEZPLVlpRG43Rl9YWElVTjUzVjJRQ0dXNnZwNDdJbFZnQWZVV19YN0twT1FXQ2VLclo5N2hSVklFRm53YzZDLWdKSm5nSDh4UTRzb0tB?oc=5,"<a href=""https://news.google.com/rss/articles/CBMi_gFBVV95cUxNalJQdnJNSlY0VDFHR01ERWNqTnpKYVNrWlNIN0RqUlFPbkxZWFlWMlpWZk15cnNkR3NBaFUxQjBRM2VucUhRaW0wLUY4WmNpbW5HbDluUTZkanFmRXlQYlEtU0dBZ3U3dzUxcTVvR1JIV2wtVDBoRkFlZk1CQS1ycWhjeEFORXpoeG5SeXJ3bzdIX25pU1N5MExwR0NTT2podmxLMGowNzlyMHFaV25GYlNJdXdfUmstcUlXXzdqSm93T0J5Y2JZRXpzUXVoTzJOSlFVMkZVUjB2dUlYN0VaSkM0ejQteExvQUhiYlhIQUxwdlF0V05sMlh1UXpmUdIBkgJBVV95cUxOMjdvWlpKWUlUV192Vmx6M3RGTjI2VVB6VTZIRnlSTTVTZDRpa194WEhzWFhXd1plZDlXNml3OGMyb1R4ZjM3OHdtc0Y4YXlKTDMxNDUwM19ObDNOdXA5N0tQRmY1U0gxLXo4NVAzUVppY2xqSXJGclByVlNvYzRfN0hRU202RWdjcHRZV2JYaHhocHJ1TTdUVmdJWXh6Unc1eXo4Zy1JU3J6OHZzTURfT3NPbnQ0Mi1lX1pDSTg5cnktenlIaEZPLVlpRG43Rl9YWElVTjUzVjJRQ0dXNnZwNDdJbFZnQWZVV19YN0twT1FXQ2VLclo5N2hSVklFRm53YzZDLWdKSm5nSDh4UTRzb0tB?oc=5"" target=""_blank"" class=""btn-link"">🔗 Abrir Noticia</a>",[🔗 Abrir Noticia](https://news.google.com/rss/articles/CBMi_gFBVV95cUxNalJQdnJNSlY0VDFHR01ERWNqTnpKYVNrWlNIN0RqUlFPbkxZWFlWMlpWZk15cnNkR3NBaFUxQjBRM2VucUhRaW0wLUY4WmNpbW5HbDluUTZkanFmRXlQYlEtU0dBZ3U3dzUxcTVvR1JIV2wtVDBoRkFlZk1CQS1ycWhjeEFORXpoeG5SeXJ3bzdIX25pU1N5MExwR0NTT2podmxLMGowNzlyMHFaV25GYlNJdXdfUmstcUlXXzdqSm93T0J5Y2JZRXpzUXVoTzJOSlFVMkZVUjB2dUlYN0VaSkM0ejQteExvQUhiYlhIQUxwdlF0V05sMlh1UXpmUdIBkgJBVV95cUxOMjdvWlpKWUlUV192Vmx6M3RGTjI2VVB6VTZIRnlSTTVTZDRpa194WEhzWFhXd1plZDlXNml3OGMyb1R4ZjM3OHdtc0Y4YXlKTDMxNDUwM19ObDNOdXA5N0tQRmY1U0gxLXo4NVAzUVppY2xqSXJGclByVlNvYzRfN0hRU202RWdjcHRZV2JYaHhocHJ1TTdUVmdJWXh6Unc1eXo4Zy1JU3J6OHZzTURfT3NPbnQ0Mi1lX1pDSTg5cnktenlIaEZPLVlpRG43Rl9YWElVTjUzVjJRQ0dXNnZwNDdJbFZnQWZVV19YN0twT1FXQ2VLclo5N2hSVklFRm53YzZDLWdKSm5nSDh4UTRzb0tB?oc=5),Adif tenía instrucciones contradictorias sobre cómo hacer la soldadura que saltó en el accidente de Adamuz La Razón,b89124b152d4e8093b02e46f55c0c2fb392c04bef1c56e3fc9b10e444c2007ce,2026-08-13 17:05:19
327,🟡 Pendiente (Verificar Noticia),2026-08-13,2026-08-13,El Debate,Un accidente cerca de La Carlota obliga a una búsqueda de víctimas con drones - El Debate,Montería (Casco Urbano / Sector en investigación),Montería (Casco Urbano / Sector en investigación),,Montería,No especificado,0,0,Baja (Centroide General Montería),8.7508,-75.8814,https://news.google.com/rss/articles/CBMi0gFBVV95cUxOX2VFM0h6Qm1UU1ozNTd1X052RXRyN0VhXzZBUjgwZ0hUcDZieEl0YkMxOURHdzA2MmhWbG9BM3BqSnZnbTFMOXgxT0x6dGRXdTNxdEhrOE5VVGxwc3E2R2FLZS02V1lNZnRIODZUd25QQmR5Z0NPZ19xR1hPQnRTUlpDZk1ON1JQRHVEdFFDcjREbXVSd0UtcXhLUkpVb1ZqcVVYLTFCUUdpaG9CZFVvWkFiNVR2NHlqSWdZUGIxUGlQd1MwTjg3SjQ3UzRxZFV3ZlHSAdcBQVVfeXFMTmxyRFpCV1ZjX1hnR0V6NmdGamVmNXhiNExVaFJFVTRFaTZ3aVQzY05rdGU3QVV5amJVVFFJN0wzTG9pX2YxenhFc3poSXJPaktldXBZZ3dCNXpyanl6Q0xXbG1BS3ozVE05WmY0ZG1PNWMzRlRyVlAtRUhxN28xckFVM2xWekQ0WWVyV1A2TVNoNnY3cDd2MVpQR0dfUHVDNWxYM1dQNVVYVVdpd1FLVlhhUmxWZ2h2cHdwYVgzdE1PRkt4Y1F6SkpQMVBBamFIQklIejlOVVU?oc=5,"<a href=""https://news.google.com/rss/articles/CBMi0gFBVV95cUxOX2VFM0h6Qm1UU1ozNTd1X052RXRyN0VhXzZBUjgwZ0hUcDZieEl0YkMxOURHdzA2MmhWbG9BM3BqSnZnbTFMOXgxT0x6dGRXdTNxdEhrOE5VVGxwc3E2R2FLZS02V1lNZnRIODZUd25QQmR5Z0NPZ19xR1hPQnRTUlpDZk1ON1JQRHVEdFFDcjREbXVSd0UtcXhLUkpVb1ZqcVVYLTFCUUdpaG9CZFVvWkFiNVR2NHlqSWdZUGIxUGlQd1MwTjg3SjQ3UzRxZFV3ZlHSAdcBQVVfeXFMTmxyRFpCV1ZjX1hnR0V6NmdGamVmNXhiNExVaFJFVTRFaTZ3aVQzY05rdGU3QVV5amJVVFFJN0wzTG9pX2YxenhFc3poSXJPaktldXBZZ3dCNXpyanl6Q0xXbG1BS3ozVE05WmY0ZG1PNWMzRlRyVlAtRUhxN28xckFVM2xWekQ0WWVyV1A2TVNoNnY3cDd2MVpQR0dfUHVDNWxYM1dQNVVYVVdpd1FLVlhhUmxWZ2h2cHdwYVgzdE1PRkt4Y1F6SkpQMVBBamFIQklIejlOVVU?oc=5"" target=""_blank"" class=""btn-link"">🔗 Abrir Noticia</a>",[🔗 Abrir Noticia](https://news.google.com/rss/articles/CBMi0gFBVV95cUxOX2VFM0h6Qm1UU1ozNTd1X052RXRyN0VhXzZBUjgwZ0hUcDZieEl0YkMxOURHdzA2MmhWbG9BM3BqSnZnbTFMOXgxT0x6dGRXdTNxdEhrOE5VVGxwc3E2R2FLZS02V1lNZnRIODZUd25QQmR5Z0NPZ19xR1hPQnRTUlpDZk1ON1JQRHVEdFFDcjREbXVSd0UtcXhLUkpVb1ZqcVVYLTFCUUdpaG9CZFVvWkFiNVR2NHlqSWdZUGIxUGlQd1MwTjg3SjQ3UzRxZFV3ZlHSAdcBQVVfeXFMTmxyRFpCV1ZjX1hnR0V6NmdGamVmNXhiNExVaFJFVTRFaTZ3aVQzY05rdGU3QVV5amJVVFFJN0wzTG9pX2YxenhFc3poSXJPaktldXBZZ3dCNXpyanl6Q0xXbG1BS3ozVE05WmY0ZG1PNWMzRlRyVlAtRUhxN28xckFVM2xWekQ0WWVyV1A2TVNoNnY3cDd2MVpQR0dfUHVDNWxYM1dQNVVYVVdpd1FLVlhhUmxWZ2h2cHdwYVgzdE1PRkt4Y1F6SkpQMVBBamFIQklIejlOVVU?oc=5),Un accidente cerca de La Carlota obliga a una búsqueda de víctimas con drones El Debate,6a54380d054cbdc6f945a7913844a1020a1d7a73e83ccf009ca08aa28b71c7bb,2026-08-13 17:05:19
328,🟡 Pendiente (Verificar Noticia),2026-08-13,2026-08-13,Radio Estación,"Tras un grave accidente, Ariel Córdoba encontró en la panificación una nueva forma de salir adelante - Radio Estación",Montería (Casco Urbano / Sector en investigación),Montería (Casco Urbano / Sector en investigación),,Montería,No especificado,0,0,Baja (Centroide General Montería),8.7508,-75.8814,https://news.google.com/rss/articles/CBMizgFBVV95cUxONXJiMG5BczFQRURMeU5pejZ4NG1oUU9Sa0lWYzN5dkllODhKSGV4b2dha25QaExpMTFDRVg1SzFkM2FucF9DWnRlbkhTOUJ2TDVlTmVYdWp3NGl0XzFjX19zWE9Ta3RPTV9XYjgyS3p5RF9HeFVaWkw0THlSR0hpOTA0YXVONXhqZ0UwM3ozZXVwb0hkTV9peXdPQnFmQmNGaS1iaUtNbW5zU0lYTXR5U0VDdk5YQ2dIRXdxbUhrMFlsc1hVMEdJU2VVRmhrZw?oc=5,"<a href=""https://news.google.com/rss/articles/CBMizgFBVV95cUxONXJiMG5BczFQRURMeU5pejZ4NG1oUU9Sa0lWYzN5dkllODhKSGV4b2dha25QaExpMTFDRVg1SzFkM2FucF9DWnRlbkhTOUJ2TDVlTmVYdWp3NGl0XzFjX19zWE9Ta3RPTV9XYjgyS3p5RF9HeFVaWkw0THlSR0hpOTA0YXVONXhqZ0UwM3ozZXVwb0hkTV9peXdPQnFmQmNGaS1iaUtNbW5zU0lYTXR5U0VDdk5YQ2dIRXdxbUhrMFlsc1hVMEdJU2VVRmhrZw?oc=5"" target=""_blank"" class=""btn-link"">🔗 Abrir Noticia</a>",[🔗 Abrir Noticia](https://news.google.com/rss/articles/CBMizgFBVV95cUxONXJiMG5BczFQRURMeU5pejZ4NG1oUU9Sa0lWYzN5dkllODhKSGV4b2dha25QaExpMTFDRVg1SzFkM2FucF9DWnRlbkhTOUJ2TDVlTmVYdWp3NGl0XzFjX19zWE9Ta3RPTV9XYjgyS3p5RF9HeFVaWkw0THlSR0hpOTA0YXVONXhqZ0UwM3ozZXVwb0hkTV9peXdPQnFmQmNGaS1iaUtNbW5zU0lYTXR5U0VDdk5YQ2dIRXdxbUhrMFlsc1hVMEdJU2VVRmhrZw?oc=5),"Tras un grave accidente, Ariel Córdoba encontró en la panificación una nueva forma de salir adelante Radio Estación",2b03c8a8b853b180abed05cf5819065c47356bb9850467943e7604fc169ede65,2026-08-13 17:05:19
329,🟡 Pendiente (Verificar Noticia),2026-08-13,2026-08-13,Diario de Sevilla,"Anabel Pantoja, en shock tras el accidente ferroviario de Adamuz: ""Venía en el tren justo de antes, Córdoba - Madrid"" - Diario de Sevilla",Montería (Casco Urbano / Sector en investigación),Montería (Casco Urbano / Sector en investigación),,Montería,No especificado,0,0,Baja (Centroide General Montería),8.7508,-75.8814,https://news.google.com/rss/articles/CBMipAFBVV95cUxNLUpPRVEweGEwTUtCckNQcUU3YU1fejFHRnc5Um8zWENFUHR1d3hBckVJNC03R3NRaTBKVlpVT2ttXzZLbUc3QlJheEhqNUg4eFNSVmdmLTQ2REhNTG5KNlNDWTlfYzhESnQtS1NqWlRVM1NDa2xaekI0WVhpMGtGUkVzLTFQUjdRbjRFUUFUNTB5VzJKQ1c3cVVLUWdpQk81cjNVZtIBqgFBVV95cUxNN0V0VGQ0S2Zjb1FHRkRFdE4xTEY1Z0Y5UUZSYnlBQjlmRnNkWXlVaGxnRXgwU295TWFPdGhsSkRhYmJyU0FEUmtHTlVSajEwSU1DVm02bEZldFZNTWxCTjV2YVp1ZE1DR1VwS09DRTFtbGMtdThzSUNVaUxaNE1zZlQ1MS1uZUIxMFhkUTJCSlRDRzZ3S0pQZUF1VVRjdDdCd1lTNjVkbnJxZw?oc=5,"<a href=""https://news.google.com/rss/articles/CBMipAFBVV95cUxNLUpPRVEweGEwTUtCckNQcUU3YU1fejFHRnc5Um8zWENFUHR1d3hBckVJNC03R3NRaTBKVlpVT2ttXzZLbUc3QlJheEhqNUg4eFNSVmdmLTQ2REhNTG5KNlNDWTlfYzhESnQtS1NqWlRVM1NDa2xaekI0WVhpMGtGUkVzLTFQUjdRbjRFUUFUNTB5VzJKQ1c3cVVLUWdpQk81cjNVZtIBqgFBVV95cUxNN0V0VGQ0S2Zjb1FHRkRFdE4xTEY1Z0Y5UUZSYnlBQjlmRnNkWXlVaGxnRXgwU295TWFPdGhsSkRhYmJyU0FEUmtHTlVSajEwSU1DVm02bEZldFZNTWxCTjV2YVp1ZE1DR1VwS09DRTFtbGMtdThzSUNVaUxaNE1zZlQ1MS1uZUIxMFhkUTJCSlRDRzZ3S0pQZUF1VVRjdDdCd1lTNjVkbnJxZw?oc=5"" target=""_blank"" class=""btn-link"">🔗 Abrir Noticia</a>",[🔗 Abrir Noticia](https://news.google.com/rss/articles/CBMipAFBVV95cUxNLUpPRVEweGEwTUtCckNQcUU3YU1fejFHRnc5Um8zWENFUHR1d3hBckVJNC03R3NRaTBKVlpVT2ttXzZLbUc3QlJheEhqNUg4eFNSVmdmLTQ2REhNTG5KNlNDWTlfYzhESnQtS1NqWlRVM1NDa2xaekI0WVhpMGtGUkVzLTFQUjdRbjRFUUFUNTB5VzJKQ1c3cVVLUWdpQk81cjNVZtIBqgFBVV95cUxNN0V0VGQ0S2Zjb1FHRkRFdE4xTEY1Z0Y5UUZSYnlBQjlmRnNkWXlVaGxnRXgwU295TWFPdGhsSkRhYmJyU0FEUmtHTlVSajEwSU1DVm02bEZldFZNTWxCTjV2YVp1ZE1DR1VwS09DRTFtbGMtdThzSUNVaUxaNE1zZlQ1MS1uZUIxMFhkUTJCSlRDRzZ3S0pQZUF1VVRjdDdCd1lTNjVkbnJxZw?oc=5),"Anabel Pantoja, en shock tras el accidente ferroviario de Adamuz: ""Venía en el tren justo de antes, Córdoba - Madrid"" Diario de Sevilla",de5cf8f15f75266198da1fbb0bad78430f513a04c43f290b0d433245cebeab07,2026-08-13 17:05:19
330,🟡 Pendiente (Verificar Noticia),2026-08-13,2026-08-13,elDiario.es,Un fallecido en un accidente entre dos camiones en la A-4 - elDiario.es,Montería (Casco Urbano / Sector en investigación),Montería (Casco Urbano / Sector en investigación),,Montería,No especificado,1,0,Baja (Centroide General Montería),8.7508,-75.8814,https://news.google.com/rss/articles/CBMioAFBVV95cUxQT1UtRjVvS3pNWlNJaWdwdlU5bGpGakhZOVB4MU93WjlieWF2V1p3Q0FOWUNwOFpoVWd2dHJ1QWdoaVpUN2JCcmswT0Nvbm03MDJMa05QZ1ZVU093bEVnX0FGUWNVR01wZFQyclhqeG1XNUlXcl9fSkQ5a1ZhbkZ5VEdiY1pyMjc0enZINHd0eDVIYjVTQk93bUdxZmZmejBf?oc=5,"<a href=""https://news.google.com/rss/articles/CBMioAFBVV95cUxQT1UtRjVvS3pNWlNJaWdwdlU5bGpGakhZOVB4MU93WjlieWF2V1p3Q0FOWUNwOFpoVWd2dHJ1QWdoaVpUN2JCcmswT0Nvbm03MDJMa05QZ1ZVU093bEVnX0FGUWNVR01wZFQyclhqeG1XNUlXcl9fSkQ5a1ZhbkZ5VEdiY1pyMjc0enZINHd0eDVIYjVTQk93bUdxZmZmejBf?oc=5"" target=""_blank"" class=""btn-link"">🔗 Abrir Noticia</a>",[🔗 Abrir Noticia](https://news.google.com/rss/articles/CBMioAFBVV95cUxQT1UtRjVvS3pNWlNJaWdwdlU5bGpGakhZOVB4MU93WjlieWF2V1p3Q0FOWUNwOFpoVWd2dHJ1QWdoaVpUN2JCcmswT0Nvbm03MDJMa05QZ1ZVU093bEVnX0FGUWNVR01wZFQyclhqeG1XNUlXcl9fSkQ5a1ZhbkZ5VEdiY1pyMjc0enZINHd0eDVIYjVTQk93bUdxZmZmejBf?oc=5),Un fallecido en un accidente entre dos camiones en la A-4 elDiario.es,5c187710008a14e0ac1b9da8df6d3de5c4b7f5c0c3ebee48376f1672c29506b4,2026-08-13 17:05:19
331,🟡 Pendiente (Verificar Noticia),2026-08-13,2026-08-13,Cadena SER,Las vidas truncadas del accidente de Adamuz - Cadena SER,Montería (Casco Urbano / Sector en investigación),Montería (Casco Urbano / Sector en investigación),,Montería,No especificado,0,0,Baja (Centroide General Montería),8.7508,-75.8814,https://news.google.com/rss/articles/CBMingFBVV95cUxPUjByVkdvTkZGWm9JSWY0RUNPV1ptRWIybFJ1MDJMT3NIWlVJNDVJczcwTWFwUEhGa3Q2dWdoanBXa2xqcjBSWTlBbXd5T1JRTXNQVXFiN1pSOUtacDZrQWlwQmlHREN2enpXdUZRSGdNajVUdXNrNTFyUnctVHVLM2FjSWJud0M2UlF4UW1BV2ZUSzYySkUteDBkQ1ZTUdIBsgFBVV95cUxQbHRzZFRva18wRUJqMXdXMmF2UVpYYld5Mk9jTERGaE8xRFVGa3Uwa3dRcEE5c09TYjZkbnZLNzEwZW5LWkxQb095NGxmWmlrUHFhQzVKS0o2QUtrUTBHTkh5OXQ1Tm9Ya2VwOWNER2h5bTVOQzZuZnN5UGR2dTYwZEFZS3RubzMyMHZubHQzTEYzdnVNRkxlbDJUWG93ZWtYNlVuV05fdnVvWTAzUlU3UmlB?oc=5,"<a href=""https://news.google.com/rss/articles/CBMingFBVV95cUxPUjByVkdvTkZGWm9JSWY0RUNPV1ptRWIybFJ1MDJMT3NIWlVJNDVJczcwTWFwUEhGa3Q2dWdoanBXa2xqcjBSWTlBbXd5T1JRTXNQVXFiN1pSOUtacDZrQWlwQmlHREN2enpXdUZRSGdNajVUdXNrNTFyUnctVHVLM2FjSWJud0M2UlF4UW1BV2ZUSzYySkUteDBkQ1ZTUdIBsgFBVV95cUxQbHRzZFRva18wRUJqMXdXMmF2UVpYYld5Mk9jTERGaE8xRFVGa3Uwa3dRcEE5c09TYjZkbnZLNzEwZW5LWkxQb095NGxmWmlrUHFhQzVKS0o2QUtrUTBHTkh5OXQ1Tm9Ya2VwOWNER2h5bTVOQzZuZnN5UGR2dTYwZEFZS3RubzMyMHZubHQzTEYzdnVNRkxlbDJUWG93ZWtYNlVuV05fdnVvWTAzUlU3UmlB?oc=5"" target=""_blank"" class=""btn-link"">🔗 Abrir Noticia</a>",[🔗 Abrir Noticia](https://news.google.com/rss/articles/CBMingFBVV95cUxPUjByVkdvTkZGWm9JSWY0RUNPV1ptRWIybFJ1MDJMT3NIWlVJNDVJczcwTWFwUEhGa3Q2dWdoanBXa2xqcjBSWTlBbXd5T1JRTXNQVXFiN1pSOUtacDZrQWlwQmlHREN2enpXdUZRSGdNajVUdXNrNTFyUnctVHVLM2FjSWJud0M2UlF4UW1BV2ZUSzYySkUteDBkQ1ZTUdIBsgFBVV95cUxQbHRzZFRva18wRUJqMXdXMmF2UVpYYld5Mk9jTERGaE8xRFVGa3Uwa3dRcEE5c09TYjZkbnZLNzEwZW5LWkxQb095NGxmWmlrUHFhQzVKS0o2QUtrUTBHTkh5OXQ1Tm9Ya2VwOWNER2h5bTVOQzZuZnN5UGR2dTYwZEFZS3RubzMyMHZubHQzTEYzdnVNRkxlbDJUWG93ZWtYNlVuV05fdnVvWTAzUlU3UmlB?oc=5),Las vidas truncadas del accidente de Adamuz Cadena SER,56b681fdeac599161edf24c3fd1e27e88aa4c96e0737847d495736d4e4e9052d,2026-08-13 17:05:19
332,🟡 Pendiente (Verificar Noticia),2026-08-13,2026-08-13,lavozdelsur.es,"El angustioso viaje de un padre para encontrar a su hijo tras el accidente de tren: ""No sabía si estaba vivo o muerto"" - lavozdelsur.es",Montería (Casco Urbano / Sector en investigación),Montería (Casco Urbano / Sector en investigación),,Montería,No especificado,1,0,Baja (Centroide General Montería),8.7508,-75.8814,https://news.google.com/rss/articles/CBMi4AFBVV95cUxPek53NU0yclVFcUQ3dVRxQlQ0NU1mdHR5eWRTSy1QNUJyam9ieWltVnJyaExad2o1UzJyZWdkTnJuZ2lZVmJFLTNXVmNLSkZQLXBNc3VtY0tGVk1yZzZ2NWlVNnZxUmwyNUhPSzRXNkhJc0dBX0ViemxuUm1ZTFlmTnN5RFBnVF9JY2h3YlhPbk9nb25ZMHBtTG5DUWF0SGJaVUdjSTBibmQwcFNwWDk2TFJLc244N0gxcW9ocjF0dUxZczJjb1k4ZVh2SFg1cmxXMTkzZ1VFODhoY0VDckM5VQ?oc=5,"<a href=""https://news.google.com/rss/articles/CBMi4AFBVV95cUxPek53NU0yclVFcUQ3dVRxQlQ0NU1mdHR5eWRTSy1QNUJyam9ieWltVnJyaExad2o1UzJyZWdkTnJuZ2lZVmJFLTNXVmNLSkZQLXBNc3VtY0tGVk1yZzZ2NWlVNnZxUmwyNUhPSzRXNkhJc0dBX0ViemxuUm1ZTFlmTnN5RFBnVF9JY2h3YlhPbk9nb25ZMHBtTG5DUWF0SGJaVUdjSTBibmQwcFNwWDk2TFJLc244N0gxcW9ocjF0dUxZczJjb1k4ZVh2SFg1cmxXMTkzZ1VFODhoY0VDckM5VQ?oc=5"" target=""_blank"" class=""btn-link"">🔗 Abrir Noticia</a>",[🔗 Abrir Noticia](https://news.google.com/rss/articles/CBMi4AFBVV95cUxPek53NU0yclVFcUQ3dVRxQlQ0NU1mdHR5eWRTSy1QNUJyam9ieWltVnJyaExad2o1UzJyZWdkTnJuZ2lZVmJFLTNXVmNLSkZQLXBNc3VtY0tGVk1yZzZ2NWlVNnZxUmwyNUhPSzRXNkhJc0dBX0ViemxuUm1ZTFlmTnN5RFBnVF9JY2h3YlhPbk9nb25ZMHBtTG5DUWF0SGJaVUdjSTBibmQwcFNwWDk2TFJLc244N0gxcW9ocjF0dUxZczJjb1k4ZVh2SFg1cmxXMTkzZ1VFODhoY0VDckM5VQ?oc=5),"El angustioso viaje de un padre para encontrar a su hijo tras el accidente de tren: ""No sabía si estaba vivo o muerto"" lavozdelsur.es",6fa047f651675fa0596592729cbfc0710cba04f446f45ee082846581d8e5697e,2026-08-13 17:05:19
333,🟡 Pendiente (Verificar Noticia),2026-08-13,2026-08-13,Elplural.com,Ascienden a 40 las personas fallecidas en el accidente de Adamuz (Córdoba) - Elplural.com,Montería (Casco Urbano / Sector en investigación),Montería (Casco Urbano / Sector en investigación),,Montería,No especificado,0,0,Baja (Centroide General Montería),8.7508,-75.8814,https://news.google.com/rss/articles/CBMiswFBVV95cUxPcGFzS1d5RExMNVFvMU45RjRTTkhveE1KaXNzaUdnQ3BNMFFrbmt4RUlwY0tyQjR0RHpjNERUclVxZDY0V3U3LWI0bE9yZm12V3dONFpRY2ZWcnplY1BlRDZ4dXl4VUVlSlkxVVhvYy1rLTBEYmxZalA3Tm5VcG5sN295R3NsOUZndDZsRktCN0NHYW1wWjdYdmZtMUxkUEpVTFNZLWIyTWRSLUxCQnU0elhXTdIBuAFBVV95cUxPUWNkbDFIYmg3NGNoS0wteGplMmVCSjZvS3VzTGV4dFp6bjEyR1daZ3dCVE1sWEpmQWQyd01HQ2xCNlhnTnZFV1BVakp5RjlmdTN4dWtMWU9xUWR0SE42bWFyMTV3RElVRjJJRVlzeUs5bDI3QUV2RDdCbTcxeWE3c1UwdmhtR041Y0FzenM1bnBreUxSc1pjcHpfdkJTcWFtV2ZwazZUMHlnem5jX3Y2d1ljOEQzYXNO?oc=5,"<a href=""https://news.google.com/rss/articles/CBMiswFBVV95cUxPcGFzS1d5RExMNVFvMU45RjRTTkhveE1KaXNzaUdnQ3BNMFFrbmt4RUlwY0tyQjR0RHpjNERUclVxZDY0V3U3LWI0bE9yZm12V3dONFpRY2ZWcnplY1BlRDZ4dXl4VUVlSlkxVVhvYy1rLTBEYmxZalA3Tm5VcG5sN295R3NsOUZndDZsRktCN0NHYW1wWjdYdmZtMUxkUEpVTFNZLWIyTWRSLUxCQnU0elhXTdIBuAFBVV95cUxPUWNkbDFIYmg3NGNoS0wteGplMmVCSjZvS3VzTGV4dFp6bjEyR1daZ3dCVE1sWEpmQWQyd01HQ2xCNlhnTnZFV1BVakp5RjlmdTN4dWtMWU9xUWR0SE42bWFyMTV3RElVRjJJRVlzeUs5bDI3QUV2RDdCbTcxeWE3c1UwdmhtR041Y0FzenM1bnBreUxSc1pjcHpfdkJTcWFtV2ZwazZUMHlnem5jX3Y2d1ljOEQzYXNO?oc=5"" target=""_blank"" class=""btn-link"">🔗 Abrir Noticia</a>",[🔗 Abrir Noticia](https://news.google.com/rss/articles/CBMiswFBVV95cUxPcGFzS1d5RExMNVFvMU45RjRTTkhveE1KaXNzaUdnQ3BNMFFrbmt4RUlwY0tyQjR0RHpjNERUclVxZDY0V3U3LWI0bE9yZm12V3dONFpRY2ZWcnplY1BlRDZ4dXl4VUVlSlkxVVhvYy1rLTBEYmxZalA3Tm5VcG5sN295R3NsOUZndDZsRktCN0NHYW1wWjdYdmZtMUxkUEpVTFNZLWIyTWRSLUxCQnU0elhXTdIBuAFBVV95cUxPUWNkbDFIYmg3NGNoS0wteGplMmVCSjZvS3VzTGV4dFp6bjEyR1daZ3dCVE1sWEpmQWQyd01HQ2xCNlhnTnZFV1BVakp5RjlmdTN4dWtMWU9xUWR0SE42bWFyMTV3RElVRjJJRVlzeUs5bDI3QUV2RDdCbTcxeWE3c1UwdmhtR041Y0FzenM1bnBreUxSc1pjcHpfdkJTcWFtV2ZwazZUMHlnem5jX3Y2d1ljOEQzYXNO?oc=5),Ascienden a 40 las personas fallecidas en el accidente de Adamuz (Córdoba) Elplural.com,e0432b354eaff06dcddafb33e6fdf677eba91e879de6f066a5b0936df6fc6cd4,2026-08-13 17:05:19
334,🟡 Pendiente (Verificar Noticia),2026-08-13,2026-08-13,lavozdelsur.es,"El carril de la vía en Adamuz que habría causado el accidente llevaba 22 horas roto, según el último informe - lavozdelsur.es",Montería (Casco Urbano / Sector en investigación),Montería (Casco Urbano / Sector en investigación),,Montería,No especificado,0,0,Baja (Centroide General Montería),8.7508,-75.8814,https://news.google.com/rss/articles/CBMi4wFBVV95cUxQS3hYUFlENjB2aTl5ckNiWU1yYW5VRW9wYXQ0QUdPWnNRSWJQbmFST3E1Qi10NjhOX09YcWVSWFVXWkxreFREZnQ0cDd3aHhDUkRqZmlTYVF0dW1mQjQ5cGhNOENLOEp5RGsxcXgxcUFTS1lnVmJKU25VRE45cExLYXoxdk1EeW5Ba1AwM0xUeFphYWo1VzExZ3ZlUmYzbHFDWmpOT3ZrcXFXZjRsNWdMSnViUkhLeWpLaTdLSnk3UHhkVjEzZFJzdGlYekd4THp6RlF0Y0dVdUFmNUgwYl9JRTF5dw?oc=5,"<a href=""https://news.google.com/rss/articles/CBMi4wFBVV95cUxQS3hYUFlENjB2aTl5ckNiWU1yYW5VRW9wYXQ0QUdPWnNRSWJQbmFST3E1Qi10NjhOX09YcWVSWFVXWkxreFREZnQ0cDd3aHhDUkRqZmlTYVF0dW1mQjQ5cGhNOENLOEp5RGsxcXgxcUFTS1lnVmJKU25VRE45cExLYXoxdk1EeW5Ba1AwM0xUeFphYWo1VzExZ3ZlUmYzbHFDWmpOT3ZrcXFXZjRsNWdMSnViUkhLeWpLaTdLSnk3UHhkVjEzZFJzdGlYekd4THp6RlF0Y0dVdUFmNUgwYl9JRTF5dw?oc=5"" target=""_blank"" class=""btn-link"">🔗 Abrir Noticia</a>",[🔗 Abrir Noticia](https://news.google.com/rss/articles/CBMi4wFBVV95cUxQS3hYUFlENjB2aTl5ckNiWU1yYW5VRW9wYXQ0QUdPWnNRSWJQbmFST3E1Qi10NjhOX09YcWVSWFVXWkxreFREZnQ0cDd3aHhDUkRqZmlTYVF0dW1mQjQ5cGhNOENLOEp5RGsxcXgxcUFTS1lnVmJKU25VRE45cExLYXoxdk1EeW5Ba1AwM0xUeFphYWo1VzExZ3ZlUmYzbHFDWmpOT3ZrcXFXZjRsNWdMSnViUkhLeWpLaTdLSnk3UHhkVjEzZFJzdGlYekd4THp6RlF0Y0dVdUFmNUgwYl9JRTF5dw?oc=5),"El carril de la vía en Adamuz que habría causado el accidente llevaba 22 horas roto, según el último informe lavozdelsur.es",4dcc5363b00cd45b41cdf579f2b997d8a79bc9e473df2c9ae9d77b66fe050812,2026-08-13 17:05:19
335,🟡 Pendiente (Verificar Noticia),2026-08-13,2026-08-13,Elplural.com,"Puente desmonta a Feijóo ante sus palabras sobre el accidente ferroviario de Angrois: ""Otra mentira"" - Elplural.com",Montería (Casco Urbano / Sector en investigación),Montería (Casco Urbano / Sector en investigación),,Montería,No especificado,0,0,Baja (Centroide General Montería),8.7508,-75.8814,https://news.google.com/rss/articles/CBMivAFBVV95cUxPX3ZzTDU5NmthaUQyZFZLNk9IbzBmSDlfUzVzWm80UG5JZkJvOFYweFZBU3lZRXhRQWtEZ01kTlVDRmxrcE5oT0RqMGU5aXBqRmROSFpqYnV2NVVtNWpWNk5CbXczQVdueU40ZU5jU09sWG02VUUxZE9sb3g1TWpsbFFrZkoyNld5TWtob1ZZTFowOV9VdW5hYmNwUUN2cElma01ITVZnNG84N0l5cDFzaUhYbktGazU5TlQ2b9IBwgFBVV95cUxQQXR4VFQ3U3hmU3VVczFScUk2eFo4R2x1b1VXaEhGUFdFUnNJLXVTUFNPY01Lel9sMkxQWVE3VFl6b3JqbkpDTVNCcmVUQ2hQSUY0WFdaOEQtcEVheVItSEhYd28tMjVUU3RJRkl5a0U1SUQ3UDdHTHlLbk45S2F4clFzQk1yd2FEbDJvWUxLOWk3dEVFMWZ2cnVwRzBaRXVQajFXZGRQQm5JZkRzanFiMXlhM1Nsb3RkNG9GSzZtZktlZw?oc=5,"<a href=""https://news.google.com/rss/articles/CBMivAFBVV95cUxPX3ZzTDU5NmthaUQyZFZLNk9IbzBmSDlfUzVzWm80UG5JZkJvOFYweFZBU3lZRXhRQWtEZ01kTlVDRmxrcE5oT0RqMGU5aXBqRmROSFpqYnV2NVVtNWpWNk5CbXczQVdueU40ZU5jU09sWG02VUUxZE9sb3g1TWpsbFFrZkoyNld5TWtob1ZZTFowOV9VdW5hYmNwUUN2cElma01ITVZnNG84N0l5cDFzaUhYbktGazU5TlQ2b9IBwgFBVV95cUxQQXR4VFQ3U3hmU3VVczFScUk2eFo4R2x1b1VXaEhGUFdFUnNJLXVTUFNPY01Lel9sMkxQWVE3VFl6b3JqbkpDTVNCcmVUQ2hQSUY0WFdaOEQtcEVheVItSEhYd28tMjVUU3RJRkl5a0U1SUQ3UDdHTHlLbk45S2F4clFzQk1yd2FEbDJvWUxLOWk3dEVFMWZ2cnVwRzBaRXVQajFXZGRQQm5JZkRzanFiMXlhM1Nsb3RkNG9GSzZtZktlZw?oc=5"" target=""_blank"" class=""btn-link"">🔗 Abrir Noticia</a>",[🔗 Abrir Noticia](https://news.google.com/rss/articles/CBMivAFBVV95cUxPX3ZzTDU5NmthaUQyZFZLNk9IbzBmSDlfUzVzWm80UG5JZkJvOFYweFZBU3lZRXhRQWtEZ01kTlVDRmxrcE5oT0RqMGU5aXBqRmROSFpqYnV2NVVtNWpWNk5CbXczQVdueU40ZU5jU09sWG02VUUxZE9sb3g1TWpsbFFrZkoyNld5TWtob1ZZTFowOV9VdW5hYmNwUUN2cElma01ITVZnNG84N0l5cDFzaUhYbktGazU5TlQ2b9IBwgFBVV95cUxQQXR4VFQ3U3hmU3VVczFScUk2eFo4R2x1b1VXaEhGUFdFUnNJLXVTUFNPY01Lel9sMkxQWVE3VFl6b3JqbkpDTVNCcmVUQ2hQSUY0WFdaOEQtcEVheVItSEhYd28tMjVUU3RJRkl5a0U1SUQ3UDdHTHlLbk45S2F4clFzQk1yd2FEbDJvWUxLOWk3dEVFMWZ2cnVwRzBaRXVQajFXZGRQQm5JZkRzanFiMXlhM1Nsb3RkNG9GSzZtZktlZw?oc=5),"Puente desmonta a Feijóo ante sus palabras sobre el accidente ferroviario de Angrois: ""Otra mentira"" Elplural.com",561dd2aa45c33d53216c848404be875c3d9d735a20565eb4044922a589b503f2,2026-08-13 17:05:19
336,🟡 Pendiente (Verificar Noticia),2026-08-13,2026-08-13,Jerez Sin Fronteras,Un motorista de 68 años fallece en un trágico accidente en Córdoba - Jerez Sin Fronteras,Montería (Casco Urbano / Sector en investigación),Montería (Casco Urbano / Sector en investigación),,Montería,No especificado,0,0,Baja (Centroide General Montería),8.7508,-75.8814,https://news.google.com/rss/articles/CBMidkFVX3lxTE43emI3NVF2eHVZVHJHb05vVl9JR0phT3RKUVZKcU9GUEJnclU3NXhKMERTa1VNbFdRbU5OekhuY2tQMVB1dG84TXA1SGdweUI1YmQxa1Fod1kyYTQ2b1N2aG1SSEQ2ci1yVkFXUFJWQ2dyaUFDSEE?oc=5,"<a href=""https://news.google.com/rss/articles/CBMidkFVX3lxTE43emI3NVF2eHVZVHJHb05vVl9JR0phT3RKUVZKcU9GUEJnclU3NXhKMERTa1VNbFdRbU5OekhuY2tQMVB1dG84TXA1SGdweUI1YmQxa1Fod1kyYTQ2b1N2aG1SSEQ2ci1yVkFXUFJWQ2dyaUFDSEE?oc=5"" target=""_blank"" class=""btn-link"">🔗 Abrir Noticia</a>",[🔗 Abrir Noticia](https://news.google.com/rss/articles/CBMidkFVX3lxTE43emI3NVF2eHVZVHJHb05vVl9JR0phT3RKUVZKcU9GUEJnclU3NXhKMERTa1VNbFdRbU5OekhuY2tQMVB1dG84TXA1SGdweUI1YmQxa1Fod1kyYTQ2b1N2aG1SSEQ2ci1yVkFXUFJWQ2dyaUFDSEE?oc=5),Un motorista de 68 años fallece en un trágico accidente en Córdoba Jerez Sin Fronteras,7c34b040308054c503d9b53e19df6d501b0b030b1cbe045d33c08e28a46f38d1,2026-08-13 17:05:19
337,🟡 Pendiente (Verificar Noticia),2026-08-13,2026-08-13,Jerez Sin Fronteras,Luto en el campo andaluz tras un mortal accidente de tractor en Córdoba - Jerez Sin Fronteras,Montería (Casco Urbano / Sector en investigación),Montería (Casco Urbano / Sector en investigación),,Montería,No especificado,0,0,Baja (Centroide General Montería),8.7508,-75.8814,https://news.google.com/rss/articles/CBMiakFVX3lxTE56dl9FajNCZVM1OUlOMnVUUkU3QmtfQUk5TlRBeHZlSzk5amJMM3FzTi1aa01KQXNEa0k2WnJWVDVTaTdMMUhuZEMxS1hJSlNRQjU3ZHRUaGRBYUx3STNhS1VTOE1fd0hrTlE?oc=5,"<a href=""https://news.google.com/rss/articles/CBMiakFVX3lxTE56dl9FajNCZVM1OUlOMnVUUkU3QmtfQUk5TlRBeHZlSzk5amJMM3FzTi1aa01KQXNEa0k2WnJWVDVTaTdMMUhuZEMxS1hJSlNRQjU3ZHRUaGRBYUx3STNhS1VTOE1fd0hrTlE?oc=5"" target=""_blank"" class=""btn-link"">🔗 Abrir Noticia</a>",[🔗 Abrir Noticia](https://news.google.com/rss/articles/CBMiakFVX3lxTE56dl9FajNCZVM1OUlOMnVUUkU3QmtfQUk5TlRBeHZlSzk5amJMM3FzTi1aa01KQXNEa0k2WnJWVDVTaTdMMUhuZEMxS1hJSlNRQjU3ZHRUaGRBYUx3STNhS1VTOE1fd0hrTlE?oc=5),Luto en el campo andaluz tras un mortal accidente de tractor en Córdoba Jerez Sin Fronteras,bfd62f5a4005ed5bbd8e1425dc68fd7c691159bf62312a46230185b7b5391227,2026-08-13 17:05:19
338,🟡 Pendiente (Verificar Noticia),2026-08-13,2026-08-13,Jerez Sin Fronteras,Un accidente de tráfico en Córdoba deja una víctima mortal - Jerez Sin Fronteras,Montería (Casco Urbano / Sector en investigación),Montería (Casco Urbano / Sector en investigación),,Montería,No especificado,1,0,Baja (Centroide General Montería),8.7508,-75.8814,https://news.google.com/rss/articles/CBMiggFBVV95cUxNeXhSMkFiNE01S2lkQnFFTVo0QmlUMzc0VUZ2NDFkc0pYclBkTmZLNi1URVFsWXN2bFg4SFFOVktqY0NnNHh4QWZlcll2cHJuSnpkdEprczA5UGlZZTNBeEY0WlRxN1pXblJqbDBoWU42aXF3bTRrdDRFNEQ5Mko1ZUl3?oc=5,"<a href=""https://news.google.com/rss/articles/CBMiggFBVV95cUxNeXhSMkFiNE01S2lkQnFFTVo0QmlUMzc0VUZ2NDFkc0pYclBkTmZLNi1URVFsWXN2bFg4SFFOVktqY0NnNHh4QWZlcll2cHJuSnpkdEprczA5UGlZZTNBeEY0WlRxN1pXblJqbDBoWU42aXF3bTRrdDRFNEQ5Mko1ZUl3?oc=5"" target=""_blank"" class=""btn-link"">🔗 Abrir Noticia</a>",[🔗 Abrir Noticia](https://news.google.com/rss/articles/CBMiggFBVV95cUxNeXhSMkFiNE01S2lkQnFFTVo0QmlUMzc0VUZ2NDFkc0pYclBkTmZLNi1URVFsWXN2bFg4SFFOVktqY0NnNHh4QWZlcll2cHJuSnpkdEprczA5UGlZZTNBeEY0WlRxN1pXblJqbDBoWU42aXF3bTRrdDRFNEQ5Mko1ZUl3?oc=5),Un accidente de tráfico en Córdoba deja una víctima mortal Jerez Sin Fronteras,9678d436d192adbca7554ea927d36b28518035fb851e28c1ea482efb13129f8e,2026-08-13 17:05:19
